{"type":"FeatureCollection","features":[{"type":"Feature","geometry":{"type":"Polygon","coordinates":[[[-75.595176,1.393788],[-75.595085,1.393774],[-75.594963,1.393763],[-75.59484,1.393759],[-75.594717,1.393762],[-75.594594,1.393772],[-75.594472,1.393788],[-75.594351,1.393812],[-75.594232,1.393842],[-75.594115,1.393878],[-75.593999,1.393921],[-75.593887,1.393971],[-75.593782,1.394017],[-75.593773,1.394021],[-75.593675,1.394059],[-75.593566,1.394095],[-75.593456,1.394126],[-75.593344,1.394152],[-75.593241,1.394169],[-75.593137,1.394181],[-75.593033,1.394186],[-75.592928,1.394184],[-75.592824,1.394176],[-75.59272,1.394161],[-75.592618,1.39414],[-75.592517,1.394113],[-75.592418,1.394079],[-75.592321,1.394039],[-75.592227,1.393994],[-75.592135,1.393942],[-75.592044,1.393883],[-75.591956,1.393818],[-75.591872,1.393748],[-75.591793,1.393673],[-75.591719,1.393594],[-75.591649,1.39351],[-75.591584,1.393422],[-75.591525,1.39333],[-75.591472,1.393235],[-75.591424,1.393137],[-75.591383,1.393036],[-75.591347,1.392933],[-75.591318,1.392828],[-75.591295,1.392722],[-75.591279,1.392614],[-75.591269,1.392505],[-75.59125,1.392181],[-75.591228,1.392086],[-75.591213,1.391989],[-75.591204,1.391891],[-75.591202,1.391792],[-75.591206,1.391694],[-75.591217,1.391597],[-75.591234,1.3915],[-75.591258,1.391405],[-75.591288,1.391311],[-75.591291,1.391305],[-75.591325,1.39122],[-75.591367,1.391131],[-75.591415,1.391045],[-75.591469,1.390963],[-75.591945,1.390287],[-75.592065,1.39016],[-75.592181,1.390028],[-75.592292,1.389892],[-75.592398,1.389753],[-75.5925,1.38961],[-75.592597,1.389464],[-75.592689,1.389315],[-75.592776,1.389163],[-75.592858,1.389008],[-75.592935,1.38885],[-75.592981,1.388745],[-75.59302,1.388638],[-75.593054,1.388528],[-75.593083,1.388417],[-75.593105,1.388305],[-75.593121,1.388192],[-75.59313,1.388078],[-75.593134,1.387963],[-75.593132,1.387849],[-75.593123,1.387734],[-75.593108,1.387621],[-75.593087,1.387508],[-75.59306,1.387369],[-75.593038,1.38723],[-75.593021,1.387089],[-75.593006,1.386983],[-75.592985,1.386878],[-75.592958,1.386774],[-75.592925,1.386672],[-75.592886,1.386572],[-75.592841,1.386475],[-75.59279,1.386381],[-75.592734,1.386289],[-75.592675,1.386206],[-75.592672,1.386202],[-75.592605,1.386118],[-75.592533,1.386038],[-75.592457,1.385963],[-75.592376,1.385892],[-75.592291,1.385827],[-75.592202,1.385766],[-75.592085,1.385695],[-75.591964,1.38563],[-75.59184,1.385571],[-75.591714,1.385518],[-75.591585,1.38547],[-75.591454,1.385429],[-75.591321,1.385395],[-75.591187,1.385367],[-75.591052,1.385345],[-75.590928,1.385331],[-75.590915,1.38533],[-75.590778,1.385321],[-75.590641,1.385319],[-75.590346,1.385319],[-75.590051,1.385313],[-75.589756,1.3853],[-75.589691,1.385293],[-75.589628,1.38528],[-75.589566,1.385259],[-75.589507,1.385232],[-75.589451,1.385199],[-75.589399,1.385161],[-75.589351,1.385117],[-75.589308,1.385068],[-75.589271,1.385015],[-75.589243,1.384964],[-75.589221,1.384911],[-75.589205,1.384856],[-75.589195,1.3848],[-75.589191,1.384743],[-75.589193,1.384686],[-75.589202,1.384629],[-75.589217,1.384574],[-75.589238,1.38452],[-75.589265,1.384469],[-75.589297,1.384422],[-75.589334,1.384378],[-75.589375,1.384339],[-75.589472,1.384261],[-75.589572,1.384187],[-75.589675,1.384117],[-75.589781,1.384053],[-75.58989,1.383993],[-75.590002,1.383938],[-75.590116,1.383888],[-75.590232,1.383844],[-75.590752,1.383654],[-75.591269,1.383457],[-75.591783,1.383254],[-75.591893,1.383206],[-75.592,1.383153],[-75.592104,1.383094],[-75.592205,1.383029],[-75.592302,1.382959],[-75.592395,1.382884],[-75.592484,1.382804],[-75.592568,1.382719],[-75.592648,1.38263],[-75.592723,1.382537],[-75.592793,1.38244],[-75.592857,1.382339],[-75.592916,1.382235],[-75.592973,1.382122],[-75.593023,1.382006],[-75.593058,1.381914],[-75.593068,1.381888],[-75.593107,1.381767],[-75.59314,1.381645],[-75.593167,1.381521],[-75.593188,1.381396],[-75.593202,1.38127],[-75.59321,1.381144],[-75.593211,1.381017],[-75.593208,1.380879],[-75.593201,1.380741],[-75.593193,1.380647],[-75.593178,1.380554],[-75.593157,1.380463],[-75.59313,1.380373],[-75.593097,1.380285],[-75.593058,1.380199],[-75.593014,1.380116],[-75.592964,1.380037],[-75.592839,1.379849],[-75.59272,1.379657],[-75.592606,1.379463],[-75.592497,1.379266],[-75.592392,1.379066],[-75.592349,1.378973],[-75.592311,1.378878],[-75.592311,1.378878],[-75.592278,1.37878],[-75.592251,1.378681],[-75.592229,1.37858],[-75.592214,1.378479],[-75.592204,1.378377],[-75.5922,1.378274],[-75.592202,1.378171],[-75.592209,1.378096],[-75.592222,1.378022],[-75.592242,1.37795],[-75.592267,1.377879],[-75.592299,1.377811],[-75.592336,1.377745],[-75.592378,1.377683],[-75.592426,1.377625],[-75.592479,1.377572],[-75.592536,1.377522],[-75.592597,1.377478],[-75.592661,1.37744],[-75.592729,1.377406],[-75.592799,1.377379],[-75.592871,1.377358],[-75.592944,1.377343],[-75.593167,1.377311],[-75.593391,1.377287],[-75.593615,1.377269],[-75.593839,1.377258],[-75.593954,1.37725],[-75.594069,1.377237],[-75.594182,1.377218],[-75.594294,1.377192],[-75.594405,1.37716],[-75.594463,1.37714],[-75.594616,1.377306],[-75.595629,1.378405],[-75.596301,1.378346],[-75.597356,1.378722],[-75.597926,1.379483],[-75.598351,1.380795],[-75.598596,1.382008],[-75.5986,1.382258],[-75.598803,1.383065],[-75.599214,1.383664],[-75.599752,1.383825],[-75.601004,1.384139],[-75.60197,1.384537],[-75.602685,1.385023],[-75.603832,1.385674],[-75.604898,1.386142],[-75.60547,1.38639],[-75.605896,1.386532],[-75.606672,1.386788],[-75.607032,1.386994],[-75.607229,1.387588],[-75.607219,1.388259],[-75.607493,1.388595],[-75.607726,1.389001],[-75.607647,1.389629],[-75.607411,1.390154],[-75.607418,1.390606],[-75.607542,1.391099],[-75.607423,1.391571],[-75.607416,1.392014],[-75.607596,1.39235],[-75.607654,1.392395],[-75.607967,1.392792],[-75.608392,1.393304],[-75.608669,1.393556],[-75.609407,1.394227],[-75.610692,1.395522],[-75.611654,1.396709],[-75.612527,1.397822],[-75.613199,1.39795],[-75.613945,1.397712],[-75.614365,1.397498],[-75.61454,1.397346],[-75.614768,1.397073],[-75.615528,1.396891],[-75.616275,1.396749],[-75.61705,1.397053],[-75.617874,1.396747],[-75.619018,1.396443],[-75.618412,1.396813],[-75.619145,1.39869],[-75.619209,1.400785],[-75.618818,1.402483],[-75.618851,1.402691],[-75.61817,1.404008],[-75.618148,1.405147],[-75.618659,1.40652],[-75.619415,1.40783],[-75.619925,1.408822],[-75.619518,1.409558],[-75.618421,1.410195],[-75.617742,1.410463],[-75.616822,1.410387],[-75.615799,1.410278],[-75.614629,1.410337],[-75.61481,1.411293],[-75.615713,1.412387],[-75.616125,1.413082],[-75.616136,1.413079],[-75.61614,1.413567],[-75.614287,1.415577],[-75.612769,1.416942],[-75.611783,1.418445],[-75.610778,1.419775],[-75.609302,1.420974],[-75.60814,1.422057],[-75.60772,1.422751],[-75.607358,1.423403],[-75.606903,1.424223],[-75.606835,1.424168],[-75.606759,1.424096],[-75.606687,1.424019],[-75.60662,1.423938],[-75.606558,1.423853],[-75.606502,1.423764],[-75.606452,1.423672],[-75.606408,1.423577],[-75.606369,1.423479],[-75.606338,1.423379],[-75.606312,1.423277],[-75.606293,1.423174],[-75.606258,1.422936],[-75.606275,1.422866],[-75.606286,1.422794],[-75.60629,1.422722],[-75.606287,1.42265],[-75.606277,1.422578],[-75.606261,1.422508],[-75.606237,1.422439],[-75.606207,1.422374],[-75.606171,1.422311],[-75.606129,1.422252],[-75.606082,1.422197],[-75.606029,1.422148],[-75.606015,1.422136],[-75.605972,1.422103],[-75.605877,1.42204],[-75.605779,1.421982],[-75.605678,1.42193],[-75.605574,1.421883],[-75.605468,1.421841],[-75.60536,1.421806],[-75.60525,1.421776],[-75.605139,1.421752],[-75.605026,1.421734],[-75.604913,1.421722],[-75.604604,1.421699],[-75.604534,1.421677],[-75.604463,1.421661],[-75.60439,1.421651],[-75.604317,1.421647],[-75.604244,1.421648],[-75.604171,1.421656],[-75.6041,1.42167],[-75.604029,1.42169],[-75.60396,1.421715],[-75.603894,1.421746],[-75.603831,1.421782],[-75.603659,1.421893],[-75.603491,1.422009],[-75.603327,1.422131],[-75.603166,1.422257],[-75.60301,1.422389],[-75.60287,1.422505],[-75.602727,1.422615],[-75.602579,1.42272],[-75.602427,1.422819],[-75.602305,1.422893],[-75.602272,1.422912],[-75.602113,1.422999],[-75.601951,1.423079],[-75.601786,1.423154],[-75.601618,1.423222],[-75.601533,1.42325],[-75.601446,1.423272],[-75.601357,1.423287],[-75.601268,1.423294],[-75.601178,1.423295],[-75.601089,1.423288],[-75.601,1.423274],[-75.600913,1.423253],[-75.600828,1.423226],[-75.600745,1.423191],[-75.600665,1.42315],[-75.600589,1.423103],[-75.600517,1.42305],[-75.600449,1.422992],[-75.600386,1.422928],[-75.600328,1.422859],[-75.600276,1.422786],[-75.60023,1.422709],[-75.60019,1.422629],[-75.600157,1.422546],[-75.60013,1.42246],[-75.600107,1.422363],[-75.60009,1.422264],[-75.600078,1.422165],[-75.600072,1.422066],[-75.600071,1.421966],[-75.600076,1.421866],[-75.600086,1.421766],[-75.600102,1.421668],[-75.600143,1.421463],[-75.60019,1.42126],[-75.600242,1.421057],[-75.600298,1.420856],[-75.600359,1.420657],[-75.600426,1.420459],[-75.600506,1.420219],[-75.600543,1.4201],[-75.600581,1.419977],[-75.600651,1.419734],[-75.600715,1.419489],[-75.600773,1.419242],[-75.600826,1.418995],[-75.600873,1.418746],[-75.60096,1.418272],[-75.601052,1.417799],[-75.601149,1.417328],[-75.601175,1.417188],[-75.601195,1.417047],[-75.601207,1.416906],[-75.601214,1.416764],[-75.601213,1.416622],[-75.601206,1.416481],[-75.601168,1.415967],[-75.601151,1.415888],[-75.601141,1.415809],[-75.601137,1.415729],[-75.601139,1.415649],[-75.601147,1.41557],[-75.601162,1.415491],[-75.601182,1.415414],[-75.601209,1.415339],[-75.601241,1.415266],[-75.60128,1.415195],[-75.601323,1.415128],[-75.601372,1.415065],[-75.601425,1.415005],[-75.601524,1.414898],[-75.601618,1.414786],[-75.601707,1.414669],[-75.60179,1.414548],[-75.601866,1.414423],[-75.601937,1.414295],[-75.602001,1.414163],[-75.602059,1.414029],[-75.60211,1.413892],[-75.602137,1.413803],[-75.602158,1.413713],[-75.602171,1.413622],[-75.602178,1.41353],[-75.602179,1.413438],[-75.602172,1.413346],[-75.602159,1.413255],[-75.602139,1.413165],[-75.602113,1.413076],[-75.60208,1.41299],[-75.602041,1.412906],[-75.601996,1.412826],[-75.60191,1.412679],[-75.60183,1.412529],[-75.601756,1.412376],[-75.601687,1.412221],[-75.601625,1.412063],[-75.601568,1.411902],[-75.601532,1.411787],[-75.601503,1.411669],[-75.60148,1.41155],[-75.601463,1.411431],[-75.601452,1.41131],[-75.601448,1.411189],[-75.60145,1.411068],[-75.601458,1.410947],[-75.601472,1.410827],[-75.601501,1.410657],[-75.601536,1.410487],[-75.601577,1.41032],[-75.601625,1.410154],[-75.601679,1.409989],[-75.601739,1.409828],[-75.601778,1.409719],[-75.601811,1.409608],[-75.601838,1.409496],[-75.601858,1.409382],[-75.601872,1.409268],[-75.601879,1.409153],[-75.601879,1.409037],[-75.601873,1.408922],[-75.60186,1.408807],[-75.601841,1.408693],[-75.601815,1.408581],[-75.601758,1.408373],[-75.601737,1.408302],[-75.601696,1.408167],[-75.601628,1.407962],[-75.601554,1.40776],[-75.601475,1.40756],[-75.601391,1.407361],[-75.601301,1.407166],[-75.601206,1.406972],[-75.60119,1.406941],[-75.60093,1.40643],[-75.600811,1.406051],[-75.600686,1.405674],[-75.600554,1.405299],[-75.600416,1.404926],[-75.600181,1.404312],[-75.599943,1.4037],[-75.599891,1.403568],[-75.599702,1.403089],[-75.59953,1.402648],[-75.599364,1.402205],[-75.599204,1.401759],[-75.59905,1.401311],[-75.598903,1.400862],[-75.598322,1.399053],[-75.597951,1.397978],[-75.597882,1.397721],[-75.597807,1.397466],[-75.597725,1.397214],[-75.597636,1.396963],[-75.597541,1.396715],[-75.59744,1.396469],[-75.597332,1.396227],[-75.597066,1.395646],[-75.597038,1.395521],[-75.597004,1.395398],[-75.596963,1.395276],[-75.596916,1.395158],[-75.596862,1.395041],[-75.596802,1.394929],[-75.596736,1.394819],[-75.596664,1.394713],[-75.596586,1.394612],[-75.596503,1.394515],[-75.596414,1.394422],[-75.596332,1.394345],[-75.596321,1.394335],[-75.596223,1.394252],[-75.59612,1.394176],[-75.596014,1.394104],[-75.595904,1.394039],[-75.59579,1.39398],[-75.595678,1.39393],[-75.595563,1.393886],[-75.595446,1.393848],[-75.595327,1.393817],[-75.595207,1.393792],[-75.595176,1.393788]]]},"properties":{"nombre_ver":"LA RAYA","codigo_ver":"18479020","nomb_mpio":"MORELIA","nom_dep":"CAQUETÁ","area_ha":762.64,"meta_ae":661,"meta_fb":124,"anio":2028}},{"type":"Feature","geometry":{"type":"Polygon","coordinates":[[[-75.61521,1.435077],[-75.615215,1.43504],[-75.615242,1.434896],[-75.615276,1.434754],[-75.615315,1.43459],[-75.615347,1.434425],[-75.615372,1.434258],[-75.61539,1.434091],[-75.615401,1.433923],[-75.615405,1.433754],[-75.615405,1.433426],[-75.615401,1.433329],[-75.615391,1.433233],[-75.615374,1.433137],[-75.615352,1.433043],[-75.615323,1.432951],[-75.615288,1.43286],[-75.615286,1.432856],[-75.615285,1.432854],[-75.615247,1.432773],[-75.615201,1.432688],[-75.615149,1.432606],[-75.615091,1.432528],[-75.615029,1.432454],[-75.614962,1.432384],[-75.614887,1.432306],[-75.614816,1.432224],[-75.614751,1.432138],[-75.61469,1.432048],[-75.614635,1.431954],[-75.614585,1.431858],[-75.614542,1.431759],[-75.614504,1.431658],[-75.614472,1.431554],[-75.614464,1.431525],[-75.614446,1.431449],[-75.614426,1.431343],[-75.614416,1.431263],[-75.614412,1.431235],[-75.614405,1.431127],[-75.614386,1.430619],[-75.614383,1.430538],[-75.614359,1.430495],[-75.61434,1.43045],[-75.614327,1.430403],[-75.614319,1.430354],[-75.614318,1.430305],[-75.614322,1.430255],[-75.614332,1.430207],[-75.614348,1.430161],[-75.614369,1.430116],[-75.614395,1.430074],[-75.614493,1.429945],[-75.614595,1.429819],[-75.614675,1.429728],[-75.614685,1.429717],[-75.614702,1.429698],[-75.614814,1.42958],[-75.614931,1.429468],[-75.614997,1.42941],[-75.615068,1.429357],[-75.615142,1.42931],[-75.615165,1.429297],[-75.61517,1.429295],[-75.615219,1.429268],[-75.615299,1.429231],[-75.615382,1.429201],[-75.615466,1.429176],[-75.615552,1.429157],[-75.615638,1.429145],[-75.615639,1.429145],[-75.615639,1.429145],[-75.615727,1.429139],[-75.615815,1.429139],[-75.615903,1.429146],[-75.61599,1.429158],[-75.616344,1.429223],[-75.617286,1.429396],[-75.617426,1.429419],[-75.617567,1.429436],[-75.617709,1.429448],[-75.617751,1.42945],[-75.617767,1.42945],[-75.617851,1.429454],[-75.617992,1.429454],[-75.618134,1.429448],[-75.618276,1.429437],[-75.618417,1.42942],[-75.618464,1.42941],[-75.61851,1.429394],[-75.618553,1.429372],[-75.618594,1.429345],[-75.61863,1.429313],[-75.618662,1.429276],[-75.618689,1.429236],[-75.61871,1.429192],[-75.618726,1.429146],[-75.618766,1.429006],[-75.618809,1.428868],[-75.618857,1.42873],[-75.618877,1.428664],[-75.61889,1.428595],[-75.618897,1.428526],[-75.618896,1.428457],[-75.618888,1.428388],[-75.618873,1.42832],[-75.618871,1.428314],[-75.618871,1.428312],[-75.618852,1.428254],[-75.618823,1.42819],[-75.618789,1.42813],[-75.618748,1.428073],[-75.618702,1.428021],[-75.618651,1.427974],[-75.618595,1.427933],[-75.618536,1.427897],[-75.618435,1.427848],[-75.618332,1.427805],[-75.618226,1.427769],[-75.618119,1.427739],[-75.618009,1.427716],[-75.617899,1.427701],[-75.617787,1.427692],[-75.617676,1.42769],[-75.617564,1.427695],[-75.617453,1.427707],[-75.61723,1.427735],[-75.617006,1.427757],[-75.616781,1.427772],[-75.616556,1.427781],[-75.616331,1.427784],[-75.616106,1.427781],[-75.615881,1.427771],[-75.615656,1.427754],[-75.61536,1.427726],[-75.615065,1.427692],[-75.615024,1.427687],[-75.61477,1.427653],[-75.614475,1.427609],[-75.614182,1.42756],[-75.61389,1.427505],[-75.613598,1.427445],[-75.613482,1.427417],[-75.613367,1.427381],[-75.613255,1.42734],[-75.613145,1.427291],[-75.613039,1.427237],[-75.612935,1.427177],[-75.612836,1.42711],[-75.61274,1.427038],[-75.612649,1.426961],[-75.612562,1.426878],[-75.61248,1.426791],[-75.61241,1.426707],[-75.612346,1.42662],[-75.612287,1.426529],[-75.612233,1.426434],[-75.612185,1.426337],[-75.612142,1.426237],[-75.612106,1.426135],[-75.612075,1.426031],[-75.612051,1.425925],[-75.612033,1.425818],[-75.612021,1.42571],[-75.612016,1.425601],[-75.612004,1.425006],[-75.612022,1.424952],[-75.612033,1.424896],[-75.612039,1.424839],[-75.612038,1.424782],[-75.612031,1.424725],[-75.612018,1.42467],[-75.611999,1.424616],[-75.611997,1.424612],[-75.611974,1.424564],[-75.611944,1.424516],[-75.611909,1.424471],[-75.611845,1.424403],[-75.611776,1.424341],[-75.611703,1.424284],[-75.611626,1.424232],[-75.611546,1.424186],[-75.611462,1.424147],[-75.611375,1.424113],[-75.611286,1.424087],[-75.611196,1.424066],[-75.611104,1.424053],[-75.611011,1.424047],[-75.610919,1.424047],[-75.610826,1.424054],[-75.610689,1.424073],[-75.610552,1.424097],[-75.610416,1.424126],[-75.610282,1.424161],[-75.610199,1.424185],[-75.610149,1.4242],[-75.610017,1.424245],[-75.60984,1.424306],[-75.609816,1.424314],[-75.609613,1.424377],[-75.609408,1.424434],[-75.609202,1.424485],[-75.608994,1.424529],[-75.608785,1.424568],[-75.608574,1.4246],[-75.608363,1.424625],[-75.608243,1.424635],[-75.608123,1.424637],[-75.608003,1.424632],[-75.607883,1.424621],[-75.607764,1.424602],[-75.607646,1.424577],[-75.60753,1.424545],[-75.607416,1.424506],[-75.607305,1.424461],[-75.607196,1.42441],[-75.60709,1.424352],[-75.607002,1.424296],[-75.606916,1.424234],[-75.606903,1.424223],[-75.607358,1.423403],[-75.60772,1.422751],[-75.60814,1.422057],[-75.609302,1.420974],[-75.610778,1.419775],[-75.611783,1.418445],[-75.612769,1.416942],[-75.614287,1.415577],[-75.61614,1.413567],[-75.616136,1.413079],[-75.616125,1.413082],[-75.615713,1.412387],[-75.61481,1.411293],[-75.614629,1.410337],[-75.615799,1.410278],[-75.616822,1.410387],[-75.617742,1.410463],[-75.618421,1.410195],[-75.619518,1.409558],[-75.619925,1.408822],[-75.619415,1.40783],[-75.618659,1.40652],[-75.618148,1.405147],[-75.61817,1.404008],[-75.618851,1.402691],[-75.618881,1.402873],[-75.618892,1.40287],[-75.619168,1.403169],[-75.619646,1.403704],[-75.620173,1.40462],[-75.62059,1.406136],[-75.621161,1.407231],[-75.621805,1.407294],[-75.622178,1.407175],[-75.623079,1.406611],[-75.624234,1.405924],[-75.62516,1.40527],[-75.626175,1.404404],[-75.627321,1.403587],[-75.627882,1.402753],[-75.6283,1.401728],[-75.629205,1.401509],[-75.630259,1.401885],[-75.630988,1.402332],[-75.631146,1.403055],[-75.631391,1.403887],[-75.631794,1.4045],[-75.631572,1.405129],[-75.6308,1.405922],[-75.62961,1.406845],[-75.627812,1.407613],[-75.625791,1.408486],[-75.625332,1.40902],[-75.625784,1.409263],[-75.626142,1.409553],[-75.626581,1.410169],[-75.627004,1.410861],[-75.627238,1.410753],[-75.628028,1.410361],[-75.628708,1.410188],[-75.628702,1.410214],[-75.629566,1.410113],[-75.630259,1.409949],[-75.631046,1.409307],[-75.631879,1.408093],[-75.63291,1.407055],[-75.633631,1.406764],[-75.634531,1.407972],[-75.635218,1.407785],[-75.635509,1.407635],[-75.63616,1.408181],[-75.637246,1.408418],[-75.63884,1.408784],[-75.640056,1.40931],[-75.641114,1.410063],[-75.642342,1.411232],[-75.643304,1.4122],[-75.644281,1.413407],[-75.645157,1.414928],[-75.645156,1.41598],[-75.645405,1.417035],[-75.6468,1.418014],[-75.646828,1.418037],[-75.647566,1.418762],[-75.648962,1.419656],[-75.649986,1.42057],[-75.650359,1.421283],[-75.650311,1.421853],[-75.65012,1.422779],[-75.650541,1.423502],[-75.650973,1.423513],[-75.652012,1.423117],[-75.652449,1.423069],[-75.653065,1.423583],[-75.653001,1.424385],[-75.652582,1.425707],[-75.652456,1.426328],[-75.652254,1.427048],[-75.652058,1.427747],[-75.651561,1.428733],[-75.650351,1.429226],[-75.648898,1.42964],[-75.64769,1.430201],[-75.647658,1.430236],[-75.646524,1.430956],[-75.645273,1.431987],[-75.644869,1.432774],[-75.644595,1.433809],[-75.644458,1.434948],[-75.643799,1.435486],[-75.642487,1.435906],[-75.642125,1.43592],[-75.641485,1.435822],[-75.640009,1.435491],[-75.638857,1.43502],[-75.63803,1.434394],[-75.637586,1.433935],[-75.63655,1.433195],[-75.635133,1.432397],[-75.633643,1.43155],[-75.632776,1.431032],[-75.630808,1.430812],[-75.628369,1.431575],[-75.626612,1.431427],[-75.625154,1.431402],[-75.623617,1.432245],[-75.623044,1.433155],[-75.622376,1.434431],[-75.621152,1.434214],[-75.619939,1.434639],[-75.618951,1.4355],[-75.618338,1.436132],[-75.618321,1.43615],[-75.618298,1.436142],[-75.618223,1.436123],[-75.618146,1.43611],[-75.618008,1.436095],[-75.617869,1.436087],[-75.617731,1.436085],[-75.617592,1.436089],[-75.617453,1.436099],[-75.617316,1.436115],[-75.617179,1.436137],[-75.617043,1.436165],[-75.616908,1.436199],[-75.616775,1.436238],[-75.616428,1.436348],[-75.616426,1.436348],[-75.616076,1.436453],[-75.616015,1.436467],[-75.615954,1.436474],[-75.615892,1.436476],[-75.61583,1.436471],[-75.615769,1.436459],[-75.61571,1.436441],[-75.615653,1.436417],[-75.615598,1.436388],[-75.615547,1.436353],[-75.615488,1.436303],[-75.615434,1.43625],[-75.615383,1.436192],[-75.615338,1.43613],[-75.615298,1.436064],[-75.615263,1.435996],[-75.615234,1.435925],[-75.61521,1.435852],[-75.615193,1.435777],[-75.615181,1.435701],[-75.615176,1.435624],[-75.615176,1.435478],[-75.615182,1.435331],[-75.615195,1.435186],[-75.61521,1.435077]]]},"properties":{"nombre_ver":"BUENOS AIRES","codigo_ver":"18479008","nomb_mpio":"MORELIA","nom_dep":"CAQUETÁ","area_ha":1090.89,"meta_ae":945,"meta_fb":178,"anio":2028}},{"type":"Feature","geometry":{"type":"Polygon","coordinates":[[[-75.652254,1.427048],[-75.652456,1.426328],[-75.652582,1.425707],[-75.653001,1.424385],[-75.653065,1.423583],[-75.652449,1.423069],[-75.652012,1.423117],[-75.650973,1.423513],[-75.650541,1.423502],[-75.65012,1.422779],[-75.650311,1.421853],[-75.650359,1.421283],[-75.649986,1.42057],[-75.648962,1.419656],[-75.647566,1.418762],[-75.646828,1.418037],[-75.6468,1.418014],[-75.645405,1.417035],[-75.645156,1.41598],[-75.645157,1.414928],[-75.644281,1.413407],[-75.643304,1.4122],[-75.642342,1.411232],[-75.641114,1.410063],[-75.640056,1.40931],[-75.63884,1.408784],[-75.637246,1.408418],[-75.63616,1.408181],[-75.635509,1.407635],[-75.635218,1.407785],[-75.635626,1.40601],[-75.637412,1.40446],[-75.639587,1.402756],[-75.640308,1.402024],[-75.640806,1.401234],[-75.641792,1.399986],[-75.64241,1.398935],[-75.642972,1.398225],[-75.643202,1.398062],[-75.644172,1.399002],[-75.645143,1.400534],[-75.646499,1.402076],[-75.646637,1.402339],[-75.646923,1.402777],[-75.647173,1.403353],[-75.647485,1.403916],[-75.647995,1.404341],[-75.648369,1.404579],[-75.648631,1.40508],[-75.648868,1.40553],[-75.649828,1.405336],[-75.650247,1.405217],[-75.651278,1.405047],[-75.652437,1.404947],[-75.654143,1.40452],[-75.654969,1.404027],[-75.656795,1.403338],[-75.657391,1.402634],[-75.658254,1.401558],[-75.659383,1.400082],[-75.660829,1.398349],[-75.662009,1.396752],[-75.663331,1.394984],[-75.664021,1.394069],[-75.664174,1.394156],[-75.664343,1.394748],[-75.664671,1.395582],[-75.665178,1.396739],[-75.665657,1.397845],[-75.665535,1.398838],[-75.66566,1.399706],[-75.666335,1.399884],[-75.667385,1.40005],[-75.668408,1.399954],[-75.669764,1.399461],[-75.670966,1.398856],[-75.672749,1.398163],[-75.673941,1.397325],[-75.675143,1.396125],[-75.6765,1.394826],[-75.677317,1.393973],[-75.67836,1.392796],[-75.679076,1.39307],[-75.679736,1.393982],[-75.680669,1.393818],[-75.680968,1.393122],[-75.681047,1.392193],[-75.681328,1.391442],[-75.681775,1.391086],[-75.682524,1.391183],[-75.682731,1.391583],[-75.682971,1.392492],[-75.683139,1.393416],[-75.683578,1.394533],[-75.683741,1.39474],[-75.683784,1.394752],[-75.683268,1.396078],[-75.682695,1.396966],[-75.682281,1.397739],[-75.681723,1.398751],[-75.681352,1.399671],[-75.68157,1.400567],[-75.682215,1.401593],[-75.682348,1.40243],[-75.683283,1.403388],[-75.683612,1.403627],[-75.68398,1.403936],[-75.684751,1.40443],[-75.685499,1.404977],[-75.685947,1.406109],[-75.686023,1.406424],[-75.685985,1.406704],[-75.685821,1.406983],[-75.685289,1.407026],[-75.684931,1.406869],[-75.684461,1.406603],[-75.684227,1.406567],[-75.683905,1.40668],[-75.683691,1.406918],[-75.683476,1.407632],[-75.683407,1.408077],[-75.683326,1.408631],[-75.683321,1.408963],[-75.683336,1.409163],[-75.683213,1.40938],[-75.682958,1.409693],[-75.682739,1.41028],[-75.682683,1.410583],[-75.682894,1.411511],[-75.683067,1.412255],[-75.683179,1.412896],[-75.683238,1.413194],[-75.683308,1.41348],[-75.683568,1.413762],[-75.683866,1.414084],[-75.683987,1.414456],[-75.683948,1.414805],[-75.683857,1.41521],[-75.683824,1.415582],[-75.683814,1.415885],[-75.683701,1.416267],[-75.683657,1.416547],[-75.683904,1.416852],[-75.684051,1.416978],[-75.684151,1.417202],[-75.684103,1.417396],[-75.683882,1.417664],[-75.683524,1.418004],[-75.683442,1.418158],[-75.683553,1.418399],[-75.683688,1.418577],[-75.683839,1.418813],[-75.684018,1.419071],[-75.684261,1.419358],[-75.684411,1.419625],[-75.684359,1.419703],[-75.68427,1.421192],[-75.68412,1.422377],[-75.683908,1.42259],[-75.683696,1.422521],[-75.68324,1.422456],[-75.683035,1.422521],[-75.682952,1.422755],[-75.682952,1.423008],[-75.682645,1.423018],[-75.682123,1.422981],[-75.681648,1.422915],[-75.681276,1.423],[-75.681183,1.423487],[-75.681174,1.424058],[-75.681134,1.425335],[-75.679796,1.426953],[-75.679127,1.427966],[-75.678638,1.427502],[-75.678234,1.427347],[-75.677891,1.4276],[-75.677777,1.427675],[-75.677471,1.42764],[-75.677327,1.427595],[-75.676647,1.42775],[-75.676549,1.427721],[-75.676495,1.427618],[-75.676426,1.427377],[-75.675243,1.429623],[-75.674995,1.430197],[-75.675037,1.432248],[-75.676037,1.433776],[-75.676935,1.43457],[-75.677701,1.435079],[-75.677712,1.4351],[-75.678549,1.435689],[-75.679487,1.436842],[-75.679529,1.437823],[-75.679524,1.437813],[-75.679618,1.438698],[-75.680166,1.439501],[-75.68092,1.440177],[-75.680924,1.440161],[-75.6812,1.441328],[-75.681925,1.441964],[-75.682009,1.443734],[-75.681801,1.446331],[-75.681527,1.446572],[-75.679579,1.446886],[-75.678082,1.448632],[-75.675745,1.450234],[-75.674737,1.44992],[-75.673149,1.450134],[-75.670614,1.45392],[-75.669536,1.454687],[-75.669569,1.454969],[-75.668777,1.454747],[-75.668255,1.454532],[-75.667619,1.453644],[-75.666746,1.451955],[-75.666605,1.451327],[-75.666754,1.450871],[-75.667274,1.450009],[-75.668066,1.449635],[-75.668405,1.448682],[-75.66859,1.447595],[-75.668596,1.446595],[-75.668959,1.445613],[-75.668952,1.445604],[-75.669133,1.445307],[-75.669558,1.444852],[-75.66965,1.444308],[-75.669171,1.443388],[-75.668259,1.44254],[-75.66788,1.441776],[-75.668192,1.441297],[-75.668695,1.440557],[-75.668873,1.439653],[-75.668593,1.438548],[-75.668425,1.43762],[-75.667596,1.437396],[-75.666875,1.437365],[-75.666384,1.437392],[-75.665731,1.437552],[-75.665011,1.437866],[-75.664172,1.437994],[-75.663684,1.438048],[-75.662789,1.437894],[-75.661975,1.437439],[-75.660927,1.436637],[-75.660325,1.435824],[-75.660416,1.435364],[-75.660514,1.435024],[-75.661139,1.434066],[-75.661461,1.433429],[-75.661342,1.432663],[-75.66063,1.431657],[-75.659653,1.43088],[-75.658998,1.43093],[-75.658293,1.431483],[-75.657538,1.432387],[-75.656887,1.433154],[-75.65664,1.433605],[-75.656574,1.43391],[-75.65632,1.434738],[-75.655026,1.436585],[-75.653941,1.435531],[-75.653955,1.434305],[-75.654183,1.432857],[-75.654138,1.432098],[-75.654525,1.431198],[-75.654749,1.430624],[-75.654244,1.429555],[-75.653401,1.42815],[-75.652727,1.427203],[-75.652254,1.427048]]]},"properties":{"nombre_ver":"DELICIAS","codigo_ver":"18479014","nomb_mpio":"MORELIA","nom_dep":"CAQUETÁ","area_ha":1800.24,"meta_ae":11,"meta_fb":0,"anio":2026}},{"type":"Feature","geometry":{"type":"Polygon","coordinates":[[[-75.650903,1.477019],[-75.650907,1.476943],[-75.650919,1.476857],[-75.650937,1.476772],[-75.650962,1.476689],[-75.650994,1.476609],[-75.651032,1.476531],[-75.651077,1.476456],[-75.651128,1.476386],[-75.651184,1.47632],[-75.651245,1.476259],[-75.651312,1.476203],[-75.651382,1.476152],[-75.651457,1.476108],[-75.651682,1.475983],[-75.651903,1.475852],[-75.652121,1.475715],[-75.652335,1.475573],[-75.652475,1.475473],[-75.65261,1.475368],[-75.652741,1.475257],[-75.652868,1.475141],[-75.652989,1.47502],[-75.653106,1.474894],[-75.653149,1.474843],[-75.653186,1.474787],[-75.65322,1.474729],[-75.653247,1.474668],[-75.65327,1.474604],[-75.653287,1.474539],[-75.653299,1.474473],[-75.653315,1.474325],[-75.653323,1.474177],[-75.653325,1.474028],[-75.653319,1.473879],[-75.653306,1.473731],[-75.653296,1.473665],[-75.653279,1.473601],[-75.653257,1.473538],[-75.653229,1.473478],[-75.653195,1.47342],[-75.653157,1.473366],[-75.653113,1.473316],[-75.653065,1.473269],[-75.653013,1.473228],[-75.652958,1.473191],[-75.652899,1.47316],[-75.65281,1.473121],[-75.652718,1.473088],[-75.652624,1.473062],[-75.652528,1.473041],[-75.652432,1.473028],[-75.652334,1.473021],[-75.652237,1.47302],[-75.652139,1.473026],[-75.652042,1.473039],[-75.651963,1.473055],[-75.651885,1.473077],[-75.651808,1.473105],[-75.651735,1.473139],[-75.651664,1.473179],[-75.651596,1.473224],[-75.651532,1.473274],[-75.651472,1.473328],[-75.651416,1.473387],[-75.651365,1.473451],[-75.651319,1.473518],[-75.651279,1.473588],[-75.651183,1.473762],[-75.651082,1.473933],[-75.650974,1.4741],[-75.650862,1.474264],[-75.650743,1.474423],[-75.650686,1.474493],[-75.650624,1.474557],[-75.650557,1.474617],[-75.650485,1.474672],[-75.65041,1.474721],[-75.650374,1.474741],[-75.650332,1.474765],[-75.65025,1.474802],[-75.650166,1.474834],[-75.650079,1.474859],[-75.649908,1.474902],[-75.649863,1.47492],[-75.649816,1.474933],[-75.649767,1.474938],[-75.649718,1.474937],[-75.64967,1.474929],[-75.649624,1.474915],[-75.649579,1.474894],[-75.649539,1.474867],[-75.649502,1.474835],[-75.64947,1.474798],[-75.649443,1.474757],[-75.649423,1.474713],[-75.649408,1.474666],[-75.649382,1.474538],[-75.64936,1.474408],[-75.649345,1.474278],[-75.649334,1.474147],[-75.64933,1.474016],[-75.649331,1.473857],[-75.649338,1.473697],[-75.649351,1.473538],[-75.649371,1.473379],[-75.649396,1.473222],[-75.649428,1.473065],[-75.649466,1.47291],[-75.649514,1.472713],[-75.649557,1.472514],[-75.649595,1.472315],[-75.649627,1.472114],[-75.649652,1.471913],[-75.649673,1.471711],[-75.649691,1.471538],[-75.649715,1.471366],[-75.649747,1.471194],[-75.649784,1.471025],[-75.649829,1.470856],[-75.64988,1.47069],[-75.649923,1.470548],[-75.649959,1.470404],[-75.64999,1.470259],[-75.650014,1.470112],[-75.650032,1.469965],[-75.650043,1.469816],[-75.650048,1.469668],[-75.650047,1.469519],[-75.650039,1.469371],[-75.650024,1.469223],[-75.649991,1.468915],[-75.649964,1.468607],[-75.649958,1.468524],[-75.649943,1.468297],[-75.649929,1.467988],[-75.649921,1.467678],[-75.649912,1.467316],[-75.649896,1.466955],[-75.649874,1.466593],[-75.649872,1.46653],[-75.649878,1.466467],[-75.649891,1.466404],[-75.64991,1.466344],[-75.649936,1.466286],[-75.649969,1.466232],[-75.650102,1.466032],[-75.650158,1.465928],[-75.650208,1.46582],[-75.650251,1.46571],[-75.650288,1.465598],[-75.650319,1.465484],[-75.650342,1.465368],[-75.650359,1.465251],[-75.650367,1.465152],[-75.650369,1.465052],[-75.650364,1.464953],[-75.650352,1.464854],[-75.650335,1.464755],[-75.650311,1.464659],[-75.650281,1.464564],[-75.650245,1.464471],[-75.650186,1.464342],[-75.650122,1.464216],[-75.650051,1.464094],[-75.649975,1.463975],[-75.649893,1.463859],[-75.649806,1.463748],[-75.649714,1.463641],[-75.649617,1.463538],[-75.649553,1.463479],[-75.649486,1.463424],[-75.649415,1.463375],[-75.649341,1.463331],[-75.649263,1.463292],[-75.649241,1.463283],[-75.649184,1.46326],[-75.649101,1.463233],[-75.649018,1.463212],[-75.648932,1.463197],[-75.648846,1.463188],[-75.64876,1.463186],[-75.648593,1.46319],[-75.648427,1.463201],[-75.648261,1.463218],[-75.648096,1.463242],[-75.647932,1.463271],[-75.647646,1.463329],[-75.647559,1.463342],[-75.647473,1.463362],[-75.647389,1.463389],[-75.647307,1.463422],[-75.647228,1.463462],[-75.647153,1.463508],[-75.647081,1.46356],[-75.647014,1.463617],[-75.646952,1.46368],[-75.646894,1.463747],[-75.64678,1.463894],[-75.646617,1.464104],[-75.646342,1.464461],[-75.646308,1.464512],[-75.646279,1.464566],[-75.646256,1.464624],[-75.646239,1.464683],[-75.646229,1.464744],[-75.646225,1.464805],[-75.646228,1.464867],[-75.646238,1.464928],[-75.646262,1.465055],[-75.64628,1.465182],[-75.646293,1.465311],[-75.646299,1.46544],[-75.6463,1.465569],[-75.646295,1.465699],[-75.646283,1.465827],[-75.646266,1.465955],[-75.646248,1.466049],[-75.646223,1.46614],[-75.646192,1.46623],[-75.646155,1.466317],[-75.646111,1.466401],[-75.64608,1.466453],[-75.646061,1.466482],[-75.646006,1.466559],[-75.645946,1.466632],[-75.645915,1.466664],[-75.64588,1.466701],[-75.645809,1.466765],[-75.645727,1.46683],[-75.64564,1.46689],[-75.64555,1.466944],[-75.645456,1.466993],[-75.64536,1.467035],[-75.645261,1.467072],[-75.64516,1.467102],[-75.645057,1.467126],[-75.644965,1.467141],[-75.644872,1.467149],[-75.644779,1.467151],[-75.644686,1.467145],[-75.644593,1.467133],[-75.644502,1.467114],[-75.644412,1.467088],[-75.644324,1.467055],[-75.644239,1.467017],[-75.644157,1.466972],[-75.644079,1.466921],[-75.644004,1.466864],[-75.643934,1.466803],[-75.643847,1.466714],[-75.643764,1.466621],[-75.643687,1.466524],[-75.643616,1.466422],[-75.643551,1.466316],[-75.643492,1.466206],[-75.643439,1.466094],[-75.643393,1.465978],[-75.643354,1.46586],[-75.643312,1.465732],[-75.643264,1.465605],[-75.643211,1.465481],[-75.643153,1.465359],[-75.643089,1.46524],[-75.64302,1.465123],[-75.642946,1.46501],[-75.642867,1.4649],[-75.642783,1.464794],[-75.642687,1.464682],[-75.642587,1.464574],[-75.642483,1.464469],[-75.642375,1.464368],[-75.642264,1.464271],[-75.642149,1.464179],[-75.642031,1.46409],[-75.641873,1.463972],[-75.64172,1.463849],[-75.641571,1.46372],[-75.641426,1.463587],[-75.641287,1.463448],[-75.641152,1.463305],[-75.641022,1.463157],[-75.640929,1.463044],[-75.64084,1.462928],[-75.640756,1.462808],[-75.640675,1.462686],[-75.640599,1.462561],[-75.640527,1.462434],[-75.640435,1.462257],[-75.640349,1.462078],[-75.640268,1.461895],[-75.640194,1.461711],[-75.640166,1.461629],[-75.640144,1.461545],[-75.640128,1.46146],[-75.640119,1.461374],[-75.640116,1.461288],[-75.64012,1.461202],[-75.64013,1.461116],[-75.640146,1.461031],[-75.640169,1.460948],[-75.640197,1.460866],[-75.640232,1.460787],[-75.640358,1.460533],[-75.640488,1.460282],[-75.640624,1.460034],[-75.640765,1.459788],[-75.640895,1.459563],[-75.64102,1.459335],[-75.641142,1.459106],[-75.64126,1.458874],[-75.641303,1.45878],[-75.641341,1.458683],[-75.641372,1.458584],[-75.641397,1.458483],[-75.641416,1.45838],[-75.641428,1.458277],[-75.641434,1.458173],[-75.641434,1.458069],[-75.641427,1.457966],[-75.641413,1.457863],[-75.641393,1.457761],[-75.641323,1.457467],[-75.641247,1.457175],[-75.641165,1.456885],[-75.641107,1.456702],[-75.641042,1.45652],[-75.640971,1.456342],[-75.640893,1.456166],[-75.640809,1.455993],[-75.640718,1.455824],[-75.640621,1.455658],[-75.640517,1.455495],[-75.640427,1.455364],[-75.640331,1.455236],[-75.64023,1.455112],[-75.640223,1.455103],[-75.640125,1.454992],[-75.640015,1.454876],[-75.639901,1.454764],[-75.639782,1.454656],[-75.63966,1.454554],[-75.639534,1.454456],[-75.639404,1.454363],[-75.639334,1.454315],[-75.639099,1.454153],[-75.639055,1.454114],[-75.639006,1.454079],[-75.638954,1.454049],[-75.6389,1.454024],[-75.638843,1.454005],[-75.638785,1.453993],[-75.638725,1.453986],[-75.638665,1.453985],[-75.638606,1.453991],[-75.638547,1.454003],[-75.63849,1.45402],[-75.638402,1.454056],[-75.638316,1.454097],[-75.638233,1.454144],[-75.638153,1.454196],[-75.638077,1.454253],[-75.638005,1.454315],[-75.637915,1.454393],[-75.637821,1.454466],[-75.637723,1.454533],[-75.637621,1.454594],[-75.637517,1.45465],[-75.637409,1.4547],[-75.637298,1.454743],[-75.63715,1.454794],[-75.637098,1.454809],[-75.636999,1.454838],[-75.636847,1.454877],[-75.636694,1.454909],[-75.636539,1.454935],[-75.636384,1.454956],[-75.636227,1.45497],[-75.636135,1.454973],[-75.636043,1.454969],[-75.635951,1.45496],[-75.63586,1.454944],[-75.63577,1.454921],[-75.635682,1.454893],[-75.635597,1.454858],[-75.635514,1.454817],[-75.635434,1.454771],[-75.635357,1.454719],[-75.635285,1.454663],[-75.635216,1.454601],[-75.634788,1.454184],[-75.634724,1.454117],[-75.634705,1.454095],[-75.634664,1.454045],[-75.634611,1.453969],[-75.634563,1.453889],[-75.634521,1.453806],[-75.634485,1.45372],[-75.634455,1.453631],[-75.634433,1.453541],[-75.634416,1.453449],[-75.634407,1.453357],[-75.634404,1.453263],[-75.634408,1.45317],[-75.634419,1.453078],[-75.634472,1.452755],[-75.634531,1.452433],[-75.634597,1.452112],[-75.634669,1.451793],[-75.634751,1.451427],[-75.634828,1.45106],[-75.634899,1.450692],[-75.634963,1.450322],[-75.635021,1.449951],[-75.635069,1.449613],[-75.635073,1.44958],[-75.6351,1.449347],[-75.635121,1.449114],[-75.635134,1.448879],[-75.635141,1.448645],[-75.63514,1.448411],[-75.635133,1.448176],[-75.63512,1.44796],[-75.635101,1.447744],[-75.635076,1.447529],[-75.635046,1.447314],[-75.635009,1.447101],[-75.634967,1.446888],[-75.634919,1.446677],[-75.634869,1.446484],[-75.634813,1.446293],[-75.634752,1.446104],[-75.634684,1.445916],[-75.634612,1.445731],[-75.634533,1.445548],[-75.634449,1.445368],[-75.634359,1.44519],[-75.634253,1.444979],[-75.634152,1.444764],[-75.634058,1.444547],[-75.63397,1.444328],[-75.633888,1.444106],[-75.633812,1.443881],[-75.633781,1.443774],[-75.633755,1.443665],[-75.633735,1.443554],[-75.633722,1.443443],[-75.633714,1.443331],[-75.633712,1.443219],[-75.633716,1.443107],[-75.633726,1.442996],[-75.633743,1.442885],[-75.633765,1.442775],[-75.633788,1.442657],[-75.633806,1.442539],[-75.633817,1.44242],[-75.633822,1.4423],[-75.633821,1.44218],[-75.633814,1.442061],[-75.6338,1.441942],[-75.633784,1.44185],[-75.633762,1.441759],[-75.633733,1.44167],[-75.633698,1.441583],[-75.633657,1.441499],[-75.633611,1.441418],[-75.633558,1.441341],[-75.633501,1.441267],[-75.633439,1.441197],[-75.633372,1.441132],[-75.6333,1.441072],[-75.633225,1.441016],[-75.633146,1.440966],[-75.63286,1.4408],[-75.632804,1.440756],[-75.632744,1.440718],[-75.632681,1.440685],[-75.632616,1.440658],[-75.632548,1.440636],[-75.632478,1.440622],[-75.632408,1.440613],[-75.632337,1.440611],[-75.632266,1.440615],[-75.632195,1.440626],[-75.632126,1.440643],[-75.632059,1.440666],[-75.631994,1.440696],[-75.631932,1.44073],[-75.631874,1.440771],[-75.631819,1.440816],[-75.631769,1.440867],[-75.631723,1.440921],[-75.631555,1.441138],[-75.631384,1.441352],[-75.631209,1.441564],[-75.631173,1.441611],[-75.631143,1.441663],[-75.631118,1.441717],[-75.631099,1.441774],[-75.631087,1.441832],[-75.631081,1.441892],[-75.631081,1.441951],[-75.631088,1.442011],[-75.631101,1.442069],[-75.631121,1.442125],[-75.631147,1.442179],[-75.631178,1.44223],[-75.631215,1.442278],[-75.631256,1.442321],[-75.631302,1.442359],[-75.631352,1.442392],[-75.631435,1.442444],[-75.631494,1.442488],[-75.631514,1.442503],[-75.631589,1.442566],[-75.631659,1.442635],[-75.631724,1.442709],[-75.631784,1.442787],[-75.631839,1.442869],[-75.631887,1.442954],[-75.63193,1.443043],[-75.631966,1.443134],[-75.632423,1.444419],[-75.632546,1.444666],[-75.632666,1.444915],[-75.632782,1.445166],[-75.632894,1.445418],[-75.632964,1.445589],[-75.63303,1.445761],[-75.63309,1.445935],[-75.633144,1.446112],[-75.633193,1.446289],[-75.633234,1.446459],[-75.633268,1.44663],[-75.633296,1.446802],[-75.633317,1.446975],[-75.633331,1.447149],[-75.633339,1.447323],[-75.63334,1.447497],[-75.633334,1.447672],[-75.633322,1.447845],[-75.633312,1.447916],[-75.633296,1.447986],[-75.633274,1.448054],[-75.633245,1.44812],[-75.633211,1.448182],[-75.633171,1.448242],[-75.633126,1.448297],[-75.633076,1.448348],[-75.633022,1.448395],[-75.632963,1.448436],[-75.632901,1.448472],[-75.632837,1.448502],[-75.632751,1.448533],[-75.632663,1.448558],[-75.632573,1.448576],[-75.632483,1.448587],[-75.632391,1.448592],[-75.6323,1.448589],[-75.632209,1.448579],[-75.632119,1.448563],[-75.632031,1.44854],[-75.631945,1.44851],[-75.631861,1.448473],[-75.63178,1.448431],[-75.631608,1.448327],[-75.631439,1.448218],[-75.631274,1.448103],[-75.631113,1.447983],[-75.630957,1.447856],[-75.630805,1.447725],[-75.630657,1.447589],[-75.630514,1.447447],[-75.630377,1.447301],[-75.630244,1.44715],[-75.630116,1.446995],[-75.629994,1.446835],[-75.629878,1.446671],[-75.629767,1.446503],[-75.629625,1.446275],[-75.629487,1.446043],[-75.629354,1.445809],[-75.629225,1.445572],[-75.629101,1.445333],[-75.628982,1.445091],[-75.628868,1.444847],[-75.628633,1.44434],[-75.628393,1.443836],[-75.628147,1.443334],[-75.627897,1.442834],[-75.627823,1.442683],[-75.627755,1.44253],[-75.627693,1.442374],[-75.627635,1.442216],[-75.627584,1.442056],[-75.627538,1.441895],[-75.627498,1.441732],[-75.627463,1.441567],[-75.627434,1.441402],[-75.627411,1.441235],[-75.627375,1.440952],[-75.627335,1.44067],[-75.62729,1.440388],[-75.62724,1.440107],[-75.627216,1.439958],[-75.627198,1.439807],[-75.627188,1.439656],[-75.627183,1.439504],[-75.627186,1.439353],[-75.627195,1.439202],[-75.627212,1.439051],[-75.627217,1.438979],[-75.627216,1.438908],[-75.627207,1.438837],[-75.627192,1.438767],[-75.627169,1.438698],[-75.62714,1.438633],[-75.627105,1.43857],[-75.627064,1.438512],[-75.627017,1.438458],[-75.626965,1.438408],[-75.626908,1.438364],[-75.626847,1.438326],[-75.626783,1.438294],[-75.626774,1.438291],[-75.626701,1.438262],[-75.626617,1.438236],[-75.626531,1.438216],[-75.626444,1.438203],[-75.626357,1.438196],[-75.626269,1.438196],[-75.626181,1.438202],[-75.626094,1.438215],[-75.626008,1.438234],[-75.625923,1.43826],[-75.625841,1.438292],[-75.625762,1.43833],[-75.625685,1.438373],[-75.625613,1.438423],[-75.625506,1.438504],[-75.625403,1.438591],[-75.625303,1.438681],[-75.625208,1.438776],[-75.625117,1.438875],[-75.625084,1.438914],[-75.62503,1.438978],[-75.624948,1.439084],[-75.62487,1.439194],[-75.624758,1.439366],[-75.624652,1.439543],[-75.624552,1.439723],[-75.624458,1.439907],[-75.62437,1.440093],[-75.624332,1.440172],[-75.624287,1.440248],[-75.624237,1.440321],[-75.624183,1.44039],[-75.624123,1.440455],[-75.624059,1.440515],[-75.623991,1.440571],[-75.623919,1.440621],[-75.623843,1.440667],[-75.623765,1.440707],[-75.623683,1.440741],[-75.6236,1.440769],[-75.623515,1.440791],[-75.623428,1.440807],[-75.623301,1.440823],[-75.623173,1.440832],[-75.623045,1.440835],[-75.622916,1.440832],[-75.622788,1.440822],[-75.622661,1.440806],[-75.622535,1.440784],[-75.62241,1.440756],[-75.622286,1.440721],[-75.621772,1.440564],[-75.621344,1.440507],[-75.621015,1.440436],[-75.620853,1.440373],[-75.620689,1.440314],[-75.620523,1.44026],[-75.620356,1.44021],[-75.620187,1.440165],[-75.62013,1.440147],[-75.620076,1.440122],[-75.620024,1.440092],[-75.619976,1.440057],[-75.619932,1.440016],[-75.619893,1.439971],[-75.619859,1.439922],[-75.619487,1.439309],[-75.619117,1.438694],[-75.61907,1.438609],[-75.619029,1.438521],[-75.618994,1.438431],[-75.618966,1.438338],[-75.618945,1.438243],[-75.61893,1.438147],[-75.618923,1.438051],[-75.618922,1.437954],[-75.618927,1.437857],[-75.61894,1.437761],[-75.61896,1.437666],[-75.618981,1.43756],[-75.618996,1.437453],[-75.619004,1.437346],[-75.619005,1.437238],[-75.618998,1.43713],[-75.618985,1.437022],[-75.618964,1.436916],[-75.61896,1.436901],[-75.618937,1.436812],[-75.618902,1.43671],[-75.618872,1.436638],[-75.618836,1.436568],[-75.618794,1.436503],[-75.618747,1.43644],[-75.618695,1.436382],[-75.618638,1.436329],[-75.618577,1.436281],[-75.618512,1.436237],[-75.618443,1.4362],[-75.618372,1.436168],[-75.618321,1.43615],[-75.618338,1.436132],[-75.618951,1.4355],[-75.619939,1.434639],[-75.621152,1.434214],[-75.622376,1.434431],[-75.623044,1.433155],[-75.623617,1.432245],[-75.625154,1.431402],[-75.626612,1.431427],[-75.628369,1.431575],[-75.630808,1.430812],[-75.632776,1.431032],[-75.633643,1.43155],[-75.635133,1.432397],[-75.63655,1.433195],[-75.637586,1.433935],[-75.63803,1.434394],[-75.638857,1.43502],[-75.640009,1.435491],[-75.641485,1.435822],[-75.642125,1.43592],[-75.642487,1.435906],[-75.643799,1.435486],[-75.644458,1.434948],[-75.644595,1.433809],[-75.644869,1.432774],[-75.645273,1.431987],[-75.646524,1.430956],[-75.647658,1.430236],[-75.64769,1.430201],[-75.648898,1.42964],[-75.650351,1.429226],[-75.651561,1.428733],[-75.652058,1.427747],[-75.652254,1.427048],[-75.652727,1.427203],[-75.653401,1.42815],[-75.654244,1.429555],[-75.654749,1.430624],[-75.654525,1.431198],[-75.654138,1.432098],[-75.654183,1.432857],[-75.653955,1.434305],[-75.653941,1.435531],[-75.655026,1.436585],[-75.65632,1.434738],[-75.656574,1.43391],[-75.65664,1.433605],[-75.656887,1.433154],[-75.657538,1.432387],[-75.658293,1.431483],[-75.658998,1.43093],[-75.659653,1.43088],[-75.66063,1.431657],[-75.661342,1.432663],[-75.661461,1.433429],[-75.661139,1.434066],[-75.660514,1.435024],[-75.660416,1.435364],[-75.660325,1.435824],[-75.660927,1.436637],[-75.661975,1.437439],[-75.662789,1.437894],[-75.663684,1.438048],[-75.664172,1.437994],[-75.665011,1.437866],[-75.665731,1.437552],[-75.666384,1.437392],[-75.666875,1.437365],[-75.667596,1.437396],[-75.668425,1.43762],[-75.668593,1.438548],[-75.668873,1.439653],[-75.668695,1.440557],[-75.668192,1.441297],[-75.66788,1.441776],[-75.668259,1.44254],[-75.669171,1.443388],[-75.66965,1.444308],[-75.669558,1.444852],[-75.669133,1.445307],[-75.668952,1.445604],[-75.668959,1.445613],[-75.668596,1.446595],[-75.66859,1.447595],[-75.668405,1.448682],[-75.668066,1.449635],[-75.667274,1.450009],[-75.666754,1.450871],[-75.666605,1.451327],[-75.666746,1.451955],[-75.667619,1.453644],[-75.668255,1.454532],[-75.668777,1.454747],[-75.669569,1.454969],[-75.669589,1.455137],[-75.669637,1.455599],[-75.669661,1.455988],[-75.669811,1.456267],[-75.670025,1.456791],[-75.670076,1.456911],[-75.670324,1.457309],[-75.6706,1.457833],[-75.670739,1.458313],[-75.670775,1.458587],[-75.670793,1.458918],[-75.670789,1.459449],[-75.670808,1.459723],[-75.670917,1.460025],[-75.671187,1.460332],[-75.671658,1.460724],[-75.671859,1.460957],[-75.6721,1.461327],[-75.67218,1.461449],[-75.672194,1.461703],[-75.672859,1.46211],[-75.67356,1.462407],[-75.674474,1.463007],[-75.675443,1.463666],[-75.675948,1.464286],[-75.675725,1.464813],[-75.674636,1.464948],[-75.674036,1.4656],[-75.673429,1.466202],[-75.672999,1.467258],[-75.673157,1.467685],[-75.673205,1.467693],[-75.673366,1.467962],[-75.672934,1.468694],[-75.672211,1.469632],[-75.671428,1.470727],[-75.671364,1.471481],[-75.671696,1.472196],[-75.672236,1.473047],[-75.672815,1.473954],[-75.673193,1.474494],[-75.673293,1.475501],[-75.673852,1.476721],[-75.674431,1.47787],[-75.674279,1.478659],[-75.673659,1.479624],[-75.673051,1.480466],[-75.672439,1.480659],[-75.671545,1.479946],[-75.670915,1.479046],[-75.670028,1.478967],[-75.66926,1.478675],[-75.668496,1.477927],[-75.667412,1.477264],[-75.665961,1.47652],[-75.664577,1.476255],[-75.663046,1.476121],[-75.66156,1.476212],[-75.660283,1.476281],[-75.658221,1.476213],[-75.656939,1.476314],[-75.655236,1.476458],[-75.653998,1.476705],[-75.652718,1.476835],[-75.650903,1.477019]]]},"properties":{"nombre_ver":"LAGUNILLA","codigo_ver":"18479023","nomb_mpio":"MORELIA","nom_dep":"CAQUETÁ","area_ha":1792.74,"meta_ae":11,"meta_fb":0,"anio":2026}},{"type":"Feature","geometry":{"type":"Polygon","coordinates":[[[-75.590297,1.475063],[-75.590232,1.475043],[-75.590209,1.475031],[-75.590133,1.474991],[-75.590026,1.474934],[-75.58995,1.474887],[-75.589805,1.47479],[-75.589659,1.474721],[-75.589569,1.474635],[-75.589424,1.47456],[-75.589171,1.474463],[-75.588958,1.474262],[-75.58892,1.474227],[-75.588745,1.474192],[-75.588668,1.474159],[-75.5885,1.474101],[-75.588402,1.474084],[-75.58853,1.474032],[-75.588546,1.474015],[-75.588638,1.473934],[-75.588721,1.47382],[-75.588798,1.473705],[-75.588866,1.473555],[-75.588935,1.473429],[-75.588996,1.473263],[-75.589064,1.47305],[-75.589141,1.472867],[-75.589263,1.47258],[-75.589354,1.472407],[-75.589401,1.472281],[-75.589469,1.472161],[-75.589568,1.472023],[-75.589706,1.471891],[-75.589851,1.471724],[-75.589965,1.471604],[-75.590057,1.471512],[-75.590148,1.471443],[-75.590256,1.471408],[-75.590393,1.471385],[-75.59053,1.471414],[-75.590636,1.471449],[-75.590713,1.471495],[-75.590857,1.471627],[-75.590995,1.471719],[-75.591171,1.471868],[-75.591285,1.472046],[-75.591385,1.47219],[-75.591483,1.47235],[-75.591575,1.472505],[-75.59169,1.472666],[-75.591819,1.472787],[-75.591972,1.472965],[-75.592094,1.473154],[-75.592178,1.473281],[-75.59233,1.473545],[-75.592391,1.473654],[-75.592467,1.473757],[-75.592513,1.47386],[-75.592575,1.473953],[-75.592674,1.474084],[-75.59275,1.474177],[-75.592826,1.47432],[-75.592933,1.474429],[-75.593009,1.474493],[-75.593085,1.474562],[-75.593177,1.474624],[-75.593284,1.474665],[-75.59336,1.474693],[-75.593475,1.474739],[-75.593566,1.474768],[-75.593642,1.474843],[-75.59368,1.474866],[-75.593772,1.474917],[-75.594032,1.475118],[-75.594078,1.475055],[-75.594177,1.475056],[-75.594436,1.475044],[-75.594604,1.475044],[-75.594772,1.475055],[-75.594978,1.475073],[-75.595138,1.475084],[-75.595429,1.47509],[-75.595642,1.475062],[-75.595809,1.474993],[-75.596016,1.474935],[-75.596298,1.474861],[-75.596603,1.474833],[-75.596877,1.474792],[-75.597054,1.474769],[-75.597199,1.474643],[-75.597267,1.474493],[-75.597336,1.474206],[-75.597397,1.473971],[-75.597488,1.473793],[-75.597572,1.4735],[-75.597709,1.473179],[-75.597808,1.472983],[-75.59787,1.472863],[-75.598037,1.472674],[-75.598144,1.472616],[-75.598235,1.472564],[-75.598327,1.472524],[-75.598343,1.472519],[-75.598488,1.472421],[-75.5988,1.472323],[-75.598991,1.472249],[-75.599158,1.472238],[-75.59938,1.472163],[-75.59951,1.472106],[-75.599655,1.472025],[-75.599754,1.47187],[-75.599884,1.471589],[-75.599975,1.47137],[-75.600105,1.471038],[-75.600204,1.470739],[-75.600334,1.470498],[-75.600449,1.470182],[-75.600532,1.470038],[-75.600624,1.469838],[-75.600769,1.469591],[-75.600891,1.469413],[-75.601036,1.469229],[-75.601082,1.469149],[-75.601188,1.469011],[-75.601295,1.468833],[-75.601303,1.468816],[-75.601372,1.46873],[-75.601418,1.468695],[-75.601517,1.468661],[-75.60173,1.4685],[-75.601867,1.46838],[-75.60205,1.468271],[-75.602295,1.468161],[-75.602455,1.46811],[-75.602615,1.468053],[-75.602814,1.467995],[-75.603012,1.467932],[-75.60315,1.467863],[-75.603249,1.467846],[-75.603401,1.4678],[-75.603599,1.467725],[-75.603767,1.467708],[-75.603866,1.467702],[-75.603973,1.467674],[-75.604118,1.467674],[-75.604317,1.46768],[-75.604637,1.467674],[-75.604851,1.467668],[-75.605064,1.467674],[-75.605247,1.46768],[-75.605469,1.467663],[-75.605613,1.467651],[-75.605812,1.467651],[-75.605972,1.467628],[-75.606247,1.467588],[-75.606422,1.467554],[-75.606552,1.467536],[-75.606743,1.467503],[-75.606934,1.467502],[-75.607147,1.46745],[-75.607262,1.467428],[-75.607407,1.46737],[-75.607544,1.467348],[-75.607681,1.467353],[-75.607788,1.467359],[-75.607934,1.467359],[-75.608085,1.467348],[-75.608215,1.46733],[-75.608406,1.467308],[-75.608574,1.467313],[-75.608818,1.467302],[-75.608971,1.467296],[-75.609131,1.467273],[-75.609169,1.467308],[-75.609269,1.467347],[-75.609299,1.467371],[-75.609321,1.467382],[-75.609535,1.467187],[-75.609627,1.467062],[-75.609688,1.467049],[-75.609794,1.467049],[-75.609917,1.467032],[-75.610031,1.466946],[-75.610108,1.466751],[-75.61013,1.466584],[-75.610298,1.466338],[-75.610352,1.466165],[-75.610451,1.465982],[-75.610512,1.465833],[-75.610527,1.465563],[-75.610634,1.465224],[-75.610703,1.465006],[-75.610726,1.464822],[-75.610726,1.464581],[-75.61074,1.464403],[-75.610733,1.464276],[-75.610749,1.463903],[-75.610711,1.463817],[-75.610725,1.463754],[-75.610741,1.463513],[-75.610703,1.463375],[-75.61068,1.463105],[-75.610627,1.462944],[-75.610565,1.462743],[-75.610489,1.462611],[-75.610382,1.46245],[-75.610276,1.46233],[-75.610054,1.462112],[-75.610009,1.462066],[-75.609932,1.462014],[-75.609947,1.461985],[-75.609756,1.461945],[-75.609589,1.461807],[-75.609489,1.46175],[-75.609428,1.461704],[-75.60936,1.461606],[-75.609306,1.461543],[-75.609268,1.461486],[-75.60923,1.461434],[-75.6092,1.461276],[-75.609238,1.461118],[-75.6092,1.461101],[-75.609154,1.461026],[-75.609116,1.460992],[-75.609055,1.460877],[-75.609031,1.460865],[-75.608984,1.460788],[-75.608917,1.460704],[-75.608871,1.460578],[-75.608849,1.460567],[-75.608818,1.460383],[-75.608726,1.460254],[-75.608628,1.46021],[-75.608505,1.46017],[-75.608407,1.460102],[-75.60823,1.46005],[-75.608124,1.460033],[-75.607971,1.4599],[-75.607872,1.459791],[-75.607766,1.459688],[-75.607666,1.45951],[-75.607613,1.459487],[-75.607483,1.45932],[-75.607384,1.459125],[-75.60714,1.458844],[-75.607071,1.458746],[-75.606933,1.458597],[-75.606834,1.45843],[-75.606736,1.458316],[-75.606666,1.458172],[-75.606575,1.45796],[-75.606544,1.457626],[-75.606514,1.457414],[-75.606331,1.457092],[-75.606231,1.456955],[-75.606117,1.456839],[-75.606018,1.456656],[-75.605988,1.456426],[-75.605911,1.456156],[-75.605881,1.455881],[-75.605858,1.455628],[-75.605835,1.455197],[-75.605835,1.454939],[-75.605812,1.454617],[-75.60582,1.45433],[-75.605896,1.453986],[-75.605911,1.453779],[-75.605911,1.453452],[-75.60585,1.453263],[-75.605843,1.453211],[-75.605873,1.45313],[-75.605942,1.452935],[-75.606033,1.452711],[-75.606148,1.452545],[-75.606301,1.452303],[-75.60646,1.451965],[-75.606529,1.451735],[-75.606613,1.451488],[-75.606704,1.451213],[-75.606803,1.450943],[-75.606857,1.450777],[-75.60691,1.450593],[-75.606956,1.450524],[-75.606995,1.450455],[-75.606995,1.450432],[-75.6072,1.450203],[-75.607337,1.450013],[-75.607514,1.44972],[-75.607597,1.449571],[-75.60772,1.449405],[-75.607849,1.44922],[-75.607903,1.449146],[-75.607987,1.449077],[-75.608009,1.449048],[-75.608062,1.448986],[-75.608086,1.448934],[-75.608231,1.448733],[-75.608307,1.448555],[-75.608368,1.448417],[-75.608467,1.448187],[-75.608596,1.447917],[-75.608856,1.447389],[-75.608955,1.447171],[-75.609039,1.446953],[-75.609124,1.446735],[-75.609192,1.446569],[-75.609283,1.446316],[-75.609322,1.446115],[-75.609451,1.445644],[-75.609489,1.445472],[-75.609542,1.445242],[-75.609627,1.44488],[-75.609711,1.444668],[-75.609718,1.444651],[-75.609749,1.44457],[-75.609787,1.444409],[-75.60981,1.444352],[-75.609863,1.444203],[-75.609901,1.444008],[-75.609902,1.443738],[-75.609894,1.443422],[-75.609886,1.443341],[-75.609848,1.443066],[-75.609818,1.442767],[-75.60978,1.442607],[-75.609756,1.442451],[-75.60968,1.442291],[-75.60962,1.442199],[-75.60955,1.442113],[-75.609413,1.441981],[-75.609261,1.44182],[-75.609169,1.44174],[-75.609032,1.441631],[-75.608941,1.441567],[-75.608841,1.441498],[-75.608688,1.441378],[-75.608604,1.441286],[-75.608521,1.441188],[-75.608459,1.441091],[-75.608429,1.440878],[-75.608413,1.440752],[-75.608421,1.440533],[-75.608482,1.440344],[-75.608581,1.440126],[-75.608665,1.44],[-75.60881,1.43981],[-75.60894,1.439569],[-75.609032,1.439265],[-75.609077,1.439023],[-75.609108,1.438805],[-75.609123,1.438576],[-75.609093,1.438243],[-75.609108,1.437737],[-75.609116,1.437571],[-75.609153,1.437347],[-75.609169,1.437054],[-75.609139,1.436951],[-75.609025,1.43675],[-75.608856,1.436595],[-75.608712,1.436486],[-75.608666,1.436291],[-75.608658,1.436147],[-75.608666,1.435929],[-75.608688,1.435734],[-75.608703,1.435521],[-75.608741,1.435349],[-75.608842,1.435136],[-75.608941,1.434849],[-75.609009,1.434688],[-75.609047,1.434435],[-75.609138,1.434304],[-75.609268,1.434103],[-75.60933,1.433954],[-75.609375,1.433839],[-75.609421,1.433655],[-75.609535,1.433592],[-75.609886,1.432861],[-75.6101,1.43279],[-75.610703,1.432623],[-75.611183,1.432682],[-75.612275,1.43276],[-75.612732,1.432492],[-75.613801,1.431871],[-75.613964,1.432241],[-75.61521,1.435077],[-75.615195,1.435186],[-75.615182,1.435331],[-75.615176,1.435478],[-75.615176,1.435624],[-75.615181,1.435701],[-75.615193,1.435777],[-75.61521,1.435852],[-75.615234,1.435925],[-75.615263,1.435996],[-75.615298,1.436064],[-75.615338,1.43613],[-75.615383,1.436192],[-75.615434,1.43625],[-75.615488,1.436303],[-75.615547,1.436353],[-75.615598,1.436388],[-75.615653,1.436417],[-75.61571,1.436441],[-75.615769,1.436459],[-75.61583,1.436471],[-75.615892,1.436476],[-75.615954,1.436474],[-75.616015,1.436467],[-75.616076,1.436453],[-75.616426,1.436348],[-75.616428,1.436348],[-75.616775,1.436238],[-75.616908,1.436199],[-75.617043,1.436165],[-75.617179,1.436137],[-75.617316,1.436115],[-75.617453,1.436099],[-75.617592,1.436089],[-75.617731,1.436085],[-75.617869,1.436087],[-75.618008,1.436095],[-75.618146,1.43611],[-75.618223,1.436123],[-75.618298,1.436142],[-75.618321,1.43615],[-75.618372,1.436168],[-75.618443,1.4362],[-75.618512,1.436237],[-75.618577,1.436281],[-75.618638,1.436329],[-75.618695,1.436382],[-75.618747,1.43644],[-75.618794,1.436503],[-75.618836,1.436568],[-75.618872,1.436638],[-75.618902,1.43671],[-75.618937,1.436812],[-75.61896,1.436901],[-75.618964,1.436916],[-75.618985,1.437022],[-75.618998,1.43713],[-75.619005,1.437238],[-75.619004,1.437346],[-75.618996,1.437453],[-75.618981,1.43756],[-75.61896,1.437666],[-75.61894,1.437761],[-75.618927,1.437857],[-75.618922,1.437954],[-75.618923,1.438051],[-75.61893,1.438147],[-75.618945,1.438243],[-75.618966,1.438338],[-75.618994,1.438431],[-75.619029,1.438521],[-75.61907,1.438609],[-75.619117,1.438694],[-75.619487,1.439309],[-75.619859,1.439922],[-75.619893,1.439971],[-75.619932,1.440016],[-75.619976,1.440057],[-75.620024,1.440092],[-75.620076,1.440122],[-75.62013,1.440147],[-75.620187,1.440165],[-75.620356,1.44021],[-75.620523,1.44026],[-75.620689,1.440314],[-75.620853,1.440373],[-75.621015,1.440436],[-75.621344,1.440507],[-75.621772,1.440564],[-75.622286,1.440721],[-75.62241,1.440756],[-75.622535,1.440784],[-75.622661,1.440806],[-75.622788,1.440822],[-75.622916,1.440832],[-75.623045,1.440835],[-75.623173,1.440832],[-75.623301,1.440823],[-75.623428,1.440807],[-75.623515,1.440791],[-75.6236,1.440769],[-75.623683,1.440741],[-75.623765,1.440707],[-75.623843,1.440667],[-75.623919,1.440621],[-75.623991,1.440571],[-75.624059,1.440515],[-75.624123,1.440455],[-75.624183,1.44039],[-75.624237,1.440321],[-75.624287,1.440248],[-75.624332,1.440172],[-75.62437,1.440093],[-75.624458,1.439907],[-75.624552,1.439723],[-75.624652,1.439543],[-75.624758,1.439366],[-75.62487,1.439194],[-75.624948,1.439084],[-75.62503,1.438978],[-75.625084,1.438914],[-75.625117,1.438875],[-75.625208,1.438776],[-75.625303,1.438681],[-75.625403,1.438591],[-75.625506,1.438504],[-75.625613,1.438423],[-75.625685,1.438373],[-75.625762,1.43833],[-75.625841,1.438292],[-75.625923,1.43826],[-75.626008,1.438234],[-75.626094,1.438215],[-75.626181,1.438202],[-75.626269,1.438196],[-75.626357,1.438196],[-75.626444,1.438203],[-75.626531,1.438216],[-75.626617,1.438236],[-75.626701,1.438262],[-75.626774,1.438291],[-75.626783,1.438294],[-75.626847,1.438326],[-75.626908,1.438364],[-75.626965,1.438408],[-75.627017,1.438458],[-75.627064,1.438512],[-75.627105,1.43857],[-75.62714,1.438633],[-75.627169,1.438698],[-75.627192,1.438767],[-75.627207,1.438837],[-75.627216,1.438908],[-75.627217,1.438979],[-75.627212,1.439051],[-75.627195,1.439202],[-75.627186,1.439353],[-75.627183,1.439504],[-75.627188,1.439656],[-75.627198,1.439807],[-75.627216,1.439958],[-75.62724,1.440107],[-75.62729,1.440388],[-75.627335,1.44067],[-75.627375,1.440952],[-75.627411,1.441235],[-75.627434,1.441402],[-75.627463,1.441567],[-75.627498,1.441732],[-75.627538,1.441895],[-75.627584,1.442056],[-75.627635,1.442216],[-75.627693,1.442374],[-75.627755,1.44253],[-75.627823,1.442683],[-75.627897,1.442834],[-75.628147,1.443334],[-75.628393,1.443836],[-75.628633,1.44434],[-75.628868,1.444847],[-75.628982,1.445091],[-75.629101,1.445333],[-75.629225,1.445572],[-75.629354,1.445809],[-75.629487,1.446043],[-75.629625,1.446275],[-75.629767,1.446503],[-75.629878,1.446671],[-75.629994,1.446835],[-75.630116,1.446995],[-75.630244,1.44715],[-75.630377,1.447301],[-75.630514,1.447447],[-75.630657,1.447589],[-75.630805,1.447725],[-75.630957,1.447856],[-75.631113,1.447983],[-75.631274,1.448103],[-75.631439,1.448218],[-75.631608,1.448327],[-75.63178,1.448431],[-75.631861,1.448473],[-75.631945,1.44851],[-75.632031,1.44854],[-75.632119,1.448563],[-75.632209,1.448579],[-75.6323,1.448589],[-75.632391,1.448592],[-75.632483,1.448587],[-75.632573,1.448576],[-75.632663,1.448558],[-75.632751,1.448533],[-75.632837,1.448502],[-75.632901,1.448472],[-75.632963,1.448436],[-75.633022,1.448395],[-75.633076,1.448348],[-75.633126,1.448297],[-75.633171,1.448242],[-75.633211,1.448182],[-75.633245,1.44812],[-75.633274,1.448054],[-75.633296,1.447986],[-75.633312,1.447916],[-75.633322,1.447845],[-75.633334,1.447672],[-75.63334,1.447497],[-75.633339,1.447323],[-75.633331,1.447149],[-75.633317,1.446975],[-75.633296,1.446802],[-75.633268,1.44663],[-75.633234,1.446459],[-75.633193,1.446289],[-75.633144,1.446112],[-75.63309,1.445935],[-75.63303,1.445761],[-75.632964,1.445589],[-75.632894,1.445418],[-75.632782,1.445166],[-75.632666,1.444915],[-75.632546,1.444666],[-75.632423,1.444419],[-75.631966,1.443134],[-75.63193,1.443043],[-75.631887,1.442954],[-75.631839,1.442869],[-75.631784,1.442787],[-75.631724,1.442709],[-75.631659,1.442635],[-75.631589,1.442566],[-75.631514,1.442503],[-75.631494,1.442488],[-75.631435,1.442444],[-75.631352,1.442392],[-75.631302,1.442359],[-75.631256,1.442321],[-75.631215,1.442278],[-75.631178,1.44223],[-75.631147,1.442179],[-75.631121,1.442125],[-75.631101,1.442069],[-75.631088,1.442011],[-75.631081,1.441951],[-75.631081,1.441892],[-75.631087,1.441832],[-75.631099,1.441774],[-75.631118,1.441717],[-75.631143,1.441663],[-75.631173,1.441611],[-75.631209,1.441564],[-75.631384,1.441352],[-75.631555,1.441138],[-75.631723,1.440921],[-75.631769,1.440867],[-75.631819,1.440816],[-75.631874,1.440771],[-75.631932,1.44073],[-75.631994,1.440696],[-75.632059,1.440666],[-75.632126,1.440643],[-75.632195,1.440626],[-75.632266,1.440615],[-75.632337,1.440611],[-75.632408,1.440613],[-75.632478,1.440622],[-75.632548,1.440636],[-75.632616,1.440658],[-75.632681,1.440685],[-75.632744,1.440718],[-75.632804,1.440756],[-75.63286,1.4408],[-75.633146,1.440966],[-75.633225,1.441016],[-75.6333,1.441072],[-75.633372,1.441132],[-75.633439,1.441197],[-75.633501,1.441267],[-75.633558,1.441341],[-75.633611,1.441418],[-75.633657,1.441499],[-75.633698,1.441583],[-75.633733,1.44167],[-75.633762,1.441759],[-75.633784,1.44185],[-75.6338,1.441942],[-75.633814,1.442061],[-75.633821,1.44218],[-75.633822,1.4423],[-75.633817,1.44242],[-75.633806,1.442539],[-75.633788,1.442657],[-75.633765,1.442775],[-75.633743,1.442885],[-75.633726,1.442996],[-75.633716,1.443107],[-75.633712,1.443219],[-75.633714,1.443331],[-75.633722,1.443443],[-75.633735,1.443554],[-75.633755,1.443665],[-75.633781,1.443774],[-75.633812,1.443881],[-75.633888,1.444106],[-75.63397,1.444328],[-75.634058,1.444547],[-75.634152,1.444764],[-75.634253,1.444979],[-75.634359,1.44519],[-75.634449,1.445368],[-75.634533,1.445548],[-75.634612,1.445731],[-75.634684,1.445916],[-75.634752,1.446104],[-75.634813,1.446293],[-75.634869,1.446484],[-75.634919,1.446677],[-75.634967,1.446888],[-75.635009,1.447101],[-75.635046,1.447314],[-75.635076,1.447529],[-75.635101,1.447744],[-75.63512,1.44796],[-75.635133,1.448176],[-75.63514,1.448411],[-75.635141,1.448645],[-75.635134,1.448879],[-75.635121,1.449114],[-75.6351,1.449347],[-75.635073,1.44958],[-75.635069,1.449613],[-75.635021,1.449951],[-75.634963,1.450322],[-75.634899,1.450692],[-75.634828,1.45106],[-75.634751,1.451427],[-75.634669,1.451793],[-75.634597,1.452112],[-75.634531,1.452433],[-75.634472,1.452755],[-75.634419,1.453078],[-75.634408,1.45317],[-75.634404,1.453263],[-75.634407,1.453357],[-75.634416,1.453449],[-75.634433,1.453541],[-75.634455,1.453631],[-75.634485,1.45372],[-75.634521,1.453806],[-75.634563,1.453889],[-75.634611,1.453969],[-75.634664,1.454045],[-75.634705,1.454095],[-75.634724,1.454117],[-75.634788,1.454184],[-75.635216,1.454601],[-75.635285,1.454663],[-75.635357,1.454719],[-75.635434,1.454771],[-75.635514,1.454817],[-75.635597,1.454858],[-75.635682,1.454893],[-75.63577,1.454921],[-75.63586,1.454944],[-75.635951,1.45496],[-75.636043,1.454969],[-75.636135,1.454973],[-75.636227,1.45497],[-75.636384,1.454956],[-75.636539,1.454935],[-75.636694,1.454909],[-75.636847,1.454877],[-75.636999,1.454838],[-75.637098,1.454809],[-75.63715,1.454794],[-75.637298,1.454743],[-75.637409,1.4547],[-75.637517,1.45465],[-75.637621,1.454594],[-75.637723,1.454533],[-75.637821,1.454466],[-75.637915,1.454393],[-75.638005,1.454315],[-75.638077,1.454253],[-75.638153,1.454196],[-75.638233,1.454144],[-75.638316,1.454097],[-75.638402,1.454056],[-75.63849,1.45402],[-75.638547,1.454003],[-75.638606,1.453991],[-75.638665,1.453985],[-75.638725,1.453986],[-75.638785,1.453993],[-75.638843,1.454005],[-75.6389,1.454024],[-75.638954,1.454049],[-75.639006,1.454079],[-75.639055,1.454114],[-75.639099,1.454153],[-75.639334,1.454315],[-75.639404,1.454363],[-75.639534,1.454456],[-75.63966,1.454554],[-75.639782,1.454656],[-75.639901,1.454764],[-75.640015,1.454876],[-75.640125,1.454992],[-75.640223,1.455103],[-75.639726,1.455498],[-75.637661,1.457144],[-75.637673,1.457223],[-75.636461,1.458201],[-75.636338,1.458402],[-75.636278,1.458483],[-75.636247,1.458546],[-75.636056,1.458667],[-75.635942,1.458707],[-75.635805,1.458759],[-75.635652,1.458833],[-75.635529,1.458919],[-75.635362,1.458994],[-75.63524,1.45904],[-75.635064,1.45908],[-75.634874,1.459131],[-75.634737,1.459154],[-75.634515,1.459183],[-75.634256,1.459229],[-75.634087,1.459234],[-75.633889,1.459275],[-75.633774,1.459297],[-75.633713,1.459315],[-75.633623,1.45932],[-75.63353,1.459338],[-75.633378,1.459372],[-75.633263,1.459407],[-75.633096,1.459544],[-75.633011,1.45963],[-75.632905,1.459768],[-75.632836,1.4599],[-75.632745,1.460113],[-75.63263,1.460302],[-75.632524,1.460446],[-75.632431,1.460566],[-75.632363,1.460675],[-75.632286,1.460796],[-75.632218,1.460893],[-75.632165,1.461025],[-75.632104,1.461203],[-75.63205,1.461307],[-75.631997,1.461387],[-75.631959,1.461456],[-75.631936,1.461502],[-75.631959,1.461582],[-75.631974,1.46164],[-75.631989,1.46172],[-75.632005,1.461795],[-75.632058,1.461887],[-75.632134,1.461984],[-75.632234,1.462133],[-75.63231,1.462289],[-75.632386,1.462426],[-75.632463,1.462536],[-75.632569,1.462668],[-75.63266,1.462794],[-75.632775,1.462955],[-75.632844,1.463035],[-75.632889,1.463087],[-75.632921,1.463127],[-75.632928,1.463225],[-75.632714,1.463259],[-75.632516,1.463334],[-75.632416,1.463368],[-75.632104,1.463512],[-75.631905,1.463707],[-75.631822,1.463867],[-75.631653,1.46408],[-75.631494,1.464275],[-75.631249,1.464453],[-75.631059,1.464626],[-75.630792,1.464751],[-75.6307,1.464763],[-75.630516,1.464798],[-75.63009,1.464797],[-75.629861,1.46478],[-75.629632,1.464728],[-75.629471,1.464711],[-75.629235,1.464923],[-75.629151,1.465165],[-75.629098,1.465469],[-75.629045,1.465785],[-75.629006,1.466032],[-75.628976,1.466239],[-75.628938,1.466485],[-75.62893,1.466824],[-75.628877,1.46718],[-75.628778,1.467547],[-75.628663,1.467788],[-75.62854,1.468018],[-75.628304,1.468276],[-75.628121,1.468357],[-75.627922,1.468518],[-75.627518,1.468719],[-75.627496,1.468713],[-75.627359,1.468753],[-75.626886,1.469046],[-75.626671,1.469212],[-75.626603,1.469292],[-75.62645,1.469442],[-75.626313,1.469533],[-75.626244,1.46958],[-75.626176,1.469608],[-75.626077,1.469689],[-75.6259,1.469924],[-75.626,1.469987],[-75.626084,1.470016],[-75.62626,1.470114],[-75.626496,1.470234],[-75.626664,1.47036],[-75.62677,1.470464],[-75.626854,1.470607],[-75.626931,1.470854],[-75.626976,1.471136],[-75.626954,1.471423],[-75.626908,1.471641],[-75.626824,1.471756],[-75.626641,1.471933],[-75.626382,1.472117],[-75.626183,1.472192],[-75.626062,1.472215],[-75.625916,1.472324],[-75.625802,1.472439],[-75.625733,1.472674],[-75.625649,1.472961],[-75.625657,1.473369],[-75.625718,1.473679],[-75.62574,1.473989],[-75.625702,1.474443],[-75.625673,1.474867],[-75.625634,1.475114],[-75.62558,1.47535],[-75.625519,1.475579],[-75.625428,1.475953],[-75.625359,1.476205],[-75.625305,1.476406],[-75.625229,1.47671],[-75.62523,1.476941],[-75.625222,1.477164],[-75.625191,1.477422],[-75.625138,1.477675],[-75.625069,1.477859],[-75.624963,1.478175],[-75.624955,1.478192],[-75.624925,1.478301],[-75.624871,1.478393],[-75.62484,1.478496],[-75.624619,1.478754],[-75.624589,1.47876],[-75.62455,1.478806],[-75.62449,1.478875],[-75.624444,1.478926],[-75.624405,1.47899],[-75.624359,1.479053],[-75.624329,1.479087],[-75.624307,1.479122],[-75.624276,1.479145],[-75.624214,1.479185],[-75.624176,1.479208],[-75.624123,1.479248],[-75.624085,1.479283],[-75.623925,1.479352],[-75.623834,1.479392],[-75.623703,1.479409],[-75.623612,1.479449],[-75.62349,1.479472],[-75.623329,1.479524],[-75.623208,1.479581],[-75.623154,1.47961],[-75.623032,1.479656],[-75.622971,1.479684],[-75.622903,1.47977],[-75.622834,1.479878],[-75.622842,1.479898],[-75.622849,1.479926],[-75.622842,1.479977],[-75.622826,1.480063],[-75.622788,1.480189],[-75.622765,1.480298],[-75.622743,1.480431],[-75.622719,1.480557],[-75.622612,1.480924],[-75.622567,1.481068],[-75.622498,1.481229],[-75.622452,1.481298],[-75.622307,1.481429],[-75.62217,1.481533],[-75.62204,1.481642],[-75.621895,1.481757],[-75.62178,1.481854],[-75.621659,1.481952],[-75.621575,1.482136],[-75.621575,1.482153],[-75.621621,1.48225],[-75.621629,1.482308],[-75.621636,1.482497],[-75.621628,1.482641],[-75.621582,1.4829],[-75.621552,1.4831],[-75.621507,1.483261],[-75.621461,1.483427],[-75.621392,1.483468],[-75.621292,1.48345],[-75.621209,1.483388],[-75.621101,1.483319],[-75.621018,1.483261],[-75.62085,1.483157],[-75.620713,1.483066],[-75.620552,1.483002],[-75.620415,1.482933],[-75.620247,1.482871],[-75.62008,1.482807],[-75.619865,1.48275],[-75.619606,1.482681],[-75.619461,1.482646],[-75.619294,1.482629],[-75.619118,1.482623],[-75.618935,1.48264],[-75.618745,1.482721],[-75.618607,1.482819],[-75.618485,1.482881],[-75.618538,1.482939],[-75.618562,1.48295],[-75.61863,1.482979],[-75.618668,1.483002],[-75.618721,1.483048],[-75.618759,1.483088],[-75.618805,1.483123],[-75.618835,1.483157],[-75.618912,1.483255],[-75.618935,1.483289],[-75.618981,1.483358],[-75.619034,1.483416],[-75.619064,1.483479],[-75.619102,1.483548],[-75.619126,1.483582],[-75.619148,1.483645],[-75.619194,1.48368],[-75.61924,1.483743],[-75.61924,1.483766],[-75.619255,1.483817],[-75.619278,1.48388],[-75.619294,1.48403],[-75.619355,1.484157],[-75.619401,1.484369],[-75.619416,1.48457],[-75.619469,1.484719],[-75.619553,1.484834],[-75.619645,1.485007],[-75.619881,1.485333],[-75.620049,1.485449],[-75.620461,1.485759],[-75.620812,1.486063],[-75.620965,1.486184],[-75.621186,1.486385],[-75.621461,1.48677],[-75.621636,1.487011],[-75.621796,1.487229],[-75.621971,1.487321],[-75.622445,1.487728],[-75.622682,1.487935],[-75.622917,1.488228],[-75.623216,1.488544],[-75.623391,1.48894],[-75.623421,1.489233],[-75.623406,1.489451],[-75.623329,1.489675],[-75.623101,1.489985],[-75.622993,1.490094],[-75.622643,1.49037],[-75.622444,1.490444],[-75.622292,1.490496],[-75.622185,1.49053],[-75.622055,1.490548],[-75.621826,1.490617],[-75.621597,1.490714],[-75.621217,1.490777],[-75.620941,1.490806],[-75.620629,1.490817],[-75.620446,1.490834],[-75.620232,1.490886],[-75.619881,1.490937],[-75.619538,1.491006],[-75.619469,1.491],[-75.619439,1.491018],[-75.619316,1.491029],[-75.619194,1.491041],[-75.619049,1.491035],[-75.618866,1.491017],[-75.618637,1.491035],[-75.618454,1.491075],[-75.618408,1.491075],[-75.618118,1.491063],[-75.617897,1.491063],[-75.617684,1.491075],[-75.617447,1.491085],[-75.617157,1.491109],[-75.616921,1.491126],[-75.616715,1.491189],[-75.616531,1.49127],[-75.615914,1.491545],[-75.615738,1.491695],[-75.61557,1.491958],[-75.615525,1.492165],[-75.615426,1.492539],[-75.615402,1.492774],[-75.615371,1.493004],[-75.615357,1.493239],[-75.615342,1.493589],[-75.615364,1.493687],[-75.615387,1.493819],[-75.615364,1.493899],[-75.615356,1.493939],[-75.615318,1.494043],[-75.615265,1.494094],[-75.615219,1.494204],[-75.61512,1.494445],[-75.615098,1.494548],[-75.615105,1.494875],[-75.615174,1.495019],[-75.615258,1.49507],[-75.615494,1.495237],[-75.615624,1.495386],[-75.615899,1.495817],[-75.615921,1.495983],[-75.615906,1.496317],[-75.61586,1.496581],[-75.615837,1.496851],[-75.615815,1.497138],[-75.615776,1.497459],[-75.615746,1.497648],[-75.615707,1.497901],[-75.615685,1.497947],[-75.615593,1.498143],[-75.615349,1.49832],[-75.61512,1.49847],[-75.614944,1.498573],[-75.614769,1.498682],[-75.614662,1.498831],[-75.614602,1.498986],[-75.614525,1.499262],[-75.614456,1.499664],[-75.614448,1.499801],[-75.614502,1.500014],[-75.614518,1.500157],[-75.614532,1.50033],[-75.614525,1.500559],[-75.614479,1.500778],[-75.614441,1.500921],[-75.614265,1.501553],[-75.614112,1.501857],[-75.614007,1.502081],[-75.613846,1.502357],[-75.613647,1.502638],[-75.613548,1.502724],[-75.613159,1.502965],[-75.613067,1.502994],[-75.612908,1.503011],[-75.612801,1.503022],[-75.612687,1.503011],[-75.61261,1.503016],[-75.61248,1.503281],[-75.612473,1.503315],[-75.61245,1.503372],[-75.612351,1.503625],[-75.612298,1.503751],[-75.612191,1.503975],[-75.612084,1.504234],[-75.611923,1.504555],[-75.611832,1.50486],[-75.611733,1.505141],[-75.611657,1.505347],[-75.611542,1.505526],[-75.611443,1.505766],[-75.611244,1.506185],[-75.611167,1.506295],[-75.611084,1.506421],[-75.611008,1.506495],[-75.610989,1.506502],[-75.610871,1.506564],[-75.610833,1.506616],[-75.610825,1.506651],[-75.610657,1.506823],[-75.610481,1.506937],[-75.610314,1.507053],[-75.610215,1.507121],[-75.610092,1.507236],[-75.609932,1.507374],[-75.609863,1.507448],[-75.60978,1.507506],[-75.609748,1.507523],[-75.609688,1.507557],[-75.609551,1.507655],[-75.609505,1.507604],[-75.609482,1.507603],[-75.609413,1.507454],[-75.609352,1.50727],[-75.609314,1.507138],[-75.609246,1.506977],[-75.609208,1.506891],[-75.609146,1.506782],[-75.609116,1.50665],[-75.609001,1.506524],[-75.608887,1.50634],[-75.60878,1.506271],[-75.608688,1.506099],[-75.60859,1.505921],[-75.608566,1.505895],[-75.608528,1.505806],[-75.608498,1.505697],[-75.608444,1.50557],[-75.608375,1.505484],[-75.608323,1.50541],[-75.608238,1.505278],[-75.608193,1.50514],[-75.608139,1.50495],[-75.608055,1.504761],[-75.607971,1.504537],[-75.607856,1.504353],[-75.607765,1.504083],[-75.607651,1.503871],[-75.607537,1.503624],[-75.607467,1.503457],[-75.607422,1.503337],[-75.607285,1.502917],[-75.607239,1.502808],[-75.607178,1.502717],[-75.607032,1.502326],[-75.60701,1.502206],[-75.607056,1.501981],[-75.607086,1.501838],[-75.607125,1.501683],[-75.607162,1.501465],[-75.607246,1.501264],[-75.607361,1.501057],[-75.607476,1.50085],[-75.607583,1.500598],[-75.607696,1.500362],[-75.607803,1.500052],[-75.607857,1.499903],[-75.607887,1.499611],[-75.607894,1.499352],[-75.607887,1.499053],[-75.607849,1.498761],[-75.607788,1.498611],[-75.607758,1.498422],[-75.607696,1.498221],[-75.607651,1.49798],[-75.60762,1.497756],[-75.607559,1.497509],[-75.607506,1.497204],[-75.607437,1.496957],[-75.607384,1.496797],[-75.607292,1.496676],[-75.607147,1.496492],[-75.607003,1.496424],[-75.60691,1.496337],[-75.60685,1.496153],[-75.60678,1.49609],[-75.606712,1.496039],[-75.606636,1.495958],[-75.606567,1.495906],[-75.606461,1.495832],[-75.606324,1.49578],[-75.606041,1.49566],[-75.60595,1.495614],[-75.605751,1.495591],[-75.605438,1.495303],[-75.605301,1.49524],[-75.605201,1.495154],[-75.605056,1.495005],[-75.604942,1.494913],[-75.604576,1.494499],[-75.604568,1.494265],[-75.60453,1.494092],[-75.6045,1.494063],[-75.604523,1.493834],[-75.604531,1.493696],[-75.604531,1.493569],[-75.60453,1.493397],[-75.604545,1.493282],[-75.604554,1.493018],[-75.604554,1.492897],[-75.604553,1.492691],[-75.604538,1.49261],[-75.6045,1.492512],[-75.604446,1.492294],[-75.604408,1.492088],[-75.604362,1.491916],[-75.604294,1.491749],[-75.604202,1.491548],[-75.604095,1.491324],[-75.603996,1.491077],[-75.603919,1.490916],[-75.603722,1.490612],[-75.603523,1.490365],[-75.603393,1.490193],[-75.603195,1.489951],[-75.602997,1.489733],[-75.602943,1.489653],[-75.602875,1.489578],[-75.602753,1.489469],[-75.602668,1.489429],[-75.60263,1.489429],[-75.602592,1.489418],[-75.602531,1.489412],[-75.602493,1.489412],[-75.60234,1.489406],[-75.60221,1.4894],[-75.60202,1.489435],[-75.601906,1.489463],[-75.601425,1.489687],[-75.60125,1.48979],[-75.601105,1.489911],[-75.600898,1.490003],[-75.600792,1.490014],[-75.600586,1.49002],[-75.600472,1.490026],[-75.600365,1.490031],[-75.600243,1.490003],[-75.60009,1.489928],[-75.600006,1.48983],[-75.599952,1.489646],[-75.599922,1.48952],[-75.599892,1.489319],[-75.599884,1.489199],[-75.599914,1.488911],[-75.599914,1.488825],[-75.599876,1.488716],[-75.599814,1.48863],[-75.599762,1.48855],[-75.599762,1.48836],[-75.599754,1.48824],[-75.599754,1.4882],[-75.599746,1.488079],[-75.599716,1.487861],[-75.599685,1.487608],[-75.599639,1.487361],[-75.599609,1.487241],[-75.599587,1.487005],[-75.599579,1.486867],[-75.599533,1.486471],[-75.599441,1.486184],[-75.599335,1.485839],[-75.599281,1.485593],[-75.599213,1.485294],[-75.599136,1.48499],[-75.599083,1.484823],[-75.599014,1.484599],[-75.598953,1.484272],[-75.598877,1.483991],[-75.59864,1.483457],[-75.59851,1.483152],[-75.598381,1.482917],[-75.598243,1.482699],[-75.598183,1.482457],[-75.598137,1.48236],[-75.598083,1.482285],[-75.598038,1.482193],[-75.597984,1.48213],[-75.597885,1.482004],[-75.597785,1.481889],[-75.597671,1.481728],[-75.597541,1.481561],[-75.597336,1.481315],[-75.597153,1.48105],[-75.597038,1.480878],[-75.596886,1.480654],[-75.596748,1.480436],[-75.596573,1.480051],[-75.596412,1.479804],[-75.59629,1.479574],[-75.596191,1.479396],[-75.596015,1.479184],[-75.595939,1.47915],[-75.595825,1.479018],[-75.595642,1.478765],[-75.595481,1.478523],[-75.595214,1.47811],[-75.5951,1.477898],[-75.594901,1.477674],[-75.594772,1.477519],[-75.594612,1.477341],[-75.594429,1.477203],[-75.594138,1.476979],[-75.593871,1.476732],[-75.593757,1.476709],[-75.59365,1.476657],[-75.593383,1.476462],[-75.59336,1.476439],[-75.593322,1.476393],[-75.59323,1.476318],[-75.593071,1.476255],[-75.592956,1.476215],[-75.592842,1.476163],[-75.592704,1.4761],[-75.592567,1.476037],[-75.592247,1.475928],[-75.592177,1.475895],[-75.592078,1.475853],[-75.591949,1.47579],[-75.59172,1.475698],[-75.591468,1.4756],[-75.591186,1.475445],[-75.590835,1.475336],[-75.590637,1.475244],[-75.590499,1.475181],[-75.590362,1.475106],[-75.590302,1.475065],[-75.590297,1.475063]]]},"properties":{"nombre_ver":"BODOQUERO","codigo_ver":"18001054","nomb_mpio":"FLORENCIA","nom_dep":"CAQUETÁ","area_ha":1802.88,"meta_ae":1021,"meta_fb":100,"anio":2029}},{"type":"Feature","geometry":{"type":"Polygon","coordinates":[[[-75.677981,1.55173],[-75.678329,1.551305],[-75.678934,1.550796],[-75.679519,1.550166],[-75.680044,1.549739],[-75.681275,1.548905],[-75.681537,1.548925],[-75.68186,1.548864],[-75.681921,1.549128],[-75.681881,1.549697],[-75.681962,1.54986],[-75.682184,1.549859],[-75.682345,1.549554],[-75.682526,1.549168],[-75.68297,1.548863],[-75.683232,1.548579],[-75.683393,1.547908],[-75.683332,1.547339],[-75.68313,1.546913],[-75.682525,1.546731],[-75.681677,1.546711],[-75.681031,1.546732],[-75.680829,1.546427],[-75.680869,1.545899],[-75.68109,1.544396],[-75.68117,1.543898],[-75.681372,1.543593],[-75.681937,1.543735],[-75.68228,1.544181],[-75.682624,1.544161],[-75.682845,1.543998],[-75.682906,1.543612],[-75.682764,1.543084],[-75.682279,1.54278],[-75.681492,1.542475],[-75.678037,1.538334],[-75.677593,1.538273],[-75.67733,1.537786],[-75.677289,1.537177],[-75.677632,1.536181],[-75.677869,1.53517],[-75.677868,1.534573],[-75.677685,1.533447],[-75.67757,1.532735],[-75.677912,1.53216],[-75.678322,1.531103],[-75.678185,1.53085],[-75.677317,1.530322],[-75.677065,1.529403],[-75.677178,1.527473],[-75.677383,1.526439],[-75.677954,1.526254],[-75.678228,1.526461],[-75.678388,1.527173],[-75.678754,1.527656],[-75.679233,1.527333],[-75.679369,1.526207],[-75.678843,1.525496],[-75.678227,1.52499],[-75.677587,1.524348],[-75.677358,1.524187],[-75.677495,1.523842],[-75.677929,1.523612],[-75.678591,1.523703],[-75.678933,1.522623],[-75.679046,1.521486],[-75.678429,1.520613],[-75.677675,1.519855],[-75.67699,1.519511],[-75.676259,1.519787],[-75.675849,1.520638],[-75.675461,1.520707],[-75.675164,1.520592],[-75.675072,1.520156],[-75.675346,1.519949],[-75.675574,1.519443],[-75.675353,1.519154],[-75.675345,1.519145],[-75.674661,1.519237],[-75.674135,1.519283],[-75.67393,1.519054],[-75.673952,1.518571],[-75.674135,1.518158],[-75.674454,1.517721],[-75.674614,1.517491],[-75.674705,1.517077],[-75.674818,1.515974],[-75.675206,1.515583],[-75.675708,1.515445],[-75.676325,1.515467],[-75.67669,1.515398],[-75.676986,1.515076],[-75.677055,1.514617],[-75.676666,1.513997],[-75.675935,1.513721],[-75.67541,1.513929],[-75.675068,1.514136],[-75.674839,1.513424],[-75.674839,1.513162],[-75.674641,1.511922],[-75.674582,1.51155],[-75.673722,1.510439],[-75.672658,1.509],[-75.671758,1.507972],[-75.671573,1.507488],[-75.671716,1.5072],[-75.672186,1.50687],[-75.672493,1.506767],[-75.672636,1.506335],[-75.672513,1.505883],[-75.672104,1.50578],[-75.671715,1.505965],[-75.671287,1.506809],[-75.671225,1.507221],[-75.670776,1.507489],[-75.669978,1.507284],[-75.669079,1.507202],[-75.668813,1.506996],[-75.668772,1.506503],[-75.668894,1.50605],[-75.668996,1.505535],[-75.66873,1.505248],[-75.667994,1.505125],[-75.667687,1.504754],[-75.667829,1.504158],[-75.668033,1.503479],[-75.668115,1.502964],[-75.66838,1.502717],[-75.668646,1.502346],[-75.668666,1.502079],[-75.667603,1.501586],[-75.666519,1.501587],[-75.665538,1.501546],[-75.665169,1.501423],[-75.665067,1.500579],[-75.665087,1.500086],[-75.664187,1.500189],[-75.663942,1.500066],[-75.66386,1.499531],[-75.663757,1.49842],[-75.663654,1.497535],[-75.663449,1.497021],[-75.663493,1.496386],[-75.663507,1.496393],[-75.663588,1.496431],[-75.663673,1.496462],[-75.66376,1.496486],[-75.663848,1.496503],[-75.663962,1.496517],[-75.664077,1.496525],[-75.664192,1.496526],[-75.664306,1.496521],[-75.664421,1.496509],[-75.664534,1.496491],[-75.664646,1.496466],[-75.664757,1.496435],[-75.664866,1.496398],[-75.664972,1.496354],[-75.665076,1.496305],[-75.665176,1.496249],[-75.665274,1.496189],[-75.665349,1.496134],[-75.665421,1.496075],[-75.665488,1.496011],[-75.66555,1.495943],[-75.665608,1.49587],[-75.66566,1.495793],[-75.665707,1.495713],[-75.665748,1.49563],[-75.665783,1.495544],[-75.665812,1.495456],[-75.665835,1.495366],[-75.665851,1.495274],[-75.665861,1.495182],[-75.666058,1.494721],[-75.666343,1.494336],[-75.6666,1.494122],[-75.667971,1.493365],[-75.668309,1.493212],[-75.669641,1.492608],[-75.670355,1.492394],[-75.671254,1.492223],[-75.671329,1.492212],[-75.671404,1.492208],[-75.67148,1.492212],[-75.671554,1.492222],[-75.671628,1.492238],[-75.671699,1.492262],[-75.671769,1.492292],[-75.671835,1.492328],[-75.671845,1.492335],[-75.671897,1.49237],[-75.671955,1.492418],[-75.672009,1.492471],[-75.672058,1.492528],[-75.672101,1.49259],[-75.672138,1.492656],[-75.672169,1.492724],[-75.672194,1.492796],[-75.672212,1.492869],[-75.672223,1.492943],[-75.672228,1.493019],[-75.672225,1.493094],[-75.672213,1.493283],[-75.672207,1.493472],[-75.672206,1.493661],[-75.672211,1.49385],[-75.672214,1.494008],[-75.672211,1.494166],[-75.6722,1.494323],[-75.672183,1.49448],[-75.672159,1.494636],[-75.672128,1.494791],[-75.672091,1.494944],[-75.672047,1.495096],[-75.671997,1.495245],[-75.67194,1.495392],[-75.671912,1.495467],[-75.671891,1.495543],[-75.671876,1.495621],[-75.671866,1.495699],[-75.671863,1.495779],[-75.671866,1.495858],[-75.671876,1.495936],[-75.671891,1.496014],[-75.671912,1.49609],[-75.67194,1.496165],[-75.671973,1.496237],[-75.672011,1.496306],[-75.672085,1.496421],[-75.672163,1.496533],[-75.672247,1.496642],[-75.672335,1.496746],[-75.672427,1.496847],[-75.672524,1.496943],[-75.672625,1.497035],[-75.67273,1.497123],[-75.672839,1.497206],[-75.672913,1.497255],[-75.672989,1.497298],[-75.673069,1.497336],[-75.673152,1.497368],[-75.673237,1.497393],[-75.673323,1.497412],[-75.67341,1.497424],[-75.673499,1.49743],[-75.673587,1.497429],[-75.673675,1.497421],[-75.673762,1.497407],[-75.673848,1.497386],[-75.673932,1.497359],[-75.674014,1.497326],[-75.674093,1.497286],[-75.674169,1.497241],[-75.674241,1.49719],[-75.67431,1.497134],[-75.674398,1.497051],[-75.674482,1.496964],[-75.674562,1.496873],[-75.674635,1.496779],[-75.674637,1.496777],[-75.674706,1.496678],[-75.674771,1.496576],[-75.67483,1.49647],[-75.674883,1.496361],[-75.674931,1.49625],[-75.674973,1.496136],[-75.675009,1.496021],[-75.675038,1.495908],[-75.675059,1.495793],[-75.675074,1.495677],[-75.675081,1.495561],[-75.675082,1.495445],[-75.675075,1.495328],[-75.675064,1.495235],[-75.675062,1.495213],[-75.675041,1.495098],[-75.675013,1.494985],[-75.674979,1.494873],[-75.674938,1.494764],[-75.674889,1.494653],[-75.674833,1.494545],[-75.674772,1.49444],[-75.674706,1.494339],[-75.674654,1.494268],[-75.674634,1.494241],[-75.674556,1.494147],[-75.674474,1.494058],[-75.674387,1.493973],[-75.674295,1.493893],[-75.674258,1.493858],[-75.674225,1.493818],[-75.674197,1.493774],[-75.674174,1.493728],[-75.674158,1.493679],[-75.674148,1.493628],[-75.674145,1.493576],[-75.674148,1.493524],[-75.674157,1.493473],[-75.674173,1.493424],[-75.674195,1.493377],[-75.674222,1.493333],[-75.674255,1.493293],[-75.674292,1.493257],[-75.674334,1.493226],[-75.674379,1.493201],[-75.67464,1.492927],[-75.674699,1.492871],[-75.674762,1.492819],[-75.674829,1.492773],[-75.674899,1.492732],[-75.674972,1.492697],[-75.675048,1.492668],[-75.675127,1.492645],[-75.675206,1.492629],[-75.675287,1.492618],[-75.675368,1.492615],[-75.675449,1.492618],[-75.675543,1.492628],[-75.675635,1.492645],[-75.675726,1.492667],[-75.675815,1.492696],[-75.675903,1.49273],[-75.675987,1.49277],[-75.676069,1.492815],[-75.676092,1.49283],[-75.676148,1.492866],[-75.676223,1.492922],[-75.676295,1.492983],[-75.676362,1.493048],[-75.676425,1.493118],[-75.676511,1.493215],[-75.676602,1.493307],[-75.676696,1.493396],[-75.676796,1.493479],[-75.676898,1.493558],[-75.677005,1.493632],[-75.677115,1.493701],[-75.677181,1.493742],[-75.677243,1.493788],[-75.677303,1.493838],[-75.677305,1.49384],[-75.677359,1.493892],[-75.677412,1.493949],[-75.67746,1.49401],[-75.677698,1.494069],[-75.678555,1.494069],[-75.679268,1.494105],[-75.67937,1.494107],[-75.679472,1.494102],[-75.679573,1.49409],[-75.679673,1.494071],[-75.679772,1.494046],[-75.679869,1.494015],[-75.679963,1.493977],[-75.680055,1.493932],[-75.680144,1.493882],[-75.680229,1.493826],[-75.68031,1.493765],[-75.680387,1.493698],[-75.680459,1.493626],[-75.680527,1.49355],[-75.680589,1.493469],[-75.680645,1.493384],[-75.680696,1.493296],[-75.680736,1.493215],[-75.680769,1.493131],[-75.680795,1.493044],[-75.680816,1.492956],[-75.680827,1.49288],[-75.680829,1.492867],[-75.680835,1.492777],[-75.680835,1.492686],[-75.680828,1.492596],[-75.680814,1.492507],[-75.680793,1.492419],[-75.680766,1.492333],[-75.680732,1.492249],[-75.6807,1.49217],[-75.680674,1.492089],[-75.680654,1.492006],[-75.68064,1.491922],[-75.680633,1.491837],[-75.680632,1.491752],[-75.680637,1.491667],[-75.680649,1.491583],[-75.680668,1.49149],[-75.680694,1.491399],[-75.680726,1.491309],[-75.680764,1.491222],[-75.680809,1.491138],[-75.680858,1.491057],[-75.680914,1.49098],[-75.680974,1.490907],[-75.68104,1.490838],[-75.68111,1.490774],[-75.681184,1.490714],[-75.681259,1.490662],[-75.681338,1.490616],[-75.68142,1.490575],[-75.681505,1.49054],[-75.681592,1.490512],[-75.68168,1.490489],[-75.68177,1.490473],[-75.681862,1.490463],[-75.681953,1.49046],[-75.682044,1.490464],[-75.682135,1.490473],[-75.682226,1.49049],[-75.682314,1.490512],[-75.682469,1.49056],[-75.682622,1.490614],[-75.682772,1.490674],[-75.682921,1.490738],[-75.682967,1.490763],[-75.68301,1.490794],[-75.683048,1.490829],[-75.683081,1.49087],[-75.683101,1.4909],[-75.683104,1.490905],[-75.683109,1.490914],[-75.683131,1.490962],[-75.683147,1.491012],[-75.683177,1.491125],[-75.683196,1.491182],[-75.683204,1.491207],[-75.683213,1.491236],[-75.683254,1.491346],[-75.6833,1.491453],[-75.683335,1.491525],[-75.683341,1.491537],[-75.683351,1.491559],[-75.683407,1.491661],[-75.683468,1.491761],[-75.683538,1.491864],[-75.683585,1.491925],[-75.683594,1.491937],[-75.683614,1.491963],[-75.683695,1.492058],[-75.683767,1.492132],[-75.683782,1.492148],[-75.683809,1.492174],[-75.683822,1.492186],[-75.683873,1.492233],[-75.683968,1.492314],[-75.684068,1.492388],[-75.684149,1.492442],[-75.684159,1.492449],[-75.684172,1.492458],[-75.684279,1.492521],[-75.68439,1.492579],[-75.684503,1.49263],[-75.684643,1.492685],[-75.684785,1.492734],[-75.684792,1.492736],[-75.684798,1.492738],[-75.684929,1.492778],[-75.685075,1.492815],[-75.685222,1.492846],[-75.685231,1.492848],[-75.685238,1.492849],[-75.68537,1.492872],[-75.685519,1.492891],[-75.685669,1.492903],[-75.685789,1.492909],[-75.685799,1.492909],[-75.685812,1.49291],[-75.685956,1.49291],[-75.686099,1.492905],[-75.686103,1.492905],[-75.68611,1.492905],[-75.686242,1.492895],[-75.68638,1.492879],[-75.686382,1.492878],[-75.686384,1.492878],[-75.686466,1.492865],[-75.686526,1.492856],[-75.686658,1.49283],[-75.686789,1.492798],[-75.686919,1.492761],[-75.687047,1.492718],[-75.687173,1.49267],[-75.687297,1.492617],[-75.687418,1.492558],[-75.687467,1.49253],[-75.687513,1.492497],[-75.687555,1.492458],[-75.687593,1.492416],[-75.687626,1.49237],[-75.687653,1.49232],[-75.687675,1.492268],[-75.687692,1.492213],[-75.687705,1.492173],[-75.687723,1.492135],[-75.687747,1.4921],[-75.687775,1.492069],[-75.687808,1.492042],[-75.687844,1.49202],[-75.687883,1.492003],[-75.687923,1.491992],[-75.687965,1.491987],[-75.688251,1.491857],[-75.688329,1.491842],[-75.68856,1.491797],[-75.688888,1.491733],[-75.689215,1.491666],[-75.689579,1.491593],[-75.689638,1.491582],[-75.689945,1.491525],[-75.690311,1.491462],[-75.690678,1.491404],[-75.6908,1.491383],[-75.690921,1.491355],[-75.69104,1.491321],[-75.691157,1.491282],[-75.691273,1.491236],[-75.691385,1.491185],[-75.691495,1.491127],[-75.691602,1.491065],[-75.691706,1.490997],[-75.691806,1.490924],[-75.691902,1.490846],[-75.691994,1.490763],[-75.692082,1.490675],[-75.692165,1.490584],[-75.692241,1.490498],[-75.692306,1.490425],[-75.692452,1.490272],[-75.692604,1.490123],[-75.69276,1.48998],[-75.692921,1.489842],[-75.693086,1.489709],[-75.693256,1.489582],[-75.693429,1.489461],[-75.693607,1.489345],[-75.693789,1.489235],[-75.693974,1.489132],[-75.694055,1.489084],[-75.694134,1.489031],[-75.69416,1.489011],[-75.694208,1.488973],[-75.694279,1.488909],[-75.694345,1.488841],[-75.694406,1.488768],[-75.694416,1.488754],[-75.694461,1.488692],[-75.69449,1.488655],[-75.694523,1.488622],[-75.69456,1.488593],[-75.6946,1.488569],[-75.694643,1.48855],[-75.694687,1.488537],[-75.694795,1.488516],[-75.694904,1.4885],[-75.695013,1.488491],[-75.695123,1.488489],[-75.695232,1.488492],[-75.695342,1.488501],[-75.695402,1.488512],[-75.695461,1.488528],[-75.695518,1.48855],[-75.695572,1.488578],[-75.695604,1.488599],[-75.695623,1.488612],[-75.695671,1.488651],[-75.695714,1.488694],[-75.695752,1.488741],[-75.695786,1.488793],[-75.695813,1.488847],[-75.695835,1.488904],[-75.695852,1.488963],[-75.695862,1.489023],[-75.695865,1.489084],[-75.696091,1.490036],[-75.696191,1.490458],[-75.696436,1.491488],[-75.696579,1.492654],[-75.696612,1.492896],[-75.69665,1.493138],[-75.696695,1.493378],[-75.696746,1.493617],[-75.696762,1.493707],[-75.696772,1.493798],[-75.696775,1.493889],[-75.69677,1.493981],[-75.696759,1.494071],[-75.696741,1.494161],[-75.696716,1.494249],[-75.696685,1.494335],[-75.696647,1.494418],[-75.696603,1.494498],[-75.696562,1.494572],[-75.696527,1.494649],[-75.696499,1.494729],[-75.696477,1.494811],[-75.696462,1.494894],[-75.696453,1.494978],[-75.696452,1.495063],[-75.696457,1.495147],[-75.696469,1.495231],[-75.696487,1.495314],[-75.696512,1.495395],[-75.696543,1.495473],[-75.696564,1.495512],[-75.696589,1.495548],[-75.696618,1.49558],[-75.696652,1.495608],[-75.696688,1.495632],[-75.696728,1.49565],[-75.696769,1.495664],[-75.696911,1.495703],[-75.697051,1.49575],[-75.697188,1.495803],[-75.697323,1.495863],[-75.697455,1.495929],[-75.697583,1.496001],[-75.697707,1.496079],[-75.697828,1.496163],[-75.697935,1.496238],[-75.698045,1.496308],[-75.698085,1.496332],[-75.698157,1.496374],[-75.698273,1.496435],[-75.69839,1.49649],[-75.69851,1.496541],[-75.698632,1.496587],[-75.698756,1.496627],[-75.698838,1.496656],[-75.698918,1.496691],[-75.698994,1.496733],[-75.699066,1.496781],[-75.699135,1.496834],[-75.699198,1.496893],[-75.699257,1.496957],[-75.69931,1.497026],[-75.699357,1.497098],[-75.699399,1.497175],[-75.699756,1.497603],[-75.699827,1.497729],[-75.700077,1.498174],[-75.700085,1.498196],[-75.700243,1.498626],[-75.700493,1.499173],[-75.700553,1.499297],[-75.700617,1.499417],[-75.700686,1.499535],[-75.70076,1.49965],[-75.700838,1.499762],[-75.700921,1.499871],[-75.701009,1.499976],[-75.7011,1.500078],[-75.701214,1.500194],[-75.701332,1.500306],[-75.701454,1.500413],[-75.701551,1.500492],[-75.701581,1.500516],[-75.701711,1.500613],[-75.701845,1.500706],[-75.701982,1.500793],[-75.702123,1.500875],[-75.702233,1.500939],[-75.70234,1.50101],[-75.702443,1.501085],[-75.702519,1.501147],[-75.702542,1.501165],[-75.702636,1.501251],[-75.702675,1.501289],[-75.702727,1.501341],[-75.702812,1.501435],[-75.702893,1.501534],[-75.702969,1.501637],[-75.703039,1.501743],[-75.703099,1.501844],[-75.703154,1.501947],[-75.703204,1.502053],[-75.703248,1.502161],[-75.703287,1.502271],[-75.703321,1.502383],[-75.70335,1.502497],[-75.703372,1.502612],[-75.703391,1.502739],[-75.703403,1.502867],[-75.703409,1.502995],[-75.703408,1.503123],[-75.703398,1.503516],[-75.703395,1.503908],[-75.703398,1.504301],[-75.703408,1.504694],[-75.703422,1.505018],[-75.703426,1.505087],[-75.703442,1.505342],[-75.703469,1.505666],[-75.703502,1.505989],[-75.703541,1.506311],[-75.703587,1.506633],[-75.70361,1.506764],[-75.703639,1.506893],[-75.703675,1.507021],[-75.703717,1.507147],[-75.703766,1.50727],[-75.70382,1.507391],[-75.70388,1.50751],[-75.703946,1.507625],[-75.704018,1.507737],[-75.704095,1.507845],[-75.704177,1.507949],[-75.704265,1.508049],[-75.704496,1.508299],[-75.704729,1.508548],[-75.704765,1.508582],[-75.704805,1.508612],[-75.704849,1.508635],[-75.704895,1.508653],[-75.704943,1.508665],[-75.704992,1.508671],[-75.705042,1.508671],[-75.705091,1.508664],[-75.705139,1.508651],[-75.705185,1.508632],[-75.705228,1.508608],[-75.705346,1.508527],[-75.70546,1.508441],[-75.70557,1.508351],[-75.705676,1.508255],[-75.705778,1.508155],[-75.705876,1.508051],[-75.705969,1.507943],[-75.706057,1.507831],[-75.70614,1.507715],[-75.706218,1.507595],[-75.706291,1.507473],[-75.706359,1.507347],[-75.706418,1.507224],[-75.706472,1.507099],[-75.70652,1.506972],[-75.706563,1.506842],[-75.7066,1.506711],[-75.706632,1.506579],[-75.706658,1.506445],[-75.706678,1.506311],[-75.706709,1.506097],[-75.706746,1.505885],[-75.706844,1.505424],[-75.707191,1.503937],[-75.707364,1.503269],[-75.707463,1.502922],[-75.707522,1.502824],[-75.707612,1.502674],[-75.707773,1.502476],[-75.707921,1.502315],[-75.70807,1.502129],[-75.708182,1.501968],[-75.70833,1.501819],[-75.708516,1.501683],[-75.708714,1.501559],[-75.708933,1.501455],[-75.708949,1.501448],[-75.709148,1.501374],[-75.709346,1.501299],[-75.709494,1.501237],[-75.709606,1.5012],[-75.709767,1.501126],[-75.709817,1.501113],[-75.709994,1.501021],[-75.710184,1.500883],[-75.710378,1.500752],[-75.710517,1.500663],[-75.710575,1.500626],[-75.710776,1.500506],[-75.710981,1.500391],[-75.711188,1.500283],[-75.711399,1.500181],[-75.711543,1.500118],[-75.711689,1.50006],[-75.711838,1.50001],[-75.711989,1.499965],[-75.712142,1.499927],[-75.712296,1.499896],[-75.712451,1.499872],[-75.712608,1.499854],[-75.712765,1.499843],[-75.712922,1.499838],[-75.71395,1.499629],[-75.715492,1.499439],[-75.715751,1.499403],[-75.716009,1.499362],[-75.716266,1.499314],[-75.716522,1.499259],[-75.716777,1.499198],[-75.71703,1.499131],[-75.717281,1.499058],[-75.717643,1.49895],[-75.718007,1.498849],[-75.718373,1.498752],[-75.71874,1.498662],[-75.719108,1.498577],[-75.719478,1.498498],[-75.719848,1.498425],[-75.72022,1.498358],[-75.720593,1.498297],[-75.720766,1.498273],[-75.72094,1.498255],[-75.721114,1.498243],[-75.721288,1.498238],[-75.721463,1.498238],[-75.721637,1.498245],[-75.721811,1.498258],[-75.722027,1.498276],[-75.722242,1.498287],[-75.722458,1.498293],[-75.722674,1.498294],[-75.72289,1.498288],[-75.723106,1.498277],[-75.72328,1.498269],[-75.723455,1.498267],[-75.72363,1.49827],[-75.723804,1.498279],[-75.723978,1.498294],[-75.724152,1.498315],[-75.724324,1.498341],[-75.724496,1.498373],[-75.724647,1.498406],[-75.724667,1.498411],[-75.724937,1.498419],[-75.7254,1.498435],[-75.725952,1.498456],[-75.726503,1.498483],[-75.727054,1.498518],[-75.727316,1.498533],[-75.727577,1.498543],[-75.727839,1.498548],[-75.728044,1.498547],[-75.728078,1.498932],[-75.728327,1.501747],[-75.728349,1.502063],[-75.728342,1.502097],[-75.728334,1.502133],[-75.728327,1.502167],[-75.728312,1.502213],[-75.728296,1.50227],[-75.728288,1.502305],[-75.728266,1.502357],[-75.728243,1.502408],[-75.72822,1.502448],[-75.728181,1.502459],[-75.728135,1.502488],[-75.728083,1.502517],[-75.728037,1.50254],[-75.727998,1.502557],[-75.727952,1.502569],[-75.727884,1.502585],[-75.727846,1.502598],[-75.727815,1.502603],[-75.727769,1.502614],[-75.727693,1.502638],[-75.72761,1.502655],[-75.727548,1.502683],[-75.727472,1.502701],[-75.727335,1.502695],[-75.727289,1.502695],[-75.727198,1.502677],[-75.727159,1.502666],[-75.727083,1.502637],[-75.727015,1.502615],[-75.726976,1.502603],[-75.726923,1.502597],[-75.726862,1.502551],[-75.726832,1.502517],[-75.726793,1.5025],[-75.726762,1.502477],[-75.726724,1.502453],[-75.726603,1.502408],[-75.726633,1.50235],[-75.726587,1.502327],[-75.726557,1.502316],[-75.726518,1.502304],[-75.726472,1.502298],[-75.72642,1.502276],[-75.726388,1.502264],[-75.726358,1.502252],[-75.726312,1.502247],[-75.726275,1.502224],[-75.726229,1.502212],[-75.726198,1.502189],[-75.726152,1.502183],[-75.726135,1.502187],[-75.726129,1.502186],[-75.726084,1.502175],[-75.726008,1.502158],[-75.725962,1.502167],[-75.725863,1.502162],[-75.725793,1.502153],[-75.725741,1.50215],[-75.725694,1.502138],[-75.725634,1.502143],[-75.725572,1.502137],[-75.725481,1.502138],[-75.725412,1.502134],[-75.725351,1.502134],[-75.725298,1.502128],[-75.725244,1.502123],[-75.725191,1.502119],[-75.725129,1.502117],[-75.725077,1.502124],[-75.724992,1.50212],[-75.724916,1.502123],[-75.724817,1.502125],[-75.724725,1.502131],[-75.724634,1.502135],[-75.724611,1.502141],[-75.724558,1.50216],[-75.724435,1.502206],[-75.724298,1.502258],[-75.724176,1.502304],[-75.724039,1.502373],[-75.723947,1.502401],[-75.72384,1.502453],[-75.723733,1.50251],[-75.723635,1.502539],[-75.723589,1.502568],[-75.723459,1.502608],[-75.723359,1.502648],[-75.723222,1.502705],[-75.723093,1.502763],[-75.723001,1.502814],[-75.722788,1.502918],[-75.722665,1.502981],[-75.722605,1.502993],[-75.722536,1.503022],[-75.722429,1.503056],[-75.722375,1.503078],[-75.722277,1.503119],[-75.722238,1.50313],[-75.72214,1.503136],[-75.722086,1.503148],[-75.722032,1.503153],[-75.721925,1.503182],[-75.721864,1.503193],[-75.72181,1.503205],[-75.72178,1.503216],[-75.721727,1.503228],[-75.721673,1.503251],[-75.721613,1.503262],[-75.721582,1.50328],[-75.721544,1.503291],[-75.721506,1.503314],[-75.721438,1.503331],[-75.721368,1.503371],[-75.72133,1.503394],[-75.721277,1.503405],[-75.721231,1.503434],[-75.721132,1.503509],[-75.721078,1.503561],[-75.721048,1.503543],[-75.721002,1.503521],[-75.720804,1.503635],[-75.720774,1.503647],[-75.720736,1.503653],[-75.720704,1.503653],[-75.720651,1.50367],[-75.720605,1.503676],[-75.720521,1.503698],[-75.720476,1.50371],[-75.7204,1.503721],[-75.720346,1.503739],[-75.720285,1.503779],[-75.720255,1.503796],[-75.720193,1.503819],[-75.72014,1.503848],[-75.720094,1.50387],[-75.720034,1.50391],[-75.71998,1.503939],[-75.719903,1.503974],[-75.71985,1.503997],[-75.719796,1.504008],[-75.719712,1.504049],[-75.719667,1.504066],[-75.719621,1.504094],[-75.719561,1.504123],[-75.719529,1.50414],[-75.719491,1.504152],[-75.719438,1.504192],[-75.719408,1.504215],[-75.719354,1.504261],[-75.719285,1.504318],[-75.719225,1.504359],[-75.719171,1.504404],[-75.71911,1.504484],[-75.719056,1.504531],[-75.719011,1.504594],[-75.718957,1.504651],[-75.718889,1.504772],[-75.718804,1.504927],[-75.718721,1.505099],[-75.718637,1.505237],[-75.71856,1.505352],[-75.718514,1.505415],[-75.718446,1.505518],[-75.718377,1.50561],[-75.718316,1.505748],[-75.71824,1.505955],[-75.718171,1.506098],[-75.718095,1.50623],[-75.718026,1.506356],[-75.717958,1.506506],[-75.71792,1.50658],[-75.717851,1.506672],[-75.717805,1.506758],[-75.717752,1.506844],[-75.71766,1.506982],[-75.717591,1.507091],[-75.71747,1.507258],[-75.717408,1.507367],[-75.71734,1.507465],[-75.717271,1.507677],[-75.71721,1.50778],[-75.717149,1.507935],[-75.717111,1.508084],[-75.717095,1.508142],[-75.717057,1.508222],[-75.716996,1.508389],[-75.716966,1.508498],[-75.716944,1.508544],[-75.71692,1.508625],[-75.71689,1.508722],[-75.716851,1.508785],[-75.716829,1.508877],[-75.716798,1.508963],[-75.716775,1.509026],[-75.71676,1.509084],[-75.716744,1.509135],[-75.71673,1.509216],[-75.7167,1.509256],[-75.716661,1.509336],[-75.716623,1.509371],[-75.716616,1.509396],[-75.716614,1.509402],[-75.716599,1.509428],[-75.716577,1.509463],[-75.716577,1.509497],[-75.716555,1.509532],[-75.716554,1.509618],[-75.716547,1.509658],[-75.716547,1.509698],[-75.716539,1.50975],[-75.716546,1.509779],[-75.716546,1.50983],[-75.716554,1.509865],[-75.716554,1.509916],[-75.716569,1.50995],[-75.716584,1.509997],[-75.716585,1.510031],[-75.7166,1.510066],[-75.716615,1.5101],[-75.716653,1.510117],[-75.716524,1.510244],[-75.716699,1.511512],[-75.716302,1.514315],[-75.716577,1.515825],[-75.716607,1.516462],[-75.716516,1.516766],[-75.716257,1.517088],[-75.715158,1.517633],[-75.714219,1.517725],[-75.71335,1.51757],[-75.713312,1.517501],[-75.713274,1.517489],[-75.713242,1.517489],[-75.713204,1.517483],[-75.713174,1.517472],[-75.713136,1.517461],[-75.713098,1.517449],[-75.713059,1.517443],[-75.712999,1.517421],[-75.712945,1.517409],[-75.712907,1.517403],[-75.712862,1.517392],[-75.71283,1.51738],[-75.712778,1.517374],[-75.712739,1.517363],[-75.712693,1.517362],[-75.712663,1.517351],[-75.712571,1.517323],[-75.71251,1.517306],[-75.71248,1.5173],[-75.712426,1.517271],[-75.71235,1.51726],[-75.712289,1.517253],[-75.712229,1.517242],[-75.712159,1.517225],[-75.712114,1.517225],[-75.712022,1.517213],[-75.711976,1.517207],[-75.711893,1.517197],[-75.711855,1.51719],[-75.711786,1.517179],[-75.71174,1.517167],[-75.711664,1.517162],[-75.711595,1.51715],[-75.711549,1.517156],[-75.711435,1.517144],[-75.711336,1.517127],[-75.711213,1.517121],[-75.711159,1.517121],[-75.711023,1.517115],[-75.710977,1.517104],[-75.710878,1.517087],[-75.710824,1.517087],[-75.710771,1.517093],[-75.710733,1.517093],[-75.710671,1.517104],[-75.710572,1.517161],[-75.710496,1.517201],[-75.710419,1.517248],[-75.710389,1.517288],[-75.710367,1.517328],[-75.710298,1.517397],[-75.710274,1.517443],[-75.710244,1.517546],[-75.710229,1.517615],[-75.710214,1.517712],[-75.710214,1.517793],[-75.710206,1.517856],[-75.710191,1.517925],[-75.710175,1.517994],[-75.710153,1.518086],[-75.710122,1.518172],[-75.710122,1.518241],[-75.7101,1.518321],[-75.7101,1.518408],[-75.710092,1.518459],[-75.710054,1.518517],[-75.710023,1.518626],[-75.710007,1.518666],[-75.71,1.518698],[-75.709985,1.518786],[-75.709969,1.518827],[-75.709955,1.518867],[-75.709939,1.518907],[-75.709916,1.518976],[-75.709901,1.51901],[-75.709878,1.519062],[-75.70984,1.519096],[-75.70981,1.519131],[-75.709779,1.519154],[-75.709741,1.519183],[-75.709703,1.519205],[-75.709672,1.519235],[-75.709649,1.519268],[-75.709596,1.519297],[-75.709558,1.519332],[-75.709512,1.519355],[-75.709482,1.519383],[-75.709421,1.519412],[-75.709389,1.519424],[-75.709351,1.519446],[-75.709306,1.519446],[-75.70926,1.519447],[-75.7092,1.519458],[-75.709161,1.51945],[-75.709061,1.519516],[-75.709031,1.519538],[-75.708993,1.519556],[-75.708955,1.519573],[-75.708924,1.51959],[-75.708902,1.51963],[-75.70887,1.519642],[-75.708833,1.51967],[-75.708802,1.519693],[-75.708757,1.519733],[-75.708711,1.519797],[-75.708657,1.519883],[-75.708604,1.51994],[-75.708543,1.520055],[-75.708505,1.520141],[-75.708451,1.52021],[-75.70836,1.520331],[-75.708284,1.520405],[-75.708207,1.520457],[-75.708139,1.520503],[-75.708101,1.520514],[-75.708047,1.520543],[-75.708001,1.5206],[-75.707918,1.520669],[-75.707864,1.520749],[-75.707811,1.520818],[-75.707773,1.520876],[-75.707696,1.520991],[-75.707581,1.521186],[-75.707513,1.521341],[-75.707467,1.52145],[-75.707436,1.521519],[-75.707398,1.52164],[-75.707353,1.52172],[-75.707307,1.521847],[-75.707277,1.521996],[-75.707246,1.522082],[-75.707208,1.522243],[-75.707162,1.522334],[-75.707109,1.522495],[-75.707085,1.522581],[-75.707063,1.522696],[-75.707009,1.522811],[-75.706933,1.523],[-75.706887,1.523103],[-75.706872,1.523201],[-75.706849,1.52331],[-75.706803,1.523408],[-75.706758,1.523511],[-75.70672,1.523592],[-75.706712,1.523626],[-75.706689,1.52366],[-75.706643,1.523712],[-75.706613,1.523724],[-75.706597,1.523758],[-75.706597,1.523804],[-75.7063,1.523912],[-75.706277,1.523907],[-75.706247,1.523941],[-75.706216,1.523958],[-75.706178,1.523975],[-75.706132,1.524021],[-75.706086,1.524056],[-75.706048,1.524067],[-75.706018,1.524096],[-75.705979,1.524108],[-75.705941,1.524142],[-75.705887,1.524182],[-75.705819,1.524257],[-75.705781,1.52428],[-75.705736,1.524303],[-75.705674,1.524354],[-75.705591,1.524452],[-75.705537,1.524475],[-75.705506,1.524493],[-75.705476,1.524521],[-75.70543,1.524538],[-75.7054,1.524573],[-75.705361,1.524596],[-75.705315,1.524619],[-75.705263,1.524659],[-75.705224,1.524676],[-75.705156,1.524676],[-75.705094,1.524688],[-75.705026,1.524705],[-75.704957,1.524734],[-75.704896,1.524762],[-75.704827,1.524797],[-75.704744,1.524809],[-75.704644,1.524825],[-75.704553,1.524843],[-75.704492,1.52486],[-75.704339,1.524883],[-75.704201,1.524889],[-75.70411,1.524889],[-75.703942,1.524906],[-75.703851,1.524923],[-75.703797,1.524935],[-75.703706,1.524952],[-75.70363,1.524975],[-75.703553,1.524981],[-75.703485,1.524992],[-75.703393,1.525009],[-75.703332,1.525009],[-75.703278,1.525021],[-75.70321,1.525021],[-75.703141,1.525038],[-75.70308,1.52505],[-75.70305,1.525056],[-75.702996,1.525079],[-75.70292,1.525107],[-75.702882,1.525136],[-75.702805,1.525176],[-75.702752,1.525303],[-75.702737,1.525325],[-75.702706,1.525349],[-75.702691,1.525383],[-75.70269,1.525475],[-75.702684,1.525584],[-75.702684,1.525739],[-75.702691,1.525773],[-75.702691,1.525842],[-75.702683,1.525877],[-75.702683,1.525963],[-75.702676,1.526037],[-75.702668,1.526164],[-75.702668,1.52625],[-75.702653,1.526308],[-75.702653,1.526342],[-75.702637,1.526394],[-75.702599,1.52648],[-75.702576,1.526537],[-75.702554,1.526594],[-75.702524,1.526646],[-75.702485,1.526698],[-75.702447,1.526755],[-75.702409,1.52679],[-75.702379,1.526819],[-75.702347,1.526853],[-75.702294,1.526888],[-75.70224,1.526934],[-75.702202,1.526968],[-75.702149,1.527008],[-75.702043,1.5271],[-75.702012,1.527141],[-75.701928,1.527204],[-75.701859,1.527261],[-75.701791,1.527319],[-75.701715,1.527387],[-75.70163,1.527479],[-75.70157,1.527514],[-75.701516,1.527548],[-75.701447,1.527588],[-75.701417,1.527623],[-75.701326,1.527675],[-75.701294,1.527709],[-75.701264,1.527744],[-75.701226,1.527778],[-75.701188,1.527818],[-75.701157,1.527853],[-75.701135,1.527887],[-75.701111,1.527921],[-75.701097,1.527973],[-75.701096,1.528123],[-75.701112,1.528157],[-75.701112,1.528364],[-75.701127,1.528438],[-75.701134,1.528553],[-75.701158,1.528611],[-75.701165,1.528702],[-75.70118,1.528749],[-75.701203,1.528829],[-75.701226,1.52888],[-75.701249,1.528915],[-75.701256,1.528949],[-75.701272,1.528984],[-75.701287,1.529047],[-75.701302,1.529082],[-75.701302,1.529116],[-75.70131,1.529133],[-75.701325,1.529168],[-75.701333,1.529208],[-75.701341,1.529254],[-75.701348,1.529288],[-75.701371,1.529334],[-75.701379,1.529369],[-75.701394,1.529421],[-75.701401,1.52949],[-75.701425,1.52953],[-75.701439,1.529564],[-75.701447,1.529599],[-75.701463,1.529644],[-75.701478,1.529708],[-75.701509,1.52984],[-75.701523,1.52992],[-75.701539,1.529983],[-75.701561,1.530093],[-75.701593,1.530224],[-75.7016,1.530299],[-75.701615,1.530357],[-75.701623,1.530437],[-75.701638,1.530535],[-75.701676,1.530707],[-75.701699,1.530793],[-75.701715,1.530931],[-75.701737,1.530988],[-75.701783,1.531155],[-75.701813,1.531287],[-75.701837,1.531443],[-75.701875,1.531568],[-75.701913,1.531775],[-75.701951,1.531936],[-75.701997,1.532114],[-75.702027,1.532211],[-75.702051,1.532315],[-75.702073,1.532389],[-75.702157,1.532567],[-75.702203,1.532774],[-75.702225,1.532872],[-75.702279,1.533033],[-75.702317,1.53313],[-75.702363,1.533291],[-75.702432,1.533464],[-75.702485,1.533614],[-75.702523,1.533739],[-75.702554,1.533814],[-75.702576,1.533889],[-75.702622,1.534026],[-75.70266,1.53413],[-75.70269,1.534251],[-75.702729,1.534313],[-75.702736,1.534348],[-75.702736,1.534434],[-75.70276,1.534469],[-75.702775,1.534503],[-75.702782,1.534549],[-75.702806,1.534583],[-75.702821,1.534618],[-75.702828,1.534658],[-75.702851,1.534698],[-75.702844,1.53479],[-75.702844,1.53483],[-75.702836,1.534865],[-75.702814,1.534922],[-75.702782,1.53498],[-75.70276,1.535026],[-75.702714,1.535066],[-75.702691,1.5351],[-75.702661,1.535146],[-75.70263,1.535198],[-75.702584,1.53529],[-75.702554,1.535347],[-75.702492,1.535456],[-75.702462,1.535525],[-75.702423,1.535612],[-75.702401,1.535652],[-75.702385,1.535709],[-75.702371,1.535766],[-75.702355,1.535813],[-75.702348,1.535858],[-75.70234,1.535905],[-75.70234,1.535985],[-75.702332,1.536025],[-75.70234,1.536065],[-75.702348,1.536129],[-75.702356,1.536169],[-75.702348,1.536295],[-75.702356,1.536427],[-75.702363,1.536542],[-75.702386,1.536691],[-75.702416,1.536823],[-75.702454,1.53699],[-75.702478,1.537099],[-75.702508,1.537266],[-75.702531,1.537363],[-75.702562,1.537495],[-75.702584,1.537587],[-75.7026,1.537702],[-75.702622,1.537805],[-75.702638,1.537892],[-75.702653,1.537972],[-75.702668,1.538098],[-75.702683,1.538161],[-75.702699,1.538317],[-75.702729,1.53846],[-75.702737,1.538575],[-75.702737,1.538678],[-75.702751,1.538902],[-75.702759,1.53904],[-75.702759,1.539138],[-75.702767,1.539316],[-75.702775,1.539385],[-75.702783,1.539471],[-75.702782,1.539608],[-75.70279,1.539655],[-75.702813,1.539787],[-75.702813,1.539908],[-75.70282,1.539976],[-75.702836,1.540097],[-75.702844,1.540189],[-75.702858,1.540258],[-75.702858,1.540453],[-75.702874,1.540661],[-75.702882,1.540685],[-75.702882,1.540717],[-75.70289,1.540752],[-75.702904,1.540769],[-75.702904,1.540849],[-75.702912,1.54089],[-75.702928,1.540935],[-75.702935,1.540993],[-75.702942,1.541033],[-75.70295,1.541068],[-75.702958,1.541119],[-75.702974,1.541159],[-75.702988,1.541286],[-75.702988,1.541326],[-75.703004,1.541441],[-75.703004,1.541516],[-75.703019,1.541607],[-75.703019,1.541647],[-75.703034,1.54178],[-75.703049,1.541888],[-75.703049,1.541986],[-75.703073,1.54213],[-75.703087,1.542239],[-75.703087,1.54236],[-75.703073,1.542451],[-75.703072,1.542756],[-75.703042,1.542974],[-75.703034,1.543158],[-75.703011,1.543336],[-75.702989,1.543537],[-75.702965,1.543727],[-75.702935,1.544019],[-75.70292,1.544134],[-75.702897,1.544353],[-75.702882,1.544444],[-75.702867,1.544634],[-75.702859,1.544726],[-75.702843,1.544818],[-75.702813,1.544961],[-75.702798,1.545041],[-75.70279,1.545139],[-75.702768,1.545209],[-75.702752,1.545387],[-75.702737,1.545485],[-75.702729,1.545542],[-75.702721,1.545644],[-75.702721,1.54568],[-75.702707,1.545725],[-75.702707,1.545777],[-75.702699,1.545822],[-75.702691,1.545857],[-75.702691,1.545898],[-75.702683,1.54595],[-75.702683,1.546219],[-75.702676,1.546282],[-75.70266,1.546358],[-75.702652,1.54641],[-75.702652,1.546495],[-75.702638,1.546575],[-75.702645,1.546609],[-75.702622,1.546747],[-75.702615,1.546788],[-75.702577,1.546914],[-75.702553,1.547075],[-75.702546,1.547161],[-75.702531,1.54723],[-75.7025,1.547299],[-75.702492,1.547333],[-75.702478,1.547368],[-75.702475,1.547413],[-75.702462,1.547437],[-75.702439,1.547471],[-75.702439,1.547506],[-75.702424,1.547574],[-75.702393,1.547632],[-75.702371,1.547695],[-75.702355,1.547747],[-75.702333,1.547787],[-75.702309,1.54785],[-75.702286,1.547913],[-75.702264,1.547965],[-75.702248,1.548006],[-75.702226,1.548057],[-75.702203,1.54812],[-75.702172,1.548207],[-75.702133,1.548264],[-75.702111,1.548304],[-75.702073,1.548344],[-75.702035,1.548385],[-75.701982,1.548448],[-75.701905,1.548511],[-75.701859,1.548539],[-75.701813,1.548574],[-75.701775,1.548609],[-75.701745,1.548643],[-75.701722,1.548671],[-75.701684,1.548689],[-75.70163,1.548712],[-75.7016,1.548746],[-75.701539,1.548792],[-75.701493,1.548821],[-75.701447,1.548855],[-75.701378,1.548895],[-75.70134,1.548913],[-75.70128,1.548947],[-75.701226,1.548964],[-75.701195,1.548982],[-75.701135,1.549005],[-75.701089,1.549022],[-75.701012,1.549056],[-75.700959,1.549079],[-75.700867,1.549119],[-75.700821,1.549137],[-75.700761,1.549143],[-75.700707,1.54916],[-75.70067,1.549177],[-75.700631,1.549189],[-75.700578,1.549218],[-75.700524,1.549223],[-75.700463,1.549234],[-75.70041,1.54924],[-75.700326,1.549258],[-75.700272,1.549275],[-75.700189,1.549292],[-75.700143,1.549304],[-75.700089,1.549309],[-75.699998,1.549326],[-75.699952,1.549344],[-75.699883,1.549373],[-75.699799,1.549378],[-75.6997,1.549401],[-75.699632,1.549419],[-75.69957,1.549441],[-75.699509,1.549459],[-75.699479,1.549476],[-75.699387,1.549499],[-75.699334,1.549522],[-75.699288,1.549556],[-75.69925,1.549586],[-75.699196,1.549631],[-75.699159,1.54966],[-75.699113,1.549694],[-75.699083,1.549729],[-75.699059,1.549763],[-75.699036,1.549797],[-75.699021,1.549832],[-75.699006,1.549866],[-75.69896,1.549924],[-75.698944,1.54997],[-75.69893,1.550022],[-75.698914,1.550067],[-75.698891,1.550108],[-75.698831,1.55016],[-75.698785,1.550206],[-75.698754,1.550228],[-75.698716,1.550252],[-75.69867,1.550263],[-75.698617,1.550292],[-75.698571,1.550315],[-75.698517,1.550343],[-75.698479,1.550377],[-75.69838,1.550429],[-75.698326,1.550487],[-75.698304,1.550493],[-75.698266,1.550504],[-75.698235,1.55051],[-75.698197,1.550516],[-75.698167,1.550521],[-75.698129,1.550527],[-75.69809,1.550544],[-75.698052,1.550556],[-75.698006,1.550573],[-75.697946,1.550584],[-75.697907,1.550584],[-75.697861,1.550602],[-75.697831,1.550613],[-75.69777,1.550619],[-75.697701,1.550625],[-75.697648,1.550636],[-75.697602,1.550659],[-75.697572,1.550671],[-75.697533,1.550688],[-75.697487,1.550711],[-75.697427,1.550723],[-75.697358,1.550745],[-75.697312,1.550768],[-75.697213,1.550803],[-75.697129,1.550826],[-75.697075,1.550843],[-75.696992,1.55086],[-75.6969,1.550889],[-75.696847,1.550912],[-75.696785,1.550929],[-75.696709,1.550952],[-75.69664,1.55097],[-75.696564,1.550986],[-75.696465,1.55101],[-75.696328,1.55105],[-75.696266,1.551078],[-75.696168,1.551107],[-75.696099,1.55113],[-75.695992,1.551153],[-75.695924,1.551176],[-75.695771,1.551234],[-75.695679,1.551262],[-75.695588,1.55129],[-75.695526,1.551314],[-75.695435,1.551331],[-75.695336,1.55136],[-75.695282,1.551371],[-75.695214,1.5514],[-75.695138,1.551404],[-75.695069,1.5514],[-75.695031,1.551418],[-75.695001,1.551435],[-75.694962,1.55144],[-75.694932,1.551446],[-75.694878,1.551458],[-75.694832,1.551469],[-75.694779,1.551481],[-75.694749,1.551498],[-75.694711,1.551515],[-75.694649,1.551544],[-75.694604,1.551561],[-75.694566,1.551567],[-75.69452,1.551584],[-75.694474,1.55159],[-75.694436,1.551607],[-75.694382,1.551613],[-75.694337,1.551618],[-75.694299,1.551625],[-75.694253,1.551636],[-75.694206,1.551636],[-75.694154,1.551647],[-75.694085,1.551647],[-75.694031,1.551659],[-75.693985,1.551676],[-75.693917,1.551705],[-75.693864,1.55173],[-75.693856,1.551768],[-75.693818,1.551773],[-75.693788,1.55178],[-75.693749,1.551802],[-75.693719,1.551808],[-75.693688,1.551837],[-75.693649,1.551848],[-75.693619,1.551865],[-75.693581,1.551865],[-75.693551,1.551871],[-75.69349,1.551906],[-75.693436,1.551935],[-75.693398,1.551957],[-75.69336,1.551975],[-75.693321,1.551998],[-75.693245,1.552009],[-75.693162,1.552009],[-75.693124,1.552003],[-75.693093,1.552021],[-75.693055,1.552049],[-75.693017,1.552072],[-75.692979,1.552078],[-75.692917,1.552095],[-75.692864,1.552124],[-75.692818,1.552164],[-75.692764,1.552169],[-75.692665,1.552187],[-75.692574,1.552204],[-75.69243,1.552233],[-75.692383,1.552245],[-75.692322,1.55225],[-75.692277,1.55225],[-75.692162,1.552262],[-75.692116,1.552291],[-75.691979,1.55236],[-75.691841,1.5524],[-75.691734,1.552423],[-75.691689,1.552429],[-75.691537,1.552462],[-75.691406,1.552492],[-75.691231,1.552555],[-75.691109,1.552612],[-75.691002,1.552664],[-75.690964,1.552693],[-75.690933,1.552704],[-75.690895,1.552716],[-75.690835,1.552739],[-75.690758,1.552768],[-75.690712,1.552768],[-75.690567,1.552802],[-75.690453,1.552836],[-75.6903,1.552894],[-75.690125,1.552951],[-75.689942,1.553015],[-75.689774,1.553072],[-75.689674,1.553101],[-75.689469,1.553153],[-75.689316,1.553198],[-75.68911,1.553291],[-75.689018,1.55333],[-75.688873,1.553377],[-75.688767,1.553411],[-75.68863,1.553457],[-75.688499,1.553509],[-75.688416,1.553537],[-75.688332,1.553555],[-75.688233,1.553577],[-75.688141,1.553612],[-75.688081,1.553624],[-75.688019,1.553652],[-75.68792,1.553698],[-75.687836,1.553738],[-75.687759,1.553773],[-75.687546,1.553842],[-75.687401,1.553893],[-75.687294,1.553928],[-75.687111,1.553974],[-75.687019,1.554008],[-75.686882,1.554049],[-75.686799,1.554083],[-75.686699,1.554123],[-75.686562,1.554175],[-75.686508,1.554204],[-75.686409,1.554226],[-75.686325,1.554238],[-75.686218,1.554261],[-75.68615,1.554273],[-75.686089,1.55429],[-75.685959,1.554301],[-75.685876,1.554307],[-75.685822,1.554313],[-75.685768,1.554324],[-75.685723,1.554324],[-75.685685,1.55433],[-75.685601,1.55433],[-75.68557,1.554336],[-75.685532,1.554353],[-75.685502,1.554342],[-75.68547,1.554347],[-75.685395,1.554347],[-75.685364,1.554336],[-75.685325,1.554325],[-75.685036,1.554324],[-75.684921,1.554307],[-75.684814,1.554307],[-75.684708,1.554296],[-75.684624,1.554284],[-75.684541,1.554256],[-75.684479,1.554244],[-75.684342,1.554232],[-75.684273,1.554221],[-75.684235,1.55421],[-75.684167,1.554198],[-75.684059,1.554158],[-75.683914,1.554124],[-75.683815,1.5541],[-75.683662,1.554066],[-75.683578,1.554026],[-75.683479,1.554014],[-75.683365,1.553957],[-75.683319,1.553934],[-75.683258,1.553923],[-75.68316,1.553888],[-75.68309,1.553859],[-75.683045,1.553837],[-75.682991,1.553825],[-75.682877,1.553791],[-75.682792,1.553779],[-75.682732,1.553756],[-75.682686,1.553756],[-75.682609,1.553739],[-75.68248,1.553716],[-75.682412,1.553681],[-75.68235,1.553659],[-75.682282,1.553636],[-75.682235,1.553635],[-75.682121,1.553584],[-75.682022,1.553538],[-75.681823,1.553435],[-75.681702,1.553366],[-75.681626,1.553308],[-75.68155,1.553274],[-75.681488,1.553251],[-75.681404,1.553205],[-75.681351,1.553147],[-75.681275,1.553101],[-75.681244,1.553078],[-75.68116,1.55305],[-75.681084,1.553027],[-75.680909,1.552929],[-75.680855,1.552906],[-75.680764,1.552872],[-75.680687,1.552843],[-75.68058,1.552809],[-75.680519,1.552797],[-75.680458,1.552786],[-75.68042,1.552786],[-75.680314,1.552774],[-75.680229,1.552734],[-75.680145,1.552711],[-75.680008,1.552665],[-75.679962,1.552648],[-75.679863,1.552602],[-75.679733,1.55255],[-75.679642,1.552527],[-75.67952,1.552482],[-75.679428,1.552458],[-75.679283,1.552407],[-75.679199,1.552372],[-75.67907,1.552315],[-75.678955,1.552257],[-75.678848,1.5522],[-75.678802,1.55216],[-75.678726,1.552126],[-75.678658,1.552102],[-75.678619,1.552079],[-75.678573,1.552028],[-75.678521,1.551993],[-75.678429,1.551947],[-75.678383,1.551913],[-75.678284,1.551855],[-75.678215,1.551821],[-75.678154,1.551798],[-75.678093,1.551764],[-75.677981,1.55173]]]},"properties":{"nombre_ver":"BOCAGRANDE","codigo_ver":"18001049","nomb_mpio":"FLORENCIA","nom_dep":"CAQUETÁ","area_ha":1122.89,"meta_ae":987,"meta_fb":85,"anio":2030}},{"type":"Feature","geometry":{"type":"Polygon","coordinates":[[[-75.716103,1.558319],[-75.716081,1.558319],[-75.716051,1.558307],[-75.716013,1.558296],[-75.715982,1.558256],[-75.715944,1.558232],[-75.715913,1.558227],[-75.715868,1.558192],[-75.715836,1.55817],[-75.715791,1.558055],[-75.715776,1.558009],[-75.715753,1.557923],[-75.715738,1.557883],[-75.7157,1.557762],[-75.715684,1.55767],[-75.715669,1.557555],[-75.715638,1.557411],[-75.715608,1.557268],[-75.715578,1.557095],[-75.715547,1.556946],[-75.71554,1.55682],[-75.715532,1.556746],[-75.715516,1.556711],[-75.715508,1.556659],[-75.715494,1.556625],[-75.71547,1.55659],[-75.715463,1.55655],[-75.715219,1.556441],[-75.715196,1.556406],[-75.715188,1.556372],[-75.715173,1.556337],[-75.715142,1.556303],[-75.715112,1.556269],[-75.715082,1.556257],[-75.715066,1.556223],[-75.715036,1.556188],[-75.715013,1.556148],[-75.71499,1.556091],[-75.71496,1.556033],[-75.714921,1.555959],[-75.714875,1.555895],[-75.714853,1.555832],[-75.714807,1.555752],[-75.714783,1.555712],[-75.714739,1.555643],[-75.714693,1.555562],[-75.714647,1.555499],[-75.714601,1.555424],[-75.714562,1.555367],[-75.71451,1.555292],[-75.714418,1.555195],[-75.714364,1.555103],[-75.714326,1.555063],[-75.714288,1.555011],[-75.714243,1.554954],[-75.714189,1.554919],[-75.71412,1.554862],[-75.714036,1.554798],[-75.713983,1.554775],[-75.713922,1.554718],[-75.713876,1.554666],[-75.713799,1.55462],[-75.713761,1.554598],[-75.713678,1.554551],[-75.713578,1.554511],[-75.71351,1.554488],[-75.713449,1.554465],[-75.713304,1.554465],[-75.71322,1.554466],[-75.713159,1.554466],[-75.713098,1.554459],[-75.713059,1.554466],[-75.713021,1.554471],[-75.712983,1.554482],[-75.712914,1.554506],[-75.712876,1.554511],[-75.712846,1.554517],[-75.71277,1.55454],[-75.712663,1.55454],[-75.712625,1.554534],[-75.712587,1.554523],[-75.71254,1.5545],[-75.71251,1.554488],[-75.712472,1.554477],[-75.712426,1.554443],[-75.712388,1.554419],[-75.71235,1.554385],[-75.712311,1.554374],[-75.712267,1.55435],[-75.712221,1.554339],[-75.712167,1.554333],[-75.712084,1.554311],[-75.711992,1.554219],[-75.711953,1.554184],[-75.711915,1.554155],[-75.711885,1.554127],[-75.711877,1.554064],[-75.711877,1.553989],[-75.7119,1.553908],[-75.711908,1.553874],[-75.711923,1.553811],[-75.711984,1.553718],[-75.71203,1.55365],[-75.712091,1.553598],[-75.712121,1.553569],[-75.71219,1.5535],[-75.71222,1.553478],[-75.712289,1.55342],[-75.71232,1.553397],[-75.712403,1.553351],[-75.712433,1.553317],[-75.712465,1.553311],[-75.712487,1.553231],[-75.712487,1.553127],[-75.71248,1.55307],[-75.712464,1.552984],[-75.712457,1.552915],[-75.712403,1.5528],[-75.712343,1.552696],[-75.712297,1.552662],[-75.712243,1.552616],[-75.712167,1.552536],[-75.71209,1.552489],[-75.712007,1.552467],[-75.711953,1.552432],[-75.711915,1.552421],[-75.711885,1.55241],[-75.711847,1.552398],[-75.711793,1.552375],[-75.711763,1.552352],[-75.711724,1.552341],[-75.71167,1.5523],[-75.711602,1.552266],[-75.711549,1.552243],[-75.711481,1.55222],[-75.711427,1.552174],[-75.711366,1.552122],[-75.71132,1.552076],[-75.711266,1.552036],[-75.711214,1.551984],[-75.711182,1.551967],[-75.711152,1.551956],[-75.711099,1.55191],[-75.711045,1.551841],[-75.711007,1.551778],[-75.710977,1.551743],[-75.710893,1.551663],[-75.71084,1.551577],[-75.71077,1.551439],[-75.710724,1.551347],[-75.710656,1.551221],[-75.710618,1.551163],[-75.710588,1.551129],[-75.710565,1.551077],[-75.710534,1.551014],[-75.710489,1.550905],[-75.710458,1.55083],[-75.710419,1.550738],[-75.710381,1.550646],[-75.710343,1.550577],[-75.710321,1.550509],[-75.71029,1.550446],[-75.710283,1.550393],[-75.710267,1.550353],[-75.710229,1.550308],[-75.710198,1.550273],[-75.710152,1.550181],[-75.710106,1.550112],[-75.710054,1.550009],[-75.710016,1.549957],[-75.709985,1.549935],[-75.709947,1.549877],[-75.709909,1.549814],[-75.709855,1.549745],[-75.709809,1.549681],[-75.709756,1.549619],[-75.709672,1.549526],[-75.709542,1.54944],[-75.709459,1.549389],[-75.709351,1.549343],[-75.709275,1.549274],[-75.709146,1.54924],[-75.709062,1.549188],[-75.708917,1.549142],[-75.708772,1.54909],[-75.70871,1.549068],[-75.708635,1.549044],[-75.708543,1.548987],[-75.708459,1.548965],[-75.708374,1.548935],[-75.70823,1.548889],[-75.708139,1.548867],[-75.708002,1.548843],[-75.70791,1.548814],[-75.707864,1.548792],[-75.707795,1.54878],[-75.707757,1.548769],[-75.707666,1.548734],[-75.707558,1.5487],[-75.70749,1.548677],[-75.707444,1.548654],[-75.707406,1.548637],[-75.707367,1.548625],[-75.707291,1.548568],[-75.70723,1.548487],[-75.707216,1.548476],[-75.707178,1.548453],[-75.707146,1.54843],[-75.707116,1.548395],[-75.707078,1.548373],[-75.707032,1.548327],[-75.706963,1.548298],[-75.706895,1.548287],[-75.706841,1.548275],[-75.706758,1.548252],[-75.706728,1.548241],[-75.706666,1.548229],[-75.706529,1.548154],[-75.70646,1.548114],[-75.706376,1.548074],[-75.7063,1.548051],[-75.706223,1.548028],[-75.706033,1.548028],[-75.705987,1.548011],[-75.705896,1.548011],[-75.705803,1.547999],[-75.705644,1.547988],[-75.70559,1.547988],[-75.705461,1.547982],[-75.705361,1.547982],[-75.705247,1.547982],[-75.705094,1.547982],[-75.705011,1.547976],[-75.704873,1.547976],[-75.704782,1.547965],[-75.704651,1.547953],[-75.70456,1.547948],[-75.704263,1.547947],[-75.704171,1.547936],[-75.704126,1.547925],[-75.703957,1.547896],[-75.703859,1.547873],[-75.703805,1.547873],[-75.703759,1.54785],[-75.703706,1.547827],[-75.703637,1.547815],[-75.703583,1.54781],[-75.703507,1.547798],[-75.703416,1.547787],[-75.703354,1.547764],[-75.703286,1.547741],[-75.70324,1.54773],[-75.703111,1.54769],[-75.703057,1.547678],[-75.702996,1.547655],[-75.702958,1.547643],[-75.702904,1.547632],[-75.702851,1.547621],[-75.702752,1.547586],[-75.702691,1.547551],[-75.702637,1.547523],[-75.702599,1.547488],[-75.7025,1.547431],[-75.702475,1.547413],[-75.702478,1.547368],[-75.702492,1.547333],[-75.7025,1.547299],[-75.702531,1.54723],[-75.702546,1.547161],[-75.702553,1.547075],[-75.702577,1.546914],[-75.702615,1.546788],[-75.702622,1.546747],[-75.702645,1.546609],[-75.702638,1.546575],[-75.702652,1.546495],[-75.702652,1.54641],[-75.70266,1.546358],[-75.702676,1.546282],[-75.702683,1.546219],[-75.702683,1.54595],[-75.702691,1.545898],[-75.702691,1.545857],[-75.702699,1.545822],[-75.702707,1.545777],[-75.702707,1.545725],[-75.702721,1.54568],[-75.702721,1.545644],[-75.702729,1.545542],[-75.702737,1.545485],[-75.702752,1.545387],[-75.702768,1.545209],[-75.70279,1.545139],[-75.702798,1.545041],[-75.702813,1.544961],[-75.702843,1.544818],[-75.702859,1.544726],[-75.702867,1.544634],[-75.702882,1.544444],[-75.702897,1.544353],[-75.70292,1.544134],[-75.702935,1.544019],[-75.702965,1.543727],[-75.702989,1.543537],[-75.703011,1.543336],[-75.703034,1.543158],[-75.703042,1.542974],[-75.703072,1.542756],[-75.703073,1.542451],[-75.703087,1.54236],[-75.703087,1.542239],[-75.703073,1.54213],[-75.703049,1.541986],[-75.703049,1.541888],[-75.703034,1.54178],[-75.703019,1.541647],[-75.703019,1.541607],[-75.703004,1.541516],[-75.703004,1.541441],[-75.702988,1.541326],[-75.702988,1.541286],[-75.702974,1.541159],[-75.702958,1.541119],[-75.70295,1.541068],[-75.702942,1.541033],[-75.702935,1.540993],[-75.702928,1.540935],[-75.702912,1.54089],[-75.702904,1.540849],[-75.702904,1.540769],[-75.70289,1.540752],[-75.702882,1.540717],[-75.702882,1.540685],[-75.702874,1.540661],[-75.702858,1.540453],[-75.702858,1.540258],[-75.702844,1.540189],[-75.702836,1.540097],[-75.70282,1.539976],[-75.702813,1.539908],[-75.702813,1.539787],[-75.70279,1.539655],[-75.702782,1.539608],[-75.702783,1.539471],[-75.702775,1.539385],[-75.702767,1.539316],[-75.702759,1.539138],[-75.702759,1.53904],[-75.702751,1.538902],[-75.702737,1.538678],[-75.702737,1.538575],[-75.702729,1.53846],[-75.702699,1.538317],[-75.702683,1.538161],[-75.702668,1.538098],[-75.702653,1.537972],[-75.702638,1.537892],[-75.702622,1.537805],[-75.7026,1.537702],[-75.702584,1.537587],[-75.702562,1.537495],[-75.702531,1.537363],[-75.702508,1.537266],[-75.702478,1.537099],[-75.702454,1.53699],[-75.702416,1.536823],[-75.702386,1.536691],[-75.702363,1.536542],[-75.702356,1.536427],[-75.702348,1.536295],[-75.702356,1.536169],[-75.702348,1.536129],[-75.70234,1.536065],[-75.702332,1.536025],[-75.70234,1.535985],[-75.70234,1.535905],[-75.702348,1.535858],[-75.702355,1.535813],[-75.702371,1.535766],[-75.702385,1.535709],[-75.702401,1.535652],[-75.702423,1.535612],[-75.702462,1.535525],[-75.702492,1.535456],[-75.702554,1.535347],[-75.702584,1.53529],[-75.70263,1.535198],[-75.702661,1.535146],[-75.702691,1.5351],[-75.702714,1.535066],[-75.70276,1.535026],[-75.702782,1.53498],[-75.702814,1.534922],[-75.702836,1.534865],[-75.702844,1.53483],[-75.702844,1.53479],[-75.702851,1.534698],[-75.702828,1.534658],[-75.702821,1.534618],[-75.702806,1.534583],[-75.702782,1.534549],[-75.702775,1.534503],[-75.70276,1.534469],[-75.702736,1.534434],[-75.702736,1.534348],[-75.702729,1.534313],[-75.70269,1.534251],[-75.70266,1.53413],[-75.702622,1.534026],[-75.702576,1.533889],[-75.702554,1.533814],[-75.702523,1.533739],[-75.702485,1.533614],[-75.702432,1.533464],[-75.702363,1.533291],[-75.702317,1.53313],[-75.702279,1.533033],[-75.702225,1.532872],[-75.702203,1.532774],[-75.702157,1.532567],[-75.702073,1.532389],[-75.702051,1.532315],[-75.702027,1.532211],[-75.701997,1.532114],[-75.701951,1.531936],[-75.701913,1.531775],[-75.701875,1.531568],[-75.701837,1.531443],[-75.701813,1.531287],[-75.701783,1.531155],[-75.701737,1.530988],[-75.701715,1.530931],[-75.701699,1.530793],[-75.701676,1.530707],[-75.701638,1.530535],[-75.701623,1.530437],[-75.701615,1.530357],[-75.7016,1.530299],[-75.701593,1.530224],[-75.701561,1.530093],[-75.701539,1.529983],[-75.701523,1.52992],[-75.701509,1.52984],[-75.701478,1.529708],[-75.701463,1.529644],[-75.701447,1.529599],[-75.701439,1.529564],[-75.701425,1.52953],[-75.701401,1.52949],[-75.701394,1.529421],[-75.701379,1.529369],[-75.701371,1.529334],[-75.701348,1.529288],[-75.701341,1.529254],[-75.701333,1.529208],[-75.701325,1.529168],[-75.70131,1.529133],[-75.701302,1.529116],[-75.701302,1.529082],[-75.701287,1.529047],[-75.701272,1.528984],[-75.701256,1.528949],[-75.701249,1.528915],[-75.701226,1.52888],[-75.701203,1.528829],[-75.70118,1.528749],[-75.701165,1.528702],[-75.701158,1.528611],[-75.701134,1.528553],[-75.701127,1.528438],[-75.701112,1.528364],[-75.701112,1.528157],[-75.701096,1.528123],[-75.701097,1.527973],[-75.701111,1.527921],[-75.701135,1.527887],[-75.701157,1.527853],[-75.701188,1.527818],[-75.701226,1.527778],[-75.701264,1.527744],[-75.701294,1.527709],[-75.701326,1.527675],[-75.701417,1.527623],[-75.701447,1.527588],[-75.701516,1.527548],[-75.70157,1.527514],[-75.70163,1.527479],[-75.701715,1.527387],[-75.701791,1.527319],[-75.701859,1.527261],[-75.701928,1.527204],[-75.702012,1.527141],[-75.702043,1.5271],[-75.702149,1.527008],[-75.702202,1.526968],[-75.70224,1.526934],[-75.702294,1.526888],[-75.702347,1.526853],[-75.702379,1.526819],[-75.702409,1.52679],[-75.702447,1.526755],[-75.702485,1.526698],[-75.702524,1.526646],[-75.702554,1.526594],[-75.702576,1.526537],[-75.702599,1.52648],[-75.702637,1.526394],[-75.702653,1.526342],[-75.702653,1.526308],[-75.702668,1.52625],[-75.702668,1.526164],[-75.702676,1.526037],[-75.702683,1.525963],[-75.702683,1.525877],[-75.702691,1.525842],[-75.702691,1.525773],[-75.702684,1.525739],[-75.702684,1.525584],[-75.70269,1.525475],[-75.702691,1.525383],[-75.702706,1.525349],[-75.702737,1.525325],[-75.702752,1.525303],[-75.702805,1.525176],[-75.702882,1.525136],[-75.70292,1.525107],[-75.702996,1.525079],[-75.70305,1.525056],[-75.70308,1.52505],[-75.703141,1.525038],[-75.70321,1.525021],[-75.703278,1.525021],[-75.703332,1.525009],[-75.703393,1.525009],[-75.703485,1.524992],[-75.703553,1.524981],[-75.70363,1.524975],[-75.703706,1.524952],[-75.703797,1.524935],[-75.703851,1.524923],[-75.703942,1.524906],[-75.70411,1.524889],[-75.704201,1.524889],[-75.704339,1.524883],[-75.704492,1.52486],[-75.704553,1.524843],[-75.704644,1.524825],[-75.704744,1.524809],[-75.704827,1.524797],[-75.704896,1.524762],[-75.704957,1.524734],[-75.705026,1.524705],[-75.705094,1.524688],[-75.705156,1.524676],[-75.705224,1.524676],[-75.705263,1.524659],[-75.705315,1.524619],[-75.705361,1.524596],[-75.7054,1.524573],[-75.70543,1.524538],[-75.705476,1.524521],[-75.705506,1.524493],[-75.705537,1.524475],[-75.705591,1.524452],[-75.705674,1.524354],[-75.705736,1.524303],[-75.705781,1.52428],[-75.705819,1.524257],[-75.705887,1.524182],[-75.705941,1.524142],[-75.705979,1.524108],[-75.706018,1.524096],[-75.706048,1.524067],[-75.706086,1.524056],[-75.706132,1.524021],[-75.706178,1.523975],[-75.706216,1.523958],[-75.706247,1.523941],[-75.706277,1.523907],[-75.7063,1.523912],[-75.706597,1.523804],[-75.706597,1.523758],[-75.706613,1.523724],[-75.706643,1.523712],[-75.706689,1.52366],[-75.706712,1.523626],[-75.70672,1.523592],[-75.706758,1.523511],[-75.706803,1.523408],[-75.706849,1.52331],[-75.706872,1.523201],[-75.706887,1.523103],[-75.706933,1.523],[-75.707009,1.522811],[-75.707063,1.522696],[-75.707085,1.522581],[-75.707109,1.522495],[-75.707162,1.522334],[-75.707208,1.522243],[-75.707246,1.522082],[-75.707277,1.521996],[-75.707307,1.521847],[-75.707353,1.52172],[-75.707398,1.52164],[-75.707436,1.521519],[-75.707467,1.52145],[-75.707513,1.521341],[-75.707581,1.521186],[-75.707696,1.520991],[-75.707773,1.520876],[-75.707811,1.520818],[-75.707864,1.520749],[-75.707918,1.520669],[-75.708001,1.5206],[-75.708047,1.520543],[-75.708101,1.520514],[-75.708139,1.520503],[-75.708207,1.520457],[-75.708284,1.520405],[-75.70836,1.520331],[-75.708451,1.52021],[-75.708505,1.520141],[-75.708543,1.520055],[-75.708604,1.51994],[-75.708657,1.519883],[-75.708711,1.519797],[-75.708757,1.519733],[-75.708802,1.519693],[-75.708833,1.51967],[-75.70887,1.519642],[-75.708902,1.51963],[-75.708924,1.51959],[-75.708955,1.519573],[-75.708993,1.519556],[-75.709031,1.519538],[-75.709061,1.519516],[-75.709161,1.51945],[-75.7092,1.519458],[-75.70926,1.519447],[-75.709306,1.519446],[-75.709351,1.519446],[-75.709389,1.519424],[-75.709421,1.519412],[-75.709482,1.519383],[-75.709512,1.519355],[-75.709558,1.519332],[-75.709596,1.519297],[-75.709649,1.519268],[-75.709672,1.519235],[-75.709703,1.519205],[-75.709741,1.519183],[-75.709779,1.519154],[-75.70981,1.519131],[-75.70984,1.519096],[-75.709878,1.519062],[-75.709901,1.51901],[-75.709916,1.518976],[-75.709939,1.518907],[-75.709955,1.518867],[-75.709969,1.518827],[-75.709985,1.518786],[-75.71,1.518698],[-75.710007,1.518666],[-75.710023,1.518626],[-75.710054,1.518517],[-75.710092,1.518459],[-75.7101,1.518408],[-75.7101,1.518321],[-75.710122,1.518241],[-75.710122,1.518172],[-75.710153,1.518086],[-75.710175,1.517994],[-75.710191,1.517925],[-75.710206,1.517856],[-75.710214,1.517793],[-75.710214,1.517712],[-75.710229,1.517615],[-75.710244,1.517546],[-75.710274,1.517443],[-75.710298,1.517397],[-75.710367,1.517328],[-75.710389,1.517288],[-75.710419,1.517248],[-75.710496,1.517201],[-75.710572,1.517161],[-75.710671,1.517104],[-75.710733,1.517093],[-75.710771,1.517093],[-75.710824,1.517087],[-75.710878,1.517087],[-75.710977,1.517104],[-75.711023,1.517115],[-75.711159,1.517121],[-75.711213,1.517121],[-75.711336,1.517127],[-75.711435,1.517144],[-75.711549,1.517156],[-75.711595,1.51715],[-75.711664,1.517162],[-75.71174,1.517167],[-75.711786,1.517179],[-75.711855,1.51719],[-75.711893,1.517197],[-75.711976,1.517207],[-75.712022,1.517213],[-75.712114,1.517225],[-75.712159,1.517225],[-75.712229,1.517242],[-75.712289,1.517253],[-75.71235,1.51726],[-75.712426,1.517271],[-75.71248,1.5173],[-75.71251,1.517306],[-75.712571,1.517323],[-75.712663,1.517351],[-75.712693,1.517362],[-75.712739,1.517363],[-75.712778,1.517374],[-75.71283,1.51738],[-75.712862,1.517392],[-75.712907,1.517403],[-75.712945,1.517409],[-75.712999,1.517421],[-75.713059,1.517443],[-75.713098,1.517449],[-75.713136,1.517461],[-75.713174,1.517472],[-75.713204,1.517483],[-75.713242,1.517489],[-75.713274,1.517489],[-75.713312,1.517501],[-75.71335,1.51757],[-75.714219,1.517725],[-75.715158,1.517633],[-75.716257,1.517088],[-75.716516,1.516766],[-75.716607,1.516462],[-75.716577,1.515825],[-75.716302,1.514315],[-75.716699,1.511512],[-75.716524,1.510244],[-75.716653,1.510117],[-75.716615,1.5101],[-75.7166,1.510066],[-75.716585,1.510031],[-75.716584,1.509997],[-75.716569,1.50995],[-75.716554,1.509916],[-75.716554,1.509865],[-75.716546,1.50983],[-75.716546,1.509779],[-75.716539,1.50975],[-75.716547,1.509698],[-75.716547,1.509658],[-75.716554,1.509618],[-75.716555,1.509532],[-75.716577,1.509497],[-75.716577,1.509463],[-75.716599,1.509428],[-75.716614,1.509402],[-75.716616,1.509396],[-75.716623,1.509371],[-75.716661,1.509336],[-75.7167,1.509256],[-75.71673,1.509216],[-75.716744,1.509135],[-75.71676,1.509084],[-75.716775,1.509026],[-75.716798,1.508963],[-75.716829,1.508877],[-75.716851,1.508785],[-75.71689,1.508722],[-75.71692,1.508625],[-75.716944,1.508544],[-75.716966,1.508498],[-75.716996,1.508389],[-75.717057,1.508222],[-75.717095,1.508142],[-75.717111,1.508084],[-75.717149,1.507935],[-75.71721,1.50778],[-75.717271,1.507677],[-75.71734,1.507465],[-75.717408,1.507367],[-75.71747,1.507258],[-75.717591,1.507091],[-75.71766,1.506982],[-75.717752,1.506844],[-75.717805,1.506758],[-75.717851,1.506672],[-75.71792,1.50658],[-75.717958,1.506506],[-75.718026,1.506356],[-75.718095,1.50623],[-75.718171,1.506098],[-75.71824,1.505955],[-75.718316,1.505748],[-75.718377,1.50561],[-75.718446,1.505518],[-75.718514,1.505415],[-75.71856,1.505352],[-75.718637,1.505237],[-75.718721,1.505099],[-75.718804,1.504927],[-75.718889,1.504772],[-75.718957,1.504651],[-75.719011,1.504594],[-75.719056,1.504531],[-75.71911,1.504484],[-75.719171,1.504404],[-75.719225,1.504359],[-75.719285,1.504318],[-75.719354,1.504261],[-75.719408,1.504215],[-75.719438,1.504192],[-75.719491,1.504152],[-75.719529,1.50414],[-75.719561,1.504123],[-75.719621,1.504094],[-75.719667,1.504066],[-75.719712,1.504049],[-75.719796,1.504008],[-75.71985,1.503997],[-75.719903,1.503974],[-75.71998,1.503939],[-75.720034,1.50391],[-75.720094,1.50387],[-75.72014,1.503848],[-75.720193,1.503819],[-75.720255,1.503796],[-75.720285,1.503779],[-75.720346,1.503739],[-75.7204,1.503721],[-75.720476,1.50371],[-75.720521,1.503698],[-75.720605,1.503676],[-75.720651,1.50367],[-75.720704,1.503653],[-75.720736,1.503653],[-75.720774,1.503647],[-75.720804,1.503635],[-75.721002,1.503521],[-75.721048,1.503543],[-75.721078,1.503561],[-75.721132,1.503509],[-75.721231,1.503434],[-75.721277,1.503405],[-75.72133,1.503394],[-75.721368,1.503371],[-75.721438,1.503331],[-75.721506,1.503314],[-75.721544,1.503291],[-75.721582,1.50328],[-75.721613,1.503262],[-75.721673,1.503251],[-75.721727,1.503228],[-75.72178,1.503216],[-75.72181,1.503205],[-75.721864,1.503193],[-75.721925,1.503182],[-75.722032,1.503153],[-75.722086,1.503148],[-75.72214,1.503136],[-75.722238,1.50313],[-75.722277,1.503119],[-75.722375,1.503078],[-75.722429,1.503056],[-75.722536,1.503022],[-75.722605,1.502993],[-75.722665,1.502981],[-75.722788,1.502918],[-75.723001,1.502814],[-75.723093,1.502763],[-75.723222,1.502705],[-75.723359,1.502648],[-75.723459,1.502608],[-75.723589,1.502568],[-75.723635,1.502539],[-75.723733,1.50251],[-75.72384,1.502453],[-75.723947,1.502401],[-75.724039,1.502373],[-75.724176,1.502304],[-75.724298,1.502258],[-75.724435,1.502206],[-75.724558,1.50216],[-75.724611,1.502141],[-75.724634,1.502135],[-75.724725,1.502131],[-75.724817,1.502125],[-75.724916,1.502123],[-75.724992,1.50212],[-75.725077,1.502124],[-75.725129,1.502117],[-75.725191,1.502119],[-75.725244,1.502123],[-75.725298,1.502128],[-75.725351,1.502134],[-75.725412,1.502134],[-75.725481,1.502138],[-75.725572,1.502137],[-75.725634,1.502143],[-75.725694,1.502138],[-75.725741,1.50215],[-75.725793,1.502153],[-75.725863,1.502162],[-75.725962,1.502167],[-75.726008,1.502158],[-75.726084,1.502175],[-75.726129,1.502186],[-75.726135,1.502187],[-75.726152,1.502183],[-75.726198,1.502189],[-75.726229,1.502212],[-75.726275,1.502224],[-75.726312,1.502247],[-75.726358,1.502252],[-75.726388,1.502264],[-75.72642,1.502276],[-75.726472,1.502298],[-75.726518,1.502304],[-75.726557,1.502316],[-75.726587,1.502327],[-75.726633,1.50235],[-75.726603,1.502408],[-75.726724,1.502453],[-75.726762,1.502477],[-75.726793,1.5025],[-75.726832,1.502517],[-75.726862,1.502551],[-75.726923,1.502597],[-75.726976,1.502603],[-75.727015,1.502615],[-75.727083,1.502637],[-75.727159,1.502666],[-75.727198,1.502677],[-75.727289,1.502695],[-75.727335,1.502695],[-75.727472,1.502701],[-75.727548,1.502683],[-75.72761,1.502655],[-75.727693,1.502638],[-75.727769,1.502614],[-75.727815,1.502603],[-75.727846,1.502598],[-75.727884,1.502585],[-75.727952,1.502569],[-75.727998,1.502557],[-75.728037,1.50254],[-75.728083,1.502517],[-75.728135,1.502488],[-75.728181,1.502459],[-75.72822,1.502448],[-75.728243,1.502408],[-75.728266,1.502357],[-75.728288,1.502305],[-75.728296,1.50227],[-75.728312,1.502213],[-75.728327,1.502167],[-75.728334,1.502133],[-75.728342,1.502097],[-75.728349,1.502063],[-75.728327,1.501747],[-75.728078,1.498932],[-75.728044,1.498547],[-75.728101,1.498547],[-75.728363,1.498542],[-75.72848,1.498535],[-75.728597,1.498522],[-75.728712,1.498502],[-75.728827,1.498476],[-75.72894,1.498445],[-75.729051,1.498407],[-75.72916,1.498363],[-75.729294,1.498302],[-75.729425,1.498236],[-75.729554,1.498165],[-75.72968,1.498089],[-75.729803,1.498008],[-75.729922,1.497922],[-75.730038,1.497832],[-75.730117,1.497765],[-75.730191,1.497692],[-75.730261,1.497615],[-75.730325,1.497534],[-75.730384,1.497449],[-75.730438,1.49736],[-75.730486,1.497268],[-75.730528,1.497173],[-75.730564,1.497076],[-75.730582,1.497014],[-75.730594,1.496976],[-75.730617,1.496875],[-75.730634,1.496773],[-75.730644,1.496669],[-75.730662,1.496443],[-75.730686,1.496218],[-75.730716,1.495993],[-75.730751,1.49577],[-75.730792,1.495547],[-75.730838,1.495325],[-75.730874,1.495177],[-75.730915,1.49503],[-75.730962,1.494886],[-75.731015,1.494743],[-75.731073,1.494602],[-75.731137,1.494464],[-75.731206,1.494328],[-75.73128,1.494195],[-75.731315,1.494138],[-75.731359,1.494065],[-75.731396,1.494002],[-75.731428,1.493936],[-75.731455,1.493867],[-75.731477,1.493797],[-75.731493,1.493726],[-75.731504,1.493653],[-75.731516,1.493518],[-75.731522,1.493382],[-75.731521,1.493247],[-75.731514,1.493111],[-75.731501,1.492976],[-75.731482,1.492842],[-75.731456,1.492708],[-75.731426,1.492584],[-75.731391,1.492461],[-75.731351,1.492339],[-75.731305,1.492219],[-75.731255,1.492101],[-75.7312,1.491986],[-75.731141,1.491872],[-75.730935,1.491654],[-75.730836,1.491554],[-75.730732,1.491459],[-75.730623,1.49137],[-75.730511,1.491285],[-75.730394,1.491207],[-75.730274,1.491134],[-75.73015,1.491067],[-75.730023,1.491006],[-75.729893,1.490952],[-75.7298,1.490913],[-75.729709,1.490869],[-75.729621,1.49082],[-75.729535,1.490768],[-75.729452,1.49071],[-75.729372,1.490649],[-75.728888,1.490382],[-75.728819,1.490341],[-75.728755,1.490295],[-75.728694,1.490243],[-75.728638,1.490187],[-75.728587,1.490126],[-75.72854,1.490062],[-75.728499,1.489993],[-75.728464,1.489922],[-75.728378,1.489822],[-75.728351,1.48979],[-75.728173,1.489583],[-75.72815,1.489592],[-75.727777,1.489276],[-75.727775,1.489274],[-75.727614,1.489042],[-75.727439,1.488768],[-75.727386,1.488639],[-75.727373,1.488598],[-75.7273,1.488371],[-75.727257,1.488068],[-75.727272,1.487786],[-75.727336,1.487518],[-75.727355,1.487493],[-75.727618,1.487136],[-75.727842,1.486836],[-75.727856,1.486826],[-75.727869,1.486815],[-75.728182,1.486597],[-75.728225,1.486568],[-75.728273,1.486651],[-75.728343,1.486623],[-75.728421,1.486598],[-75.728484,1.486583],[-75.7285,1.486579],[-75.728619,1.486558],[-75.72874,1.486543],[-75.72886,1.486535],[-75.728982,1.486533],[-75.729103,1.486537],[-75.729223,1.486549],[-75.729343,1.486566],[-75.729462,1.48659],[-75.729579,1.486621],[-75.729695,1.486657],[-75.729731,1.486671],[-75.729808,1.4867],[-75.730024,1.48679],[-75.730238,1.486882],[-75.73045,1.486979],[-75.730651,1.487074],[-75.730849,1.487175],[-75.731045,1.48728],[-75.731238,1.48739],[-75.731545,1.487574],[-75.731849,1.487763],[-75.732151,1.487956],[-75.732449,1.488154],[-75.733224,1.488674],[-75.733285,1.488719],[-75.733341,1.488768],[-75.733393,1.488822],[-75.73344,1.488881],[-75.733481,1.488943],[-75.733517,1.489009],[-75.733548,1.489078],[-75.733572,1.489148],[-75.73359,1.489221],[-75.733774,1.489732],[-75.733832,1.489892],[-75.733861,1.490021],[-75.733918,1.490235],[-75.734004,1.490449],[-75.734004,1.49045],[-75.734118,1.490635],[-75.734225,1.49087],[-75.73429,1.491022],[-75.734349,1.491176],[-75.734401,1.491332],[-75.734446,1.491491],[-75.734485,1.491651],[-75.734518,1.491812],[-75.734534,1.491925],[-75.734544,1.492038],[-75.734547,1.492152],[-75.734543,1.492265],[-75.734532,1.492378],[-75.734514,1.49249],[-75.73449,1.492601],[-75.734459,1.492711],[-75.734422,1.492818],[-75.734378,1.492923],[-75.734328,1.493025],[-75.734272,1.493123],[-75.734211,1.493219],[-75.734114,1.493362],[-75.734021,1.493507],[-75.733932,1.493654],[-75.733768,1.494197],[-75.733347,1.495417],[-75.733275,1.495674],[-75.733097,1.49631],[-75.732897,1.496902],[-75.732762,1.497273],[-75.732707,1.497433],[-75.732658,1.497594],[-75.732615,1.497757],[-75.732578,1.497921],[-75.732547,1.498087],[-75.732521,1.498261],[-75.732499,1.498436],[-75.732482,1.498611],[-75.732469,1.498787],[-75.732449,1.499172],[-75.732433,1.499558],[-75.73242,1.500032],[-75.732412,1.500507],[-75.732412,1.500767],[-75.732419,1.501026],[-75.732433,1.501285],[-75.732444,1.501398],[-75.732462,1.501511],[-75.732487,1.501621],[-75.732519,1.501731],[-75.732558,1.501838],[-75.732603,1.501942],[-75.732654,1.502044],[-75.732712,1.502142],[-75.732813,1.502302],[-75.732921,1.502471],[-75.733133,1.502798],[-75.733575,1.503469],[-75.733674,1.503623],[-75.733767,1.50378],[-75.733854,1.503941],[-75.73389,1.504018],[-75.733921,1.504098],[-75.733945,1.504179],[-75.733963,1.504263],[-75.733975,1.504347],[-75.733989,1.504511],[-75.733997,1.504676],[-75.734,1.50484],[-75.733997,1.505004],[-75.733989,1.505169],[-75.733975,1.505333],[-75.733962,1.505436],[-75.733943,1.505538],[-75.733918,1.505639],[-75.733888,1.505739],[-75.733852,1.505837],[-75.733811,1.505932],[-75.733775,1.506182],[-75.733762,1.506298],[-75.733756,1.506414],[-75.733758,1.50653],[-75.733766,1.506646],[-75.733776,1.506727],[-75.733781,1.506762],[-75.733803,1.506876],[-75.733832,1.506989],[-75.733852,1.507066],[-75.733865,1.507144],[-75.733873,1.507223],[-75.733875,1.507303],[-75.733877,1.507416],[-75.733885,1.507529],[-75.733898,1.507641],[-75.733918,1.507752],[-75.733939,1.507844],[-75.733942,1.507854],[-75.733971,1.507955],[-75.734005,1.508054],[-75.734045,1.508151],[-75.73409,1.508246],[-75.734139,1.508338],[-75.734193,1.508425],[-75.734251,1.508508],[-75.734314,1.508588],[-75.734382,1.508664],[-75.734454,1.508736],[-75.73453,1.508803],[-75.73461,1.508866],[-75.734672,1.508915],[-75.734729,1.508968],[-75.734783,1.509025],[-75.734832,1.509085],[-75.734877,1.509149],[-75.734917,1.509216],[-75.734952,1.509286],[-75.734982,1.509359],[-75.73503,1.509498],[-75.735073,1.509639],[-75.73511,1.509782],[-75.735142,1.509927],[-75.735167,1.510072],[-75.735201,1.510276],[-75.73524,1.510478],[-75.735283,1.510679],[-75.735331,1.510879],[-75.735367,1.511029],[-75.735396,1.51118],[-75.73542,1.511333],[-75.735438,1.511486],[-75.735446,1.511592],[-75.735448,1.511699],[-75.735444,1.511805],[-75.735434,1.511911],[-75.735418,1.512017],[-75.735396,1.512121],[-75.73537,1.512215],[-75.735338,1.512306],[-75.735301,1.512396],[-75.735257,1.512482],[-75.735208,1.512566],[-75.735154,1.512646],[-75.735095,1.512723],[-75.735031,1.512796],[-75.734962,1.512864],[-75.734889,1.512928],[-75.734843,1.51297],[-75.734802,1.513016],[-75.734766,1.513067],[-75.734735,1.513121],[-75.734711,1.513178],[-75.734693,1.513238],[-75.734682,1.513299],[-75.734677,1.513359],[-75.734679,1.513418],[-75.734687,1.513477],[-75.734702,1.513535],[-75.734722,1.513591],[-75.734749,1.513645],[-75.734781,1.513695],[-75.734818,1.513742],[-75.73486,1.513784],[-75.734914,1.513837],[-75.734963,1.513894],[-75.735008,1.513955],[-75.735047,1.514019],[-75.735081,1.514086],[-75.73511,1.514156],[-75.735127,1.514194],[-75.73515,1.514228],[-75.735178,1.514259],[-75.73521,1.514286],[-75.735246,1.514307],[-75.735285,1.514322],[-75.735326,1.514331],[-75.735367,1.514334],[-75.735589,1.51433],[-75.73581,1.51432],[-75.736031,1.514305],[-75.73609,1.514304],[-75.736149,1.514309],[-75.736207,1.514321],[-75.736263,1.514338],[-75.736318,1.514362],[-75.736369,1.514392],[-75.736416,1.514427],[-75.736509,1.514505],[-75.736599,1.514586],[-75.736688,1.51467],[-75.736712,1.514697],[-75.736731,1.514728],[-75.736745,1.514762],[-75.736753,1.514797],[-75.736756,1.514834],[-75.736752,1.51487],[-75.736743,1.514905],[-75.736728,1.514939],[-75.736708,1.514969],[-75.736683,1.514996],[-75.736654,1.515018],[-75.736622,1.515036],[-75.736588,1.515048],[-75.736526,1.515067],[-75.736466,1.515093],[-75.736408,1.515124],[-75.736354,1.51516],[-75.736304,1.515201],[-75.736258,1.515247],[-75.736217,1.515298],[-75.736138,1.515399],[-75.736054,1.515497],[-75.735967,1.51559],[-75.73592,1.515652],[-75.735897,1.515687],[-75.73588,1.515725],[-75.735867,1.515764],[-75.73586,1.515805],[-75.735859,1.515847],[-75.735863,1.515888],[-75.735899,1.516141],[-75.735924,1.516318],[-75.735931,1.516366],[-75.735941,1.516412],[-75.735957,1.516455],[-75.73598,1.516495],[-75.736009,1.516532],[-75.736043,1.516564],[-75.736081,1.516591],[-75.736123,1.516613],[-75.736166,1.516631],[-75.736212,1.516645],[-75.736258,1.516654],[-75.736306,1.516659],[-75.736401,1.516665],[-75.736496,1.516675],[-75.736591,1.516687],[-75.736651,1.516699],[-75.73671,1.516716],[-75.736766,1.516739],[-75.736821,1.516766],[-75.736873,1.516798],[-75.736915,1.51683],[-75.736953,1.516865],[-75.736987,1.516905],[-75.73706,1.517002],[-75.737131,1.5171],[-75.737198,1.517201],[-75.737333,1.517408],[-75.737361,1.517455],[-75.737384,1.517504],[-75.737403,1.517555],[-75.737416,1.517608],[-75.73742,1.517646],[-75.737419,1.517684],[-75.737412,1.517721],[-75.7374,1.517757],[-75.737383,1.517791],[-75.737361,1.517822],[-75.737335,1.517849],[-75.737305,1.517872],[-75.737181,1.517956],[-75.737059,1.518044],[-75.737029,1.518068],[-75.737002,1.518097],[-75.736978,1.518128],[-75.736959,1.518161],[-75.736927,1.518231],[-75.736901,1.518304],[-75.736881,1.518378],[-75.736867,1.518454],[-75.73686,1.518531],[-75.736859,1.518608],[-75.736864,1.518695],[-75.736874,1.518781],[-75.736888,1.518867],[-75.736908,1.518952],[-75.736933,1.519036],[-75.736962,1.519118],[-75.736994,1.519189],[-75.737031,1.519256],[-75.737075,1.519321],[-75.737123,1.519381],[-75.737177,1.519436],[-75.737236,1.519487],[-75.737299,1.519532],[-75.737366,1.519571],[-75.737562,1.519677],[-75.737758,1.519785],[-75.737859,1.519844],[-75.737958,1.519908],[-75.738054,1.519975],[-75.738099,1.520011],[-75.738138,1.520053],[-75.738173,1.520099],[-75.738201,1.520148],[-75.738223,1.520201],[-75.738238,1.520257],[-75.738247,1.520313],[-75.738249,1.520371],[-75.738244,1.520428],[-75.738231,1.520495],[-75.738213,1.520561],[-75.738189,1.520626],[-75.738162,1.520688],[-75.738132,1.520756],[-75.738109,1.520826],[-75.738093,1.520897],[-75.738083,1.52097],[-75.738062,1.521042],[-75.73803,1.521158],[-75.738005,1.521276],[-75.737987,1.521395],[-75.737977,1.521499],[-75.737974,1.521604],[-75.737979,1.521708],[-75.737991,1.521812],[-75.73801,1.521915],[-75.738036,1.522017],[-75.738069,1.522116],[-75.738097,1.522186],[-75.738131,1.522254],[-75.738169,1.522319],[-75.738211,1.522382],[-75.738257,1.522442],[-75.738308,1.522498],[-75.738444,1.522638],[-75.738583,1.522776],[-75.738693,1.522881],[-75.738806,1.522982],[-75.738923,1.523079],[-75.739043,1.523173],[-75.739156,1.52326],[-75.739266,1.523352],[-75.739373,1.523448],[-75.739476,1.523548],[-75.739575,1.523651],[-75.7399,1.524001],[-75.739936,1.524044],[-75.739966,1.524091],[-75.739992,1.524141],[-75.740011,1.524194],[-75.740025,1.524248],[-75.740032,1.524304],[-75.740046,1.524393],[-75.740089,1.524554],[-75.74015,1.524661],[-75.740172,1.524705],[-75.740191,1.524751],[-75.740206,1.524798],[-75.740217,1.524846],[-75.740232,1.524939],[-75.740239,1.525033],[-75.740241,1.525127],[-75.740236,1.525221],[-75.740224,1.525314],[-75.740207,1.525407],[-75.740187,1.525482],[-75.740162,1.525555],[-75.740131,1.525627],[-75.740096,1.525696],[-75.740064,1.525764],[-75.740033,1.525836],[-75.740007,1.52591],[-75.739986,1.525986],[-75.739971,1.526064],[-75.739951,1.52618],[-75.739927,1.526295],[-75.7399,1.52641],[-75.739871,1.526536],[-75.739848,1.526664],[-75.739832,1.526793],[-75.739821,1.526922],[-75.739818,1.527052],[-75.739814,1.527183],[-75.739805,1.527314],[-75.739791,1.527444],[-75.739771,1.527573],[-75.739758,1.527634],[-75.739738,1.527692],[-75.739713,1.527748],[-75.739682,1.527802],[-75.739646,1.527852],[-75.739606,1.527899],[-75.739561,1.527941],[-75.739483,1.52801],[-75.739408,1.528083],[-75.739336,1.528158],[-75.739268,1.528237],[-75.739177,1.528343],[-75.739082,1.528446],[-75.738982,1.528544],[-75.73896,1.52857],[-75.738941,1.528599],[-75.738928,1.528631],[-75.73892,1.528665],[-75.738918,1.528699],[-75.738922,1.528733],[-75.738942,1.528821],[-75.738968,1.528907],[-75.739,1.52899],[-75.739039,1.529071],[-75.739083,1.529148],[-75.739133,1.529221],[-75.739189,1.52929],[-75.739213,1.529319],[-75.739233,1.52935],[-75.73925,1.529383],[-75.739272,1.529427],[-75.739308,1.529499],[-75.739373,1.529612],[-75.739443,1.529722],[-75.739519,1.529827],[-75.7396,1.529929],[-75.739705,1.530058],[-75.739806,1.530189],[-75.739902,1.530324],[-75.739994,1.530463],[-75.740082,1.530604],[-75.740142,1.5307],[-75.740205,1.530794],[-75.740271,1.530886],[-75.740313,1.530947],[-75.740349,1.531012],[-75.740379,1.531079],[-75.740403,1.53115],[-75.740418,1.531214],[-75.740428,1.531279],[-75.740431,1.531344],[-75.740428,1.53141],[-75.740418,1.531475],[-75.740403,1.531539],[-75.740383,1.531597],[-75.740358,1.531653],[-75.740328,1.531707],[-75.740293,1.531758],[-75.740254,1.531805],[-75.740211,1.531849],[-75.740164,1.531888],[-75.740111,1.531932],[-75.74006,1.531978],[-75.739987,1.532052],[-75.739916,1.532129],[-75.73985,1.53221],[-75.739727,1.53236],[-75.739598,1.532505],[-75.739464,1.532645],[-75.739307,1.532808],[-75.739153,1.532975],[-75.739004,1.533145],[-75.738959,1.533193],[-75.73891,1.533236],[-75.738857,1.533276],[-75.738851,1.533279],[-75.738801,1.53331],[-75.738743,1.533339],[-75.738681,1.533363],[-75.738618,1.533382],[-75.738554,1.533395],[-75.738393,1.533416],[-75.73823,1.533432],[-75.738104,1.533439],[-75.738068,1.533441],[-75.737905,1.533445],[-75.737836,1.533448],[-75.737767,1.533457],[-75.7377,1.533473],[-75.737634,1.533495],[-75.737571,1.533523],[-75.737511,1.533556],[-75.737454,1.533595],[-75.7374,1.533639],[-75.737351,1.533687],[-75.737318,1.533728],[-75.737289,1.533773],[-75.737265,1.53382],[-75.737247,1.53387],[-75.737235,1.533922],[-75.737228,1.533974],[-75.737228,1.534027],[-75.737234,1.53408],[-75.73725,1.534158],[-75.737273,1.534235],[-75.737303,1.53431],[-75.737339,1.534381],[-75.737382,1.534449],[-75.73743,1.534513],[-75.737483,1.534573],[-75.737635,1.53473],[-75.737783,1.53489],[-75.737882,1.534994],[-75.737985,1.535093],[-75.738092,1.535187],[-75.738204,1.535276],[-75.738297,1.535343],[-75.738393,1.535408],[-75.73849,1.535468],[-75.73859,1.535525],[-75.738738,1.535604],[-75.738888,1.535679],[-75.73904,1.535749],[-75.739194,1.535814],[-75.739213,1.535822],[-75.73935,1.535875],[-75.739472,1.535924],[-75.739504,1.535938],[-75.739591,1.535978],[-75.739709,1.536036],[-75.739823,1.5361],[-75.739935,1.536168],[-75.74002,1.53622],[-75.740108,1.536267],[-75.740197,1.536311],[-75.740289,1.53635],[-75.740463,1.536423],[-75.740635,1.536502],[-75.740804,1.536585],[-75.740971,1.536674],[-75.741135,1.536768],[-75.741336,1.536889],[-75.741536,1.537012],[-75.741734,1.537139],[-75.741891,1.537238],[-75.742051,1.537333],[-75.742213,1.537424],[-75.742388,1.537523],[-75.74256,1.537627],[-75.74273,1.537735],[-75.742972,1.537891],[-75.742917,1.538339],[-75.74288,1.53857],[-75.74283,1.538969],[-75.742838,1.539278],[-75.743067,1.539811],[-75.743235,1.540258],[-75.743395,1.540935],[-75.743533,1.541519],[-75.743517,1.541902],[-75.743486,1.54248],[-75.743418,1.543586],[-75.743212,1.544422],[-75.742754,1.544668],[-75.742487,1.545109],[-75.742151,1.545452],[-75.74196,1.545904],[-75.741938,1.546672],[-75.741594,1.547124],[-75.741175,1.547348],[-75.740335,1.547439],[-75.73974,1.547558],[-75.739329,1.547696],[-75.739237,1.547753],[-75.739512,1.547879],[-75.739832,1.548148],[-75.739908,1.54824],[-75.740046,1.548383],[-75.74003,1.548595],[-75.739893,1.548738],[-75.740016,1.548893],[-75.740328,1.548939],[-75.740168,1.549042],[-75.740237,1.549214],[-75.73939,1.549208],[-75.739161,1.549236],[-75.738825,1.549339],[-75.738565,1.549447],[-75.738139,1.549562],[-75.737787,1.549653],[-75.737451,1.549922],[-75.737169,1.550294],[-75.737017,1.550689],[-75.736963,1.551039],[-75.736795,1.551439],[-75.736636,1.551852],[-75.736475,1.552201],[-75.736277,1.552533],[-75.736056,1.553037],[-75.735575,1.553317],[-75.734788,1.553574],[-75.734461,1.553666],[-75.73443,1.553883],[-75.734377,1.554135],[-75.734293,1.554542],[-75.734254,1.554857],[-75.734163,1.555229],[-75.733957,1.555527],[-75.733569,1.555905],[-75.733134,1.556191],[-75.73311,1.556202],[-75.73308,1.556218],[-75.733042,1.55622],[-75.733003,1.556231],[-75.732965,1.556236],[-75.732935,1.556242],[-75.732897,1.556254],[-75.732866,1.556271],[-75.732828,1.556294],[-75.732798,1.556311],[-75.73276,1.556317],[-75.732714,1.556346],[-75.732629,1.556421],[-75.732569,1.556444],[-75.732424,1.55653],[-75.732233,1.556641],[-75.73208,1.556727],[-75.731997,1.556779],[-75.731927,1.556826],[-75.731859,1.556861],[-75.731798,1.556902],[-75.731744,1.556925],[-75.731631,1.556972],[-75.731561,1.557007],[-75.731523,1.557042],[-75.73147,1.5571],[-75.731402,1.557158],[-75.731371,1.557192],[-75.731317,1.55725],[-75.731295,1.557296],[-75.731264,1.557337],[-75.73121,1.557383],[-75.731134,1.55743],[-75.73105,1.557489],[-75.730959,1.557581],[-75.730844,1.557703],[-75.73076,1.557785],[-75.730685,1.557872],[-75.730608,1.557948],[-75.730554,1.558018],[-75.73044,1.558141],[-75.730363,1.558217],[-75.73028,1.558329],[-75.730226,1.558399],[-75.730173,1.558487],[-75.730111,1.558605],[-75.730081,1.558646],[-75.73002,1.558769],[-75.729974,1.558905],[-75.72996,1.559017],[-75.729944,1.559152],[-75.729891,1.559228],[-75.729845,1.559299],[-75.729845,1.559386],[-75.729853,1.559421],[-75.729853,1.559456],[-75.729883,1.559491],[-75.729906,1.559537],[-75.729906,1.559689],[-75.729883,1.55973],[-75.729875,1.559764],[-75.729852,1.5598],[-75.729822,1.559829],[-75.729753,1.559889],[-75.729738,1.559924],[-75.7297,1.559936],[-75.729669,1.559942],[-75.729593,1.55996],[-75.729516,1.560008],[-75.729456,1.56009],[-75.72944,1.560171],[-75.72944,1.56023],[-75.729441,1.560294],[-75.729433,1.560364],[-75.729433,1.560399],[-75.729395,1.560429],[-75.729349,1.560438],[-75.729349,1.560457],[-75.729311,1.560446],[-75.729273,1.560417],[-75.729242,1.560394],[-75.729196,1.560395],[-75.729105,1.560383],[-75.729043,1.560389],[-75.729013,1.56039],[-75.728967,1.56039],[-75.728929,1.56039],[-75.728868,1.560408],[-75.72883,1.56042],[-75.728669,1.560439],[-75.72854,1.560446],[-75.72841,1.560453],[-75.728235,1.560506],[-75.728106,1.560559],[-75.727975,1.560611],[-75.727838,1.560744],[-75.727685,1.560891],[-75.72754,1.561],[-75.727349,1.561143],[-75.727182,1.561275],[-75.727029,1.561396],[-75.72687,1.561545],[-75.726709,1.561706],[-75.726548,1.561844],[-75.726373,1.561913],[-75.726206,1.56193],[-75.726045,1.561936],[-75.72587,1.561936],[-75.725702,1.56193],[-75.725519,1.561913],[-75.725366,1.561884],[-75.725183,1.56185],[-75.725015,1.56181],[-75.724855,1.561758],[-75.724764,1.561718],[-75.724573,1.561678],[-75.724466,1.561672],[-75.724282,1.561649],[-75.724161,1.561632],[-75.723948,1.561604],[-75.723916,1.56158],[-75.723779,1.561592],[-75.723749,1.561597],[-75.723711,1.561592],[-75.723574,1.561592],[-75.723536,1.561586],[-75.723429,1.561586],[-75.723375,1.561575],[-75.723337,1.561563],[-75.72326,1.561546],[-75.723207,1.561511],[-75.723168,1.561489],[-75.723116,1.561443],[-75.723047,1.561425],[-75.722979,1.561391],[-75.722887,1.561368],[-75.722818,1.561339],[-75.722681,1.56127],[-75.722597,1.561253],[-75.722497,1.56123],[-75.722444,1.561219],[-75.722406,1.561213],[-75.72233,1.561196],[-75.722299,1.561196],[-75.722207,1.561173],[-75.722169,1.561156],[-75.722055,1.561121],[-75.722002,1.561098],[-75.721918,1.561081],[-75.721826,1.561046],[-75.721719,1.560977],[-75.721636,1.56096],[-75.721552,1.560914],[-75.721506,1.560891],[-75.721467,1.560886],[-75.721421,1.560862],[-75.721315,1.560817],[-75.721231,1.560776],[-75.721132,1.560742],[-75.721055,1.560685],[-75.720941,1.560627],[-75.72088,1.560604],[-75.720842,1.560593],[-75.720735,1.560552],[-75.720621,1.560507],[-75.72046,1.560455],[-75.720247,1.56038],[-75.720179,1.560369],[-75.720125,1.560334],[-75.720048,1.560306],[-75.72001,1.560283],[-75.719964,1.560283],[-75.719888,1.56026],[-75.719819,1.560243],[-75.719781,1.560219],[-75.719705,1.560196],[-75.719652,1.560197],[-75.719552,1.560202],[-75.719484,1.560208],[-75.719415,1.560208],[-75.719354,1.560214],[-75.719278,1.560202],[-75.71921,1.560191],[-75.719156,1.560196],[-75.719095,1.560185],[-75.719057,1.560185],[-75.718988,1.560162],[-75.718942,1.560116],[-75.718896,1.560087],[-75.718866,1.560053],[-75.718828,1.560007],[-75.718782,1.559938],[-75.718759,1.559875],[-75.718714,1.559737],[-75.71869,1.559657],[-75.71866,1.559507],[-75.718652,1.559462],[-75.718606,1.559352],[-75.718568,1.559272],[-75.718515,1.559186],[-75.718469,1.559134],[-75.718401,1.559042],[-75.71837,1.55902],[-75.718332,1.558985],[-75.718278,1.558973],[-75.71824,1.55895],[-75.718186,1.558922],[-75.718103,1.558876],[-75.718003,1.558836],[-75.71795,1.558807],[-75.717858,1.558784],[-75.717798,1.558761],[-75.717683,1.558732],[-75.717607,1.558721],[-75.717531,1.558692],[-75.717416,1.558658],[-75.71734,1.558646],[-75.717187,1.558618],[-75.717141,1.558606],[-75.717028,1.558589],[-75.716981,1.558577],[-75.716897,1.558566],[-75.716837,1.55856],[-75.716752,1.558548],[-75.716684,1.558525],[-75.716622,1.558514],[-75.716569,1.558497],[-75.716539,1.558485],[-75.716485,1.558474],[-75.716432,1.558451],[-75.716386,1.558434],[-75.71634,1.558411],[-75.71631,1.558388],[-75.716256,1.558354],[-75.716203,1.558319],[-75.716157,1.558313],[-75.716119,1.558285],[-75.716103,1.558319]]]},"properties":{"nombre_ver":"SAN GIL","codigo_ver":"18001048","nomb_mpio":"FLORENCIA","nom_dep":"CAQUETÁ","area_ha":2099.3,"meta_ae":1845,"meta_fb":158,"anio":2030}},{"type":"Feature","geometry":{"type":"Polygon","coordinates":[[[-75.60904,1.51657],[-75.609062,1.516417],[-75.609108,1.516187],[-75.609116,1.516038],[-75.609108,1.515871],[-75.609062,1.515682],[-75.609055,1.515498],[-75.609039,1.515401],[-75.608971,1.515263],[-75.608917,1.515114],[-75.608894,1.515085],[-75.608764,1.514907],[-75.608704,1.514792],[-75.608604,1.514625],[-75.608528,1.514441],[-75.608483,1.514269],[-75.608399,1.513982],[-75.608307,1.513781],[-75.608231,1.513638],[-75.608154,1.513402],[-75.608101,1.513224],[-75.60804,1.513029],[-75.608055,1.512845],[-75.608101,1.512661],[-75.608124,1.512489],[-75.608291,1.5123],[-75.608414,1.51203],[-75.608467,1.511829],[-75.608505,1.511697],[-75.608589,1.511519],[-75.608696,1.511398],[-75.608795,1.51133],[-75.608901,1.511318],[-75.609032,1.511186],[-75.609215,1.51087],[-75.609322,1.510669],[-75.609383,1.510543],[-75.609429,1.510308],[-75.609497,1.510066],[-75.609542,1.509843],[-75.609597,1.509556],[-75.609619,1.509309],[-75.609596,1.509096],[-75.60962,1.508838],[-75.609665,1.508499],[-75.60968,1.508361],[-75.609681,1.508201],[-75.609619,1.508],[-75.609566,1.507885],[-75.609551,1.507655],[-75.609688,1.507557],[-75.609748,1.507523],[-75.60978,1.507506],[-75.609863,1.507448],[-75.609932,1.507374],[-75.610092,1.507236],[-75.610215,1.507121],[-75.610314,1.507053],[-75.610481,1.506937],[-75.610657,1.506823],[-75.610825,1.506651],[-75.610833,1.506616],[-75.610871,1.506564],[-75.610989,1.506502],[-75.611008,1.506495],[-75.611084,1.506421],[-75.611167,1.506295],[-75.611244,1.506185],[-75.611443,1.505766],[-75.611542,1.505526],[-75.611657,1.505347],[-75.611733,1.505141],[-75.611832,1.50486],[-75.611923,1.504555],[-75.612084,1.504234],[-75.612191,1.503975],[-75.612298,1.503751],[-75.612351,1.503625],[-75.61245,1.503372],[-75.612473,1.503315],[-75.61248,1.503281],[-75.61261,1.503016],[-75.612687,1.503011],[-75.612801,1.503022],[-75.612908,1.503011],[-75.613067,1.502994],[-75.613159,1.502965],[-75.613548,1.502724],[-75.613647,1.502638],[-75.613846,1.502357],[-75.614007,1.502081],[-75.614112,1.501857],[-75.614265,1.501553],[-75.614441,1.500921],[-75.614479,1.500778],[-75.614525,1.500559],[-75.614532,1.50033],[-75.614518,1.500157],[-75.614502,1.500014],[-75.614448,1.499801],[-75.614456,1.499664],[-75.614525,1.499262],[-75.614602,1.498986],[-75.614662,1.498831],[-75.614769,1.498682],[-75.614944,1.498573],[-75.61512,1.49847],[-75.615349,1.49832],[-75.615593,1.498143],[-75.615685,1.497947],[-75.615707,1.497901],[-75.615746,1.497648],[-75.615776,1.497459],[-75.615815,1.497138],[-75.615837,1.496851],[-75.61586,1.496581],[-75.615906,1.496317],[-75.615921,1.495983],[-75.615899,1.495817],[-75.615624,1.495386],[-75.615494,1.495237],[-75.615258,1.49507],[-75.615174,1.495019],[-75.615105,1.494875],[-75.615098,1.494548],[-75.61512,1.494445],[-75.615219,1.494204],[-75.615265,1.494094],[-75.615318,1.494043],[-75.615356,1.493939],[-75.615364,1.493899],[-75.615387,1.493819],[-75.615364,1.493687],[-75.615342,1.493589],[-75.615357,1.493239],[-75.615371,1.493004],[-75.615402,1.492774],[-75.615426,1.492539],[-75.615525,1.492165],[-75.61557,1.491958],[-75.615738,1.491695],[-75.615914,1.491545],[-75.616531,1.49127],[-75.616715,1.491189],[-75.616921,1.491126],[-75.617157,1.491109],[-75.617447,1.491085],[-75.617684,1.491075],[-75.617897,1.491063],[-75.618118,1.491063],[-75.618408,1.491075],[-75.618454,1.491075],[-75.618637,1.491035],[-75.618866,1.491017],[-75.619049,1.491035],[-75.619194,1.491041],[-75.619316,1.491029],[-75.619439,1.491018],[-75.619469,1.491],[-75.619538,1.491006],[-75.619881,1.490937],[-75.620232,1.490886],[-75.620446,1.490834],[-75.620629,1.490817],[-75.620941,1.490806],[-75.621217,1.490777],[-75.621597,1.490714],[-75.621826,1.490617],[-75.622055,1.490548],[-75.622185,1.49053],[-75.622292,1.490496],[-75.622444,1.490444],[-75.622643,1.49037],[-75.622993,1.490094],[-75.623101,1.489985],[-75.623329,1.489675],[-75.623406,1.489451],[-75.623421,1.489233],[-75.623391,1.48894],[-75.623216,1.488544],[-75.622917,1.488228],[-75.622682,1.487935],[-75.622445,1.487728],[-75.621971,1.487321],[-75.621796,1.487229],[-75.621636,1.487011],[-75.621461,1.48677],[-75.621186,1.486385],[-75.620965,1.486184],[-75.620812,1.486063],[-75.620461,1.485759],[-75.620049,1.485449],[-75.619881,1.485333],[-75.619645,1.485007],[-75.619553,1.484834],[-75.619469,1.484719],[-75.619416,1.48457],[-75.619401,1.484369],[-75.619355,1.484157],[-75.619294,1.48403],[-75.619278,1.48388],[-75.619255,1.483817],[-75.61924,1.483766],[-75.61924,1.483743],[-75.619194,1.48368],[-75.619148,1.483645],[-75.619126,1.483582],[-75.619102,1.483548],[-75.619064,1.483479],[-75.619034,1.483416],[-75.618981,1.483358],[-75.618935,1.483289],[-75.618912,1.483255],[-75.618835,1.483157],[-75.618805,1.483123],[-75.618759,1.483088],[-75.618721,1.483048],[-75.618668,1.483002],[-75.61863,1.482979],[-75.618562,1.48295],[-75.618538,1.482939],[-75.618485,1.482881],[-75.618607,1.482819],[-75.618745,1.482721],[-75.618935,1.48264],[-75.619118,1.482623],[-75.619294,1.482629],[-75.619461,1.482646],[-75.619606,1.482681],[-75.619865,1.48275],[-75.62008,1.482807],[-75.620247,1.482871],[-75.620415,1.482933],[-75.620552,1.483002],[-75.620713,1.483066],[-75.62085,1.483157],[-75.621018,1.483261],[-75.621101,1.483319],[-75.621209,1.483388],[-75.621292,1.48345],[-75.621392,1.483468],[-75.621461,1.483427],[-75.621507,1.483261],[-75.621552,1.4831],[-75.621582,1.4829],[-75.621628,1.482641],[-75.621636,1.482497],[-75.621629,1.482308],[-75.621621,1.48225],[-75.621575,1.482153],[-75.621575,1.482136],[-75.621659,1.481952],[-75.62178,1.481854],[-75.621895,1.481757],[-75.62204,1.481642],[-75.62217,1.481533],[-75.622307,1.481429],[-75.622452,1.481298],[-75.622498,1.481229],[-75.622567,1.481068],[-75.622612,1.480924],[-75.622719,1.480557],[-75.622743,1.480431],[-75.622765,1.480298],[-75.622788,1.480189],[-75.622826,1.480063],[-75.622842,1.479977],[-75.622849,1.479926],[-75.622842,1.479898],[-75.622834,1.479878],[-75.622903,1.47977],[-75.622971,1.479684],[-75.623032,1.479656],[-75.623154,1.47961],[-75.623208,1.479581],[-75.623329,1.479524],[-75.62349,1.479472],[-75.623612,1.479449],[-75.623703,1.479409],[-75.623834,1.479392],[-75.623925,1.479352],[-75.624085,1.479283],[-75.624123,1.479248],[-75.624176,1.479208],[-75.624214,1.479185],[-75.624276,1.479145],[-75.624307,1.479122],[-75.624329,1.479087],[-75.624359,1.479053],[-75.624405,1.47899],[-75.624444,1.478926],[-75.62449,1.478875],[-75.62455,1.478806],[-75.624589,1.47876],[-75.624619,1.478754],[-75.62484,1.478496],[-75.624871,1.478393],[-75.624925,1.478301],[-75.624955,1.478192],[-75.624963,1.478175],[-75.625069,1.477859],[-75.625138,1.477675],[-75.625191,1.477422],[-75.625222,1.477164],[-75.62523,1.476941],[-75.625229,1.47671],[-75.625305,1.476406],[-75.625359,1.476205],[-75.625428,1.475953],[-75.625519,1.475579],[-75.62558,1.47535],[-75.625634,1.475114],[-75.625673,1.474867],[-75.625702,1.474443],[-75.62574,1.473989],[-75.625718,1.473679],[-75.625657,1.473369],[-75.625649,1.472961],[-75.625733,1.472674],[-75.625802,1.472439],[-75.625916,1.472324],[-75.626062,1.472215],[-75.626183,1.472192],[-75.626382,1.472117],[-75.626641,1.471933],[-75.626824,1.471756],[-75.626908,1.471641],[-75.626954,1.471423],[-75.626976,1.471136],[-75.626931,1.470854],[-75.626854,1.470607],[-75.62677,1.470464],[-75.626664,1.47036],[-75.626496,1.470234],[-75.62626,1.470114],[-75.626084,1.470016],[-75.626,1.469987],[-75.6259,1.469924],[-75.626077,1.469689],[-75.626176,1.469608],[-75.626244,1.46958],[-75.626313,1.469533],[-75.62645,1.469442],[-75.626603,1.469292],[-75.626671,1.469212],[-75.626886,1.469046],[-75.627359,1.468753],[-75.627496,1.468713],[-75.627518,1.468719],[-75.627922,1.468518],[-75.628121,1.468357],[-75.628304,1.468276],[-75.62854,1.468018],[-75.628663,1.467788],[-75.628778,1.467547],[-75.628877,1.46718],[-75.62893,1.466824],[-75.628938,1.466485],[-75.628976,1.466239],[-75.629006,1.466032],[-75.629045,1.465785],[-75.629098,1.465469],[-75.629151,1.465165],[-75.629235,1.464923],[-75.629471,1.464711],[-75.629632,1.464728],[-75.629861,1.46478],[-75.63009,1.464797],[-75.630516,1.464798],[-75.6307,1.464763],[-75.630792,1.464751],[-75.631059,1.464626],[-75.631249,1.464453],[-75.631494,1.464275],[-75.631653,1.46408],[-75.631822,1.463867],[-75.631905,1.463707],[-75.632104,1.463512],[-75.632416,1.463368],[-75.632516,1.463334],[-75.632714,1.463259],[-75.632928,1.463225],[-75.632921,1.463127],[-75.632889,1.463087],[-75.632844,1.463035],[-75.632775,1.462955],[-75.63266,1.462794],[-75.632569,1.462668],[-75.632463,1.462536],[-75.632386,1.462426],[-75.63231,1.462289],[-75.632234,1.462133],[-75.632134,1.461984],[-75.632058,1.461887],[-75.632005,1.461795],[-75.631989,1.46172],[-75.631974,1.46164],[-75.631959,1.461582],[-75.631936,1.461502],[-75.631959,1.461456],[-75.631997,1.461387],[-75.63205,1.461307],[-75.632104,1.461203],[-75.632165,1.461025],[-75.632218,1.460893],[-75.632286,1.460796],[-75.632363,1.460675],[-75.632431,1.460566],[-75.632524,1.460446],[-75.63263,1.460302],[-75.632745,1.460113],[-75.632836,1.4599],[-75.632905,1.459768],[-75.633011,1.45963],[-75.633096,1.459544],[-75.633263,1.459407],[-75.633378,1.459372],[-75.63353,1.459338],[-75.633623,1.45932],[-75.633713,1.459315],[-75.633774,1.459297],[-75.633889,1.459275],[-75.634087,1.459234],[-75.634256,1.459229],[-75.634515,1.459183],[-75.634737,1.459154],[-75.634874,1.459131],[-75.635064,1.45908],[-75.63524,1.45904],[-75.635362,1.458994],[-75.635529,1.458919],[-75.635652,1.458833],[-75.635805,1.458759],[-75.635942,1.458707],[-75.636056,1.458667],[-75.636247,1.458546],[-75.636278,1.458483],[-75.636338,1.458402],[-75.636461,1.458201],[-75.637673,1.457223],[-75.637661,1.457144],[-75.639726,1.455498],[-75.640223,1.455103],[-75.64023,1.455112],[-75.640331,1.455236],[-75.640427,1.455364],[-75.640517,1.455495],[-75.640621,1.455658],[-75.640718,1.455824],[-75.640809,1.455993],[-75.640893,1.456166],[-75.640971,1.456342],[-75.641042,1.45652],[-75.641107,1.456702],[-75.641165,1.456885],[-75.641247,1.457175],[-75.641323,1.457467],[-75.641393,1.457761],[-75.641413,1.457863],[-75.641427,1.457966],[-75.641434,1.458069],[-75.641434,1.458173],[-75.641428,1.458277],[-75.641416,1.45838],[-75.641397,1.458483],[-75.641372,1.458584],[-75.641341,1.458683],[-75.641303,1.45878],[-75.64126,1.458874],[-75.641142,1.459106],[-75.64102,1.459335],[-75.640895,1.459563],[-75.640765,1.459788],[-75.640624,1.460034],[-75.640488,1.460282],[-75.640358,1.460533],[-75.640232,1.460787],[-75.640197,1.460866],[-75.640169,1.460948],[-75.640146,1.461031],[-75.64013,1.461116],[-75.64012,1.461202],[-75.640116,1.461288],[-75.640119,1.461374],[-75.640128,1.46146],[-75.640144,1.461545],[-75.640166,1.461629],[-75.640194,1.461711],[-75.640268,1.461895],[-75.640349,1.462078],[-75.640435,1.462257],[-75.640527,1.462434],[-75.640599,1.462561],[-75.640675,1.462686],[-75.640756,1.462808],[-75.64084,1.462928],[-75.640929,1.463044],[-75.641022,1.463157],[-75.641152,1.463305],[-75.641287,1.463448],[-75.641426,1.463587],[-75.641571,1.46372],[-75.64172,1.463849],[-75.641873,1.463972],[-75.642031,1.46409],[-75.642149,1.464179],[-75.642264,1.464271],[-75.642375,1.464368],[-75.642483,1.464469],[-75.642587,1.464574],[-75.642687,1.464682],[-75.642783,1.464794],[-75.642867,1.4649],[-75.642946,1.46501],[-75.64302,1.465123],[-75.643089,1.46524],[-75.643153,1.465359],[-75.643211,1.465481],[-75.643264,1.465605],[-75.643312,1.465732],[-75.643354,1.46586],[-75.643393,1.465978],[-75.643439,1.466094],[-75.643492,1.466206],[-75.643551,1.466316],[-75.643616,1.466422],[-75.643687,1.466524],[-75.643764,1.466621],[-75.643847,1.466714],[-75.643934,1.466803],[-75.644004,1.466864],[-75.644079,1.466921],[-75.644157,1.466972],[-75.644239,1.467017],[-75.644324,1.467055],[-75.644412,1.467088],[-75.644502,1.467114],[-75.644593,1.467133],[-75.644686,1.467145],[-75.644779,1.467151],[-75.644872,1.467149],[-75.644965,1.467141],[-75.645057,1.467126],[-75.64516,1.467102],[-75.645261,1.467072],[-75.64536,1.467035],[-75.645456,1.466993],[-75.64555,1.466944],[-75.64564,1.46689],[-75.645727,1.46683],[-75.645809,1.466765],[-75.64588,1.466701],[-75.645915,1.466664],[-75.645946,1.466632],[-75.646006,1.466559],[-75.646061,1.466482],[-75.64608,1.466453],[-75.646111,1.466401],[-75.646155,1.466317],[-75.646192,1.46623],[-75.646223,1.46614],[-75.646248,1.466049],[-75.646266,1.465955],[-75.646283,1.465827],[-75.646295,1.465699],[-75.6463,1.465569],[-75.646299,1.46544],[-75.646293,1.465311],[-75.64628,1.465182],[-75.646262,1.465055],[-75.646238,1.464928],[-75.646228,1.464867],[-75.646225,1.464805],[-75.646229,1.464744],[-75.646239,1.464683],[-75.646256,1.464624],[-75.646279,1.464566],[-75.646308,1.464512],[-75.646342,1.464461],[-75.646617,1.464104],[-75.64678,1.463894],[-75.646894,1.463747],[-75.646952,1.46368],[-75.647014,1.463617],[-75.647081,1.46356],[-75.647153,1.463508],[-75.647228,1.463462],[-75.647307,1.463422],[-75.647389,1.463389],[-75.647473,1.463362],[-75.647559,1.463342],[-75.647646,1.463329],[-75.647932,1.463271],[-75.648096,1.463242],[-75.648261,1.463218],[-75.648427,1.463201],[-75.648593,1.46319],[-75.64876,1.463186],[-75.648846,1.463188],[-75.648932,1.463197],[-75.649018,1.463212],[-75.649101,1.463233],[-75.649184,1.46326],[-75.649241,1.463283],[-75.649263,1.463292],[-75.649341,1.463331],[-75.649415,1.463375],[-75.649486,1.463424],[-75.649553,1.463479],[-75.649617,1.463538],[-75.649714,1.463641],[-75.649806,1.463748],[-75.649893,1.463859],[-75.649975,1.463975],[-75.650051,1.464094],[-75.650122,1.464216],[-75.650186,1.464342],[-75.650245,1.464471],[-75.650281,1.464564],[-75.650311,1.464659],[-75.650335,1.464755],[-75.650352,1.464854],[-75.650364,1.464953],[-75.650369,1.465052],[-75.650367,1.465152],[-75.650359,1.465251],[-75.650342,1.465368],[-75.650319,1.465484],[-75.650288,1.465598],[-75.650251,1.46571],[-75.650208,1.46582],[-75.650158,1.465928],[-75.650102,1.466032],[-75.649969,1.466232],[-75.649936,1.466286],[-75.64991,1.466344],[-75.649891,1.466404],[-75.649878,1.466467],[-75.649872,1.46653],[-75.649874,1.466593],[-75.649896,1.466955],[-75.649912,1.467316],[-75.649921,1.467678],[-75.649929,1.467988],[-75.649943,1.468297],[-75.649958,1.468524],[-75.649964,1.468607],[-75.649991,1.468915],[-75.650024,1.469223],[-75.650039,1.469371],[-75.650047,1.469519],[-75.650048,1.469668],[-75.650043,1.469816],[-75.650032,1.469965],[-75.650014,1.470112],[-75.64999,1.470259],[-75.649959,1.470404],[-75.649923,1.470548],[-75.64988,1.47069],[-75.649829,1.470856],[-75.649784,1.471025],[-75.649747,1.471194],[-75.649715,1.471366],[-75.649691,1.471538],[-75.649673,1.471711],[-75.649652,1.471913],[-75.649627,1.472114],[-75.649595,1.472315],[-75.649557,1.472514],[-75.649514,1.472713],[-75.649466,1.47291],[-75.649428,1.473065],[-75.649396,1.473222],[-75.649371,1.473379],[-75.649351,1.473538],[-75.649338,1.473697],[-75.649331,1.473857],[-75.64933,1.474016],[-75.649334,1.474147],[-75.649345,1.474278],[-75.64936,1.474408],[-75.649382,1.474538],[-75.649408,1.474666],[-75.649423,1.474713],[-75.649443,1.474757],[-75.64947,1.474798],[-75.649502,1.474835],[-75.649539,1.474867],[-75.649579,1.474894],[-75.649624,1.474915],[-75.64967,1.474929],[-75.649718,1.474937],[-75.649767,1.474938],[-75.649816,1.474933],[-75.649863,1.47492],[-75.649908,1.474902],[-75.650079,1.474859],[-75.650166,1.474834],[-75.65025,1.474802],[-75.650332,1.474765],[-75.650374,1.474741],[-75.65041,1.474721],[-75.650485,1.474672],[-75.650557,1.474617],[-75.650624,1.474557],[-75.650686,1.474493],[-75.650743,1.474423],[-75.650862,1.474264],[-75.650974,1.4741],[-75.651082,1.473933],[-75.651183,1.473762],[-75.651279,1.473588],[-75.651319,1.473518],[-75.651365,1.473451],[-75.651416,1.473387],[-75.651472,1.473328],[-75.651532,1.473274],[-75.651596,1.473224],[-75.651664,1.473179],[-75.651735,1.473139],[-75.651808,1.473105],[-75.651885,1.473077],[-75.651963,1.473055],[-75.652042,1.473039],[-75.652139,1.473026],[-75.652237,1.47302],[-75.652334,1.473021],[-75.652432,1.473028],[-75.652528,1.473041],[-75.652624,1.473062],[-75.652718,1.473088],[-75.65281,1.473121],[-75.652899,1.47316],[-75.652958,1.473191],[-75.653013,1.473228],[-75.653065,1.473269],[-75.653113,1.473316],[-75.653157,1.473366],[-75.653195,1.47342],[-75.653229,1.473478],[-75.653257,1.473538],[-75.653279,1.473601],[-75.653296,1.473665],[-75.653306,1.473731],[-75.653319,1.473879],[-75.653325,1.474028],[-75.653323,1.474177],[-75.653315,1.474325],[-75.653299,1.474473],[-75.653287,1.474539],[-75.65327,1.474604],[-75.653247,1.474668],[-75.65322,1.474729],[-75.653186,1.474787],[-75.653149,1.474843],[-75.653106,1.474894],[-75.652989,1.47502],[-75.652868,1.475141],[-75.652741,1.475257],[-75.65261,1.475368],[-75.652475,1.475473],[-75.652335,1.475573],[-75.652121,1.475715],[-75.651903,1.475852],[-75.651682,1.475983],[-75.651457,1.476108],[-75.651382,1.476152],[-75.651312,1.476203],[-75.651245,1.476259],[-75.651184,1.47632],[-75.651128,1.476386],[-75.651077,1.476456],[-75.651032,1.476531],[-75.650994,1.476609],[-75.650962,1.476689],[-75.650937,1.476772],[-75.650919,1.476857],[-75.650907,1.476943],[-75.650903,1.477019],[-75.650902,1.477033],[-75.6509,1.47706],[-75.6509,1.477176],[-75.650906,1.477293],[-75.650918,1.477409],[-75.650937,1.477524],[-75.650962,1.477638],[-75.650993,1.47775],[-75.651021,1.47783],[-75.651056,1.477907],[-75.651097,1.477982],[-75.651144,1.478053],[-75.651196,1.47812],[-75.651254,1.478182],[-75.651317,1.47824],[-75.651384,1.478292],[-75.651455,1.478338],[-75.651529,1.478379],[-75.651607,1.478414],[-75.651663,1.478433],[-75.651721,1.478446],[-75.65178,1.478453],[-75.651839,1.478454],[-75.651899,1.478449],[-75.651957,1.478438],[-75.652014,1.478422],[-75.652069,1.478399],[-75.652121,1.478371],[-75.652188,1.478334],[-75.652258,1.478304],[-75.65233,1.47828],[-75.652405,1.478263],[-75.65247,1.478255],[-75.652473,1.478254],[-75.65248,1.478253],[-75.652556,1.47825],[-75.652632,1.478254],[-75.652692,1.478262],[-75.652708,1.478264],[-75.652782,1.478281],[-75.652854,1.478306],[-75.652924,1.478336],[-75.652991,1.478373],[-75.653054,1.478415],[-75.653113,1.478464],[-75.65347,1.478706],[-75.653578,1.478784],[-75.653682,1.478868],[-75.653782,1.478957],[-75.653876,1.479052],[-75.653965,1.479151],[-75.654049,1.479255],[-75.654127,1.479363],[-75.654207,1.479483],[-75.654336,1.479676],[-75.654541,1.479993],[-75.654741,1.480313],[-75.654803,1.480408],[-75.65487,1.4805],[-75.654942,1.480588],[-75.655019,1.480673],[-75.6551,1.480753],[-75.655185,1.480829],[-75.655274,1.4809],[-75.655366,1.480966],[-75.655462,1.481027],[-75.655562,1.481083],[-75.655643,1.481123],[-75.655726,1.481157],[-75.655812,1.481185],[-75.6559,1.481207],[-75.655988,1.481223],[-75.656078,1.481233],[-75.656168,1.481236],[-75.656258,1.481234],[-75.656348,1.481225],[-75.656437,1.48121],[-75.656525,1.481189],[-75.656611,1.481162],[-75.656801,1.481092],[-75.656989,1.481016],[-75.657175,1.480934],[-75.657358,1.480847],[-75.657539,1.480755],[-75.657657,1.480695],[-75.657778,1.48064],[-75.65784,1.480615],[-75.657901,1.48059],[-75.658026,1.480545],[-75.658152,1.480505],[-75.658281,1.480471],[-75.65841,1.480441],[-75.658491,1.480427],[-75.658573,1.48042],[-75.658655,1.480419],[-75.658738,1.480424],[-75.658819,1.480435],[-75.6589,1.480452],[-75.658979,1.480476],[-75.659055,1.480505],[-75.65913,1.48054],[-75.659202,1.480581],[-75.65927,1.480627],[-75.659334,1.480678],[-75.659395,1.480734],[-75.659465,1.480808],[-75.659531,1.480886],[-75.659592,1.480968],[-75.659648,1.481054],[-75.659699,1.481143],[-75.659744,1.481234],[-75.659784,1.481329],[-75.659818,1.481425],[-75.659846,1.481523],[-75.659868,1.481623],[-75.659885,1.481724],[-75.659895,1.481826],[-75.659911,1.48203],[-75.659917,1.482108],[-75.659922,1.482167],[-75.659943,1.48239],[-75.659975,1.482671],[-75.660011,1.482952],[-75.660052,1.483232],[-75.660133,1.483774],[-75.66021,1.484317],[-75.660282,1.484861],[-75.660299,1.484969],[-75.660323,1.485075],[-75.660353,1.48518],[-75.66039,1.485282],[-75.660433,1.485383],[-75.660481,1.48548],[-75.660536,1.485575],[-75.660596,1.485666],[-75.660607,1.48568],[-75.660193,1.486049],[-75.658803,1.486661],[-75.658762,1.4867],[-75.658693,1.486771],[-75.657999,1.487042],[-75.657838,1.487168],[-75.657632,1.487317],[-75.657473,1.487426],[-75.657297,1.48757],[-75.657152,1.487713],[-75.657045,1.48796],[-75.657076,1.488155],[-75.657094,1.488299],[-75.655382,1.489057],[-75.655229,1.489154],[-75.654954,1.489257],[-75.654642,1.489378],[-75.654352,1.489527],[-75.654123,1.489654],[-75.653803,1.489751],[-75.653467,1.489837],[-75.653123,1.489923],[-75.65294,1.489929],[-75.652582,1.489842],[-75.652086,1.489583],[-75.651727,1.489372],[-75.651369,1.489228],[-75.651194,1.489148],[-75.65072,1.488866],[-75.650415,1.488722],[-75.650102,1.488579],[-75.649881,1.488435],[-75.649691,1.488309],[-75.649576,1.488234],[-75.6494,1.488068],[-75.649309,1.488004],[-75.649209,1.487941],[-75.64908,1.487872],[-75.649034,1.487861],[-75.648935,1.487832],[-75.648873,1.487798],[-75.648851,1.487763],[-75.648736,1.48766],[-75.648644,1.487637],[-75.648561,1.487597],[-75.648469,1.487556],[-75.648271,1.487487],[-75.648188,1.487442],[-75.648126,1.487401],[-75.648035,1.487315],[-75.647959,1.487235],[-75.647867,1.487172],[-75.64779,1.487108],[-75.647684,1.487056],[-75.647585,1.487068],[-75.647539,1.487068],[-75.647462,1.487045],[-75.64731,1.487022],[-75.647127,1.486959],[-75.646898,1.486867],[-75.646729,1.486809],[-75.646516,1.4867],[-75.646363,1.48662],[-75.646226,1.486516],[-75.646036,1.486425],[-75.645829,1.48635],[-75.645677,1.486293],[-75.645509,1.486137],[-75.645501,1.486172],[-75.645471,1.486229],[-75.645418,1.486321],[-75.64538,1.486442],[-75.645356,1.48654],[-75.645303,1.486672],[-75.64528,1.486792],[-75.645249,1.486878],[-75.645204,1.486964],[-75.645142,1.487045],[-75.645044,1.487148],[-75.644876,1.487251],[-75.644723,1.487309],[-75.644563,1.487349],[-75.644396,1.48732],[-75.644288,1.487291],[-75.644227,1.487286],[-75.64406,1.487119],[-75.643976,1.487084],[-75.643769,1.487096],[-75.643648,1.487136],[-75.643503,1.487127],[-75.643487,1.487107],[-75.643449,1.487073],[-75.643419,1.487038],[-75.643335,1.486918],[-75.643266,1.486878],[-75.643144,1.486838],[-75.643037,1.48682],[-75.642953,1.48674],[-75.642931,1.486711],[-75.642831,1.486567],[-75.642557,1.486286],[-75.642419,1.486246],[-75.642152,1.4862],[-75.641969,1.486166],[-75.641801,1.486148],[-75.641603,1.486136],[-75.641427,1.486131],[-75.641282,1.486131],[-75.640824,1.486027],[-75.640786,1.48601],[-75.640619,1.48601],[-75.640489,1.486033],[-75.640374,1.486038],[-75.640267,1.486056],[-75.640062,1.486108],[-75.639947,1.486125],[-75.639787,1.486142],[-75.639612,1.486205],[-75.639451,1.486274],[-75.639145,1.486343],[-75.638932,1.486297],[-75.638795,1.486257],[-75.63855,1.486171],[-75.638452,1.486096],[-75.638315,1.485975],[-75.638086,1.485872],[-75.637948,1.485866],[-75.637788,1.485952],[-75.637696,1.486027],[-75.637468,1.486285],[-75.637285,1.486624],[-75.637063,1.48702],[-75.636842,1.487324],[-75.636705,1.487554],[-75.636567,1.487708],[-75.636437,1.487852],[-75.636308,1.487967],[-75.636101,1.488047],[-75.635888,1.488116],[-75.635713,1.488191],[-75.635537,1.488282],[-75.635431,1.488333],[-75.635232,1.48842],[-75.635209,1.488449],[-75.635103,1.488495],[-75.635033,1.488512],[-75.634934,1.488535],[-75.634781,1.488598],[-75.634691,1.488644],[-75.634568,1.488719],[-75.634401,1.488851],[-75.634301,1.488966],[-75.634225,1.489098],[-75.634149,1.489282],[-75.634026,1.489505],[-75.633897,1.489678],[-75.633744,1.48981],[-75.63366,1.489861],[-75.633561,1.489919],[-75.633531,1.489906],[-75.633469,1.489982],[-75.633416,1.490028],[-75.633286,1.490137],[-75.633172,1.490223],[-75.633088,1.490269],[-75.632905,1.490412],[-75.63279,1.490493],[-75.632722,1.490562],[-75.632653,1.490659],[-75.632501,1.490791],[-75.632416,1.490872],[-75.63231,1.491032],[-75.632203,1.491107],[-75.631905,1.491451],[-75.63176,1.491601],[-75.631593,1.491755],[-75.631409,1.492059],[-75.631363,1.492203],[-75.631318,1.492427],[-75.631295,1.492502],[-75.63128,1.49272],[-75.631257,1.493007],[-75.631241,1.493254],[-75.631142,1.493645],[-75.630959,1.494024],[-75.630882,1.494155],[-75.630791,1.494414],[-75.630654,1.494868],[-75.630631,1.495068],[-75.630616,1.495241],[-75.630647,1.49539],[-75.630639,1.495683],[-75.630616,1.495924],[-75.630608,1.496136],[-75.63057,1.496389],[-75.630501,1.496693],[-75.630463,1.49698],[-75.630432,1.497198],[-75.630372,1.497348],[-75.630349,1.497402],[-75.630333,1.497439],[-75.630333,1.497463],[-75.630319,1.497537],[-75.630281,1.497658],[-75.630219,1.497853],[-75.630188,1.498014],[-75.630097,1.498243],[-75.630013,1.498433],[-75.629968,1.498634],[-75.62996,1.498795],[-75.629952,1.49899],[-75.629937,1.499213],[-75.629921,1.499421],[-75.629922,1.499741],[-75.629922,1.499943],[-75.629952,1.500058],[-75.62996,1.500196],[-75.629998,1.500483],[-75.629998,1.500816],[-75.630005,1.501085],[-75.630029,1.501321],[-75.630075,1.501648],[-75.630021,1.501987],[-75.629998,1.502177],[-75.629937,1.502429],[-75.629869,1.502642],[-75.62983,1.502774],[-75.629776,1.503055],[-75.6298,1.503278],[-75.629845,1.503531],[-75.629922,1.503773],[-75.62999,1.50402],[-75.630166,1.504467],[-75.63028,1.504645],[-75.630349,1.504807],[-75.630463,1.505122],[-75.630471,1.505323],[-75.630448,1.505386],[-75.630372,1.505737],[-75.630356,1.505886],[-75.630379,1.505978],[-75.63041,1.506047],[-75.630516,1.506156],[-75.630593,1.506265],[-75.630677,1.506414],[-75.630707,1.506483],[-75.630738,1.506701],[-75.630783,1.506724],[-75.630837,1.506776],[-75.630875,1.506822],[-75.630906,1.506874],[-75.630936,1.50692],[-75.630952,1.506948],[-75.631005,1.507304],[-75.631066,1.507316],[-75.63112,1.507345],[-75.63118,1.50739],[-75.631264,1.507494],[-75.631303,1.507579],[-75.631371,1.507718],[-75.631417,1.50781],[-75.631471,1.507953],[-75.631562,1.508079],[-75.631738,1.508263],[-75.631913,1.508298],[-75.631981,1.508344],[-75.632035,1.50851],[-75.632142,1.508608],[-75.632341,1.508551],[-75.632478,1.508522],[-75.632516,1.508528],[-75.632661,1.508585],[-75.632737,1.5087],[-75.63295,1.508907],[-75.633309,1.509004],[-75.633485,1.509056],[-75.633774,1.509148],[-75.633981,1.509217],[-75.634248,1.509252],[-75.634469,1.509262],[-75.634866,1.509372],[-75.635133,1.509659],[-75.635454,1.509912],[-75.635681,1.510016],[-75.635888,1.510062],[-75.636254,1.51017],[-75.636652,1.510211],[-75.636933,1.510205],[-75.637132,1.510234],[-75.637384,1.510343],[-75.637567,1.510487],[-75.637742,1.510694],[-75.637948,1.51086],[-75.638193,1.511101],[-75.63833,1.511176],[-75.638452,1.511291],[-75.63852,1.511377],[-75.638703,1.511612],[-75.638818,1.5119],[-75.638879,1.512123],[-75.638932,1.512273],[-75.638955,1.512503],[-75.638955,1.512606],[-75.638971,1.512704],[-75.639001,1.513151],[-75.639009,1.513272],[-75.639009,1.513347],[-75.638986,1.513553],[-75.638993,1.513737],[-75.639,1.514047],[-75.63904,1.514288],[-75.639116,1.514546],[-75.639161,1.514734],[-75.639062,1.514954],[-75.638932,1.515],[-75.638787,1.515058],[-75.638657,1.515081],[-75.638512,1.515195],[-75.638421,1.515408],[-75.638421,1.515522],[-75.638437,1.515598],[-75.638475,1.515683],[-75.638513,1.515844],[-75.638482,1.516183],[-75.638398,1.516263],[-75.638269,1.516257],[-75.638169,1.516315],[-75.638154,1.516475],[-75.638223,1.516573],[-75.638321,1.516711],[-75.638467,1.516878],[-75.638551,1.517285],[-75.638497,1.517578],[-75.638505,1.517906],[-75.638528,1.518072],[-75.638635,1.518388],[-75.638734,1.518468],[-75.638818,1.518612],[-75.638902,1.518715],[-75.639115,1.519204],[-75.639146,1.519416],[-75.639176,1.519588],[-75.6392,1.5198],[-75.639192,1.519932],[-75.639115,1.520219],[-75.639055,1.520346],[-75.639,1.520753],[-75.63894,1.521],[-75.638925,1.52109],[-75.638917,1.521201],[-75.638925,1.521242],[-75.638971,1.521345],[-75.638993,1.521374],[-75.639062,1.521483],[-75.6391,1.521552],[-75.639123,1.521638],[-75.639192,1.521873],[-75.639238,1.522023],[-75.63926,1.522184],[-75.639245,1.522355],[-75.639177,1.522591],[-75.639046,1.522792],[-75.638925,1.522947],[-75.638467,1.523171],[-75.638253,1.523228],[-75.638048,1.523303],[-75.637818,1.523383],[-75.637521,1.523515],[-75.637384,1.523549],[-75.637261,1.523653],[-75.637239,1.523745],[-75.637208,1.523756],[-75.637185,1.52379],[-75.637153,1.523839],[-75.636652,1.523734],[-75.636491,1.523738],[-75.636354,1.523743],[-75.636101,1.523697],[-75.635934,1.52364],[-75.635758,1.523582],[-75.635537,1.523582],[-75.6354,1.523622],[-75.635216,1.523726],[-75.635033,1.52384],[-75.634759,1.523938],[-75.634599,1.523903],[-75.634347,1.523822],[-75.634133,1.523765],[-75.633919,1.523731],[-75.633644,1.523719],[-75.633423,1.523759],[-75.633294,1.523851],[-75.633165,1.523966],[-75.632988,1.524149],[-75.632859,1.524224],[-75.632706,1.524224],[-75.632592,1.524178],[-75.632439,1.524121],[-75.63231,1.524106],[-75.632089,1.524109],[-75.631997,1.524176],[-75.631936,1.52422],[-75.631882,1.524233],[-75.631821,1.524252],[-75.631761,1.52427],[-75.631737,1.524277],[-75.631691,1.524237],[-75.631661,1.524226],[-75.631623,1.524214],[-75.631615,1.524179],[-75.631539,1.524075],[-75.631524,1.52403],[-75.631478,1.523988],[-75.63144,1.523983],[-75.631402,1.523971],[-75.631356,1.523941],[-75.631318,1.523906],[-75.631295,1.523871],[-75.631241,1.523825],[-75.631195,1.523777],[-75.631112,1.523672],[-75.63105,1.523596],[-75.63102,1.523543],[-75.630974,1.523501],[-75.630906,1.523443],[-75.630875,1.523408],[-75.630822,1.52336],[-75.630761,1.523242],[-75.630753,1.523196],[-75.630723,1.523102],[-75.630693,1.523003],[-75.630631,1.522868],[-75.63054,1.522773],[-75.630464,1.522696],[-75.630402,1.52262],[-75.630326,1.522536],[-75.63028,1.522431],[-75.63025,1.522337],[-75.630197,1.522254],[-75.630075,1.522066],[-75.629967,1.521918],[-75.629922,1.521847],[-75.629868,1.521829],[-75.6298,1.521828],[-75.629715,1.521832],[-75.629524,1.521951],[-75.629433,1.522066],[-75.629311,1.522262],[-75.629266,1.52236],[-75.629228,1.52247],[-75.629197,1.52251],[-75.629166,1.52252],[-75.629128,1.522549],[-75.629121,1.522572],[-75.628968,1.522564],[-75.628335,1.522519],[-75.62816,1.522464],[-75.62809,1.5224],[-75.628052,1.522289],[-75.627961,1.522108],[-75.627907,1.521864],[-75.6279,1.521742],[-75.627908,1.521545],[-75.62793,1.521371],[-75.627961,1.521232],[-75.628007,1.521041],[-75.628014,1.520937],[-75.627999,1.520734],[-75.627915,1.520681],[-75.627778,1.520651],[-75.627633,1.520674],[-75.627488,1.52073],[-75.627426,1.520759],[-75.627205,1.520746],[-75.627145,1.520711],[-75.627068,1.520589],[-75.627061,1.520519],[-75.627053,1.52038],[-75.627053,1.520282],[-75.627069,1.520218],[-75.627099,1.520056],[-75.627114,1.519975],[-75.627114,1.519754],[-75.627091,1.519656],[-75.62706,1.519586],[-75.626961,1.519516],[-75.626863,1.519464],[-75.626756,1.519434],[-75.626626,1.519398],[-75.626557,1.51937],[-75.626427,1.519276],[-75.626366,1.519218],[-75.626274,1.519176],[-75.626206,1.519159],[-75.62616,1.519164],[-75.626077,1.519199],[-75.626,1.519257],[-75.625924,1.519326],[-75.625825,1.51936],[-75.625649,1.519377],[-75.625558,1.519383],[-75.625458,1.519377],[-75.625381,1.519371],[-75.625244,1.519364],[-75.625168,1.519364],[-75.625107,1.519347],[-75.625015,1.519318],[-75.624925,1.519248],[-75.624825,1.519109],[-75.624688,1.518924],[-75.624664,1.518889],[-75.624626,1.518843],[-75.624558,1.518791],[-75.624398,1.51871],[-75.624329,1.518681],[-75.62429,1.51867],[-75.624153,1.518658],[-75.624077,1.518652],[-75.623986,1.518676],[-75.62391,1.518704],[-75.623872,1.518739],[-75.623803,1.518762],[-75.623735,1.518814],[-75.623688,1.518848],[-75.623642,1.518901],[-75.623566,1.518958],[-75.62352,1.518992],[-75.623475,1.519039],[-75.623437,1.519062],[-75.623399,1.519085],[-75.62336,1.519102],[-75.623299,1.519143],[-75.623254,1.519159],[-75.623223,1.519172],[-75.623116,1.519183],[-75.623071,1.519183],[-75.623009,1.519177],[-75.622971,1.51916],[-75.622933,1.519154],[-75.622894,1.519142],[-75.622834,1.519131],[-75.622689,1.519131],[-75.622765,1.519448],[-75.622849,1.519518],[-75.62294,1.519582],[-75.623177,1.519633],[-75.623338,1.519634],[-75.623528,1.519692],[-75.623764,1.519762],[-75.62423,1.51997],[-75.624435,1.520139],[-75.624573,1.52029],[-75.624664,1.520533],[-75.624611,1.520759],[-75.62442,1.520868],[-75.624161,1.520937],[-75.623963,1.520982],[-75.623818,1.52105],[-75.623642,1.521091],[-75.623482,1.521235],[-75.623422,1.521564],[-75.62346,1.521662],[-75.623612,1.521766],[-75.623795,1.521813],[-75.623902,1.521853],[-75.624039,1.522034],[-75.624016,1.522114],[-75.624008,1.522206],[-75.624024,1.522304],[-75.624024,1.522426],[-75.62407,1.522362],[-75.6241,1.52238],[-75.624146,1.522467],[-75.624169,1.522478],[-75.624398,1.522623],[-75.624573,1.522728],[-75.624596,1.522768],[-75.624604,1.522982],[-75.624596,1.523022],[-75.624474,1.523153],[-75.624383,1.523239],[-75.624367,1.523251],[-75.624383,1.523429],[-75.624391,1.523492],[-75.624481,1.523654],[-75.624519,1.523734],[-75.624566,1.523763],[-75.624596,1.523913],[-75.624703,1.524304],[-75.624703,1.524442],[-75.624665,1.524769],[-75.624558,1.525005],[-75.624344,1.525154],[-75.624093,1.525235],[-75.623917,1.525206],[-75.623719,1.525217],[-75.62352,1.525315],[-75.623322,1.525418],[-75.623138,1.525314],[-75.62275,1.525033],[-75.622635,1.525044],[-75.62262,1.525233],[-75.622796,1.525504],[-75.62307,1.525658],[-75.623482,1.525826],[-75.623871,1.526079],[-75.624024,1.526263],[-75.623887,1.526355],[-75.623673,1.526452],[-75.623673,1.526717],[-75.62394,1.526883],[-75.624276,1.527056],[-75.624374,1.527285],[-75.62433,1.527372],[-75.624169,1.527355],[-75.624077,1.52732],[-75.624016,1.527297],[-75.623803,1.527222],[-75.623528,1.527193],[-75.623444,1.527285],[-75.623413,1.527475],[-75.623497,1.527734],[-75.623696,1.527825],[-75.623963,1.527946],[-75.624009,1.528262],[-75.623879,1.528279],[-75.623673,1.528383],[-75.623528,1.528583],[-75.623375,1.528618],[-75.623177,1.528601],[-75.622994,1.528497],[-75.622726,1.528462],[-75.622315,1.528594],[-75.621857,1.528594],[-75.621429,1.528554],[-75.621354,1.529082],[-75.621354,1.5293],[-75.62143,1.529479],[-75.62156,1.529565],[-75.621826,1.52964],[-75.622079,1.529646],[-75.622224,1.529703],[-75.622055,1.529881],[-75.621903,1.529956],[-75.621697,1.530116],[-75.621658,1.530346],[-75.621835,1.530386],[-75.622116,1.530375],[-75.622338,1.53041],[-75.622323,1.530565],[-75.622239,1.530823],[-75.622109,1.531042],[-75.621918,1.531392],[-75.62198,1.531719],[-75.62204,1.532099],[-75.622132,1.532248],[-75.622116,1.532317],[-75.62185,1.532719],[-75.62156,1.533236],[-75.621354,1.533615],[-75.621392,1.533874],[-75.621513,1.533891],[-75.621658,1.533869],[-75.621789,1.533765],[-75.621964,1.533615],[-75.622269,1.533506],[-75.622414,1.533564],[-75.622392,1.533667],[-75.622437,1.533897],[-75.622567,1.533989],[-75.622643,1.534179],[-75.622582,1.534374],[-75.622528,1.534621],[-75.622567,1.534713],[-75.622666,1.534787],[-75.622795,1.534834],[-75.623054,1.534886],[-75.623307,1.53492],[-75.623764,1.535001],[-75.623993,1.535156],[-75.624191,1.535518],[-75.624222,1.535507],[-75.624253,1.535518],[-75.624291,1.535553],[-75.624322,1.535564],[-75.62436,1.535576],[-75.62439,1.53561],[-75.624428,1.535656],[-75.624428,1.535719],[-75.624436,1.535788],[-75.624436,1.535869],[-75.624428,1.535909],[-75.62442,1.535972],[-75.62439,1.536162],[-75.624383,1.53634],[-75.624383,1.536495],[-75.624375,1.536581],[-75.624375,1.536874],[-75.624398,1.536989],[-75.624413,1.53704],[-75.624428,1.537098],[-75.624451,1.537167],[-75.624474,1.537225],[-75.624519,1.537294],[-75.624543,1.537357],[-75.624581,1.53738],[-75.624611,1.537414],[-75.624657,1.53746],[-75.624695,1.537495],[-75.624726,1.537524],[-75.624764,1.537546],[-75.624794,1.537604],[-75.624818,1.537662],[-75.62484,1.537724],[-75.62484,1.537937],[-75.624848,1.537978],[-75.624886,1.538023],[-75.624916,1.538075],[-75.624954,1.538098],[-75.624993,1.538121],[-75.625047,1.538132],[-75.625093,1.538144],[-75.625137,1.538161],[-75.625191,1.538161],[-75.62523,1.538173],[-75.62526,1.538202],[-75.625314,1.538288],[-75.625359,1.53838],[-75.625382,1.53842],[-75.625398,1.538506],[-75.62542,1.538598],[-75.62545,1.538696],[-75.625466,1.538731],[-75.625481,1.538765],[-75.625512,1.538788],[-75.625557,1.538822],[-75.625619,1.538857],[-75.625665,1.53888],[-75.625718,1.53888],[-75.625778,1.538897],[-75.626023,1.538897],[-75.626076,1.538891],[-75.626122,1.538886],[-75.626176,1.53888],[-75.626206,1.538874],[-75.626274,1.538874],[-75.626313,1.538903],[-75.626343,1.538937],[-75.626351,1.538972],[-75.626366,1.539012],[-75.626366,1.53907],[-75.626374,1.539104],[-75.626412,1.539133],[-75.626435,1.539167],[-75.626481,1.539254],[-75.626519,1.539317],[-75.626549,1.53934],[-75.626587,1.539403],[-75.626648,1.539461],[-75.626686,1.539495],[-75.626756,1.53953],[-75.626809,1.539553],[-75.626855,1.539558],[-75.626901,1.53957],[-75.626969,1.539581],[-75.627038,1.539581],[-75.627098,1.539593],[-75.62716,1.539616],[-75.627228,1.539627],[-75.627289,1.539639],[-75.627373,1.539662],[-75.627411,1.53968],[-75.627457,1.539691],[-75.627526,1.539725],[-75.627572,1.53976],[-75.627602,1.539806],[-75.627625,1.539858],[-75.62764,1.539927],[-75.627656,1.539984],[-75.627671,1.540053],[-75.627671,1.540088],[-75.627678,1.540168],[-75.627686,1.540242],[-75.627694,1.540335],[-75.627702,1.540392],[-75.627709,1.540455],[-75.627708,1.540547],[-75.627716,1.540605],[-75.627748,1.540674],[-75.627762,1.540708],[-75.627786,1.54076],[-75.627816,1.540795],[-75.627846,1.540869],[-75.627884,1.540955],[-75.62793,1.541076],[-75.627969,1.541156],[-75.627991,1.541208],[-75.628045,1.5413],[-75.628083,1.541357],[-75.628105,1.541415],[-75.628144,1.541489],[-75.628175,1.541581],[-75.628197,1.541645],[-75.628213,1.541702],[-75.62822,1.541777],[-75.628235,1.541863],[-75.628251,1.541926],[-75.628259,1.542013],[-75.628273,1.542098],[-75.628281,1.542236],[-75.628281,1.542403],[-75.628289,1.542466],[-75.628289,1.542523],[-75.628327,1.542558],[-75.628349,1.542604],[-75.628381,1.542639],[-75.628411,1.542661],[-75.628449,1.54269],[-75.628472,1.542713],[-75.628502,1.542748],[-75.628526,1.542783],[-75.62854,1.542817],[-75.628548,1.542874],[-75.628571,1.54292],[-75.62861,1.542949],[-75.628632,1.542984],[-75.628701,1.543047],[-75.628762,1.54311],[-75.628839,1.543185],[-75.628899,1.54326],[-75.628929,1.543323],[-75.628975,1.543409],[-75.629021,1.543518],[-75.629037,1.543599],[-75.629059,1.543673],[-75.629082,1.543759],[-75.62909,1.543799],[-75.629105,1.543886],[-75.629128,1.543943],[-75.629143,1.543977],[-75.629182,1.544069],[-75.629204,1.544104],[-75.629204,1.544316],[-75.629197,1.544374],[-75.629189,1.544426],[-75.629189,1.544811],[-75.629181,1.544902],[-75.629174,1.544949],[-75.629174,1.545006],[-75.629166,1.545058],[-75.629166,1.545477],[-75.629158,1.545558],[-75.629166,1.545684],[-75.629182,1.545718],[-75.629212,1.545787],[-75.629274,1.545861],[-75.629304,1.545931],[-75.62935,1.545954],[-75.629395,1.546017],[-75.629456,1.546086],[-75.629509,1.546161],[-75.629601,1.546253],[-75.629662,1.546368],[-75.629693,1.546414],[-75.629716,1.54646],[-75.629738,1.546523],[-75.629762,1.546569],[-75.629792,1.546638],[-75.6298,1.546672],[-75.6298,1.546707],[-75.629784,1.546747],[-75.629761,1.546781],[-75.629715,1.546805],[-75.629677,1.546885],[-75.629655,1.546919],[-75.629639,1.546954],[-75.629624,1.546988],[-75.629624,1.547023],[-75.629632,1.547063],[-75.62967,1.547086],[-75.629677,1.54712],[-75.629693,1.547172],[-75.629693,1.547281],[-75.629654,1.547316],[-75.629563,1.547385],[-75.629509,1.547407],[-75.629457,1.547465],[-75.629411,1.547488],[-75.629334,1.547568],[-75.629312,1.547603],[-75.629273,1.547655],[-75.629235,1.547724],[-75.629212,1.547786],[-75.629173,1.547843],[-75.629135,1.547884],[-75.629121,1.547918],[-75.629105,1.547953],[-75.629098,1.547987],[-75.629082,1.548062],[-75.629082,1.548108],[-75.629074,1.548148],[-75.629074,1.548212],[-75.629082,1.548246],[-75.629112,1.548281],[-75.629151,1.548303],[-75.629181,1.548316],[-75.629219,1.548338],[-75.629281,1.548373],[-75.629334,1.548407],[-75.629372,1.54843],[-75.629403,1.548453],[-75.629441,1.548464],[-75.629448,1.548499],[-75.629479,1.548528],[-75.629494,1.548585],[-75.629518,1.548631],[-75.629518,1.548666],[-75.629532,1.5487],[-75.629532,1.548953],[-75.629525,1.548987],[-75.629525,1.549022],[-75.629495,1.54905],[-75.629449,1.549074],[-75.629357,1.549114],[-75.629242,1.549148],[-75.629197,1.549182],[-75.629143,1.549211],[-75.62909,1.549234],[-75.629044,1.549257],[-75.628991,1.549286],[-75.628944,1.549309],[-75.628861,1.549355],[-75.628831,1.549372],[-75.628777,1.549417],[-75.628747,1.549452],[-75.628724,1.549487],[-75.628708,1.549521],[-75.628686,1.549561],[-75.628678,1.549601],[-75.62867,1.549636],[-75.628662,1.549682],[-75.628662,1.549808],[-75.628655,1.549843],[-75.628655,1.549878],[-75.628662,1.549918],[-75.628686,1.549952],[-75.628716,1.549987],[-75.628754,1.550009],[-75.628784,1.550033],[-75.628815,1.550067],[-75.62883,1.550113],[-75.628838,1.550147],[-75.628838,1.550182],[-75.628861,1.550216],[-75.628884,1.550251],[-75.628915,1.550274],[-75.628953,1.550303],[-75.628983,1.550326],[-75.629021,1.550337],[-75.629052,1.550349],[-75.629082,1.550361],[-75.62912,1.550372],[-75.629151,1.550371],[-75.629182,1.550383],[-75.629235,1.550418],[-75.629273,1.550452],[-75.629311,1.550475],[-75.629342,1.55051],[-75.629365,1.550544],[-75.629411,1.550613],[-75.629433,1.550648],[-75.629457,1.550688],[-75.629463,1.55074],[-75.629471,1.550773],[-75.629487,1.550808],[-75.629509,1.550866],[-75.629533,1.550929],[-75.629563,1.550993],[-75.629578,1.551027],[-75.629616,1.55105],[-75.629639,1.551084],[-75.629678,1.551119],[-75.629708,1.551142],[-75.629746,1.551165],[-75.629792,1.551222],[-75.62983,1.551257],[-75.629876,1.55128],[-75.629914,1.551291],[-75.629945,1.551303],[-75.630005,1.551332],[-75.630036,1.551343],[-75.630074,1.551366],[-75.630128,1.5514],[-75.63018,1.551435],[-75.630212,1.55147],[-75.630234,1.551504],[-75.630257,1.551544],[-75.63028,1.551579],[-75.630303,1.551654],[-75.630318,1.55174],[-75.630349,1.551849],[-75.630372,1.551895],[-75.630395,1.551975],[-75.630425,1.552044],[-75.630463,1.552136],[-75.630463,1.552228],[-75.630471,1.552268],[-75.630486,1.552303],[-75.630494,1.552383],[-75.630532,1.55247],[-75.630555,1.55255],[-75.630585,1.552573],[-75.630623,1.552596],[-75.630677,1.552619],[-75.630715,1.55263],[-75.630852,1.55263],[-75.63089,1.552642],[-75.630921,1.552619],[-75.631013,1.552619],[-75.631059,1.552625],[-75.631104,1.552636],[-75.631172,1.552659],[-75.631234,1.552671],[-75.63128,1.552694],[-75.63131,1.552694],[-75.631371,1.552705],[-75.631433,1.552717],[-75.631478,1.552729],[-75.631508,1.552729],[-75.631562,1.55274],[-75.631623,1.552757],[-75.631676,1.552769],[-75.631737,1.552803],[-75.631821,1.552838],[-75.631928,1.552884],[-75.631966,1.552918],[-75.63202,1.552941],[-75.632088,1.552965],[-75.632127,1.552993],[-75.632165,1.553005],[-75.632454,1.553005],[-75.632523,1.553016],[-75.632577,1.553016],[-75.632653,1.553011],[-75.632714,1.553],[-75.63279,1.552988],[-75.632828,1.552982],[-75.632905,1.552965],[-75.632951,1.552953],[-75.633027,1.552936],[-75.633088,1.552925],[-75.632989,1.553106],[-75.632951,1.55313],[-75.632927,1.553165],[-75.632912,1.553199],[-75.63289,1.553234],[-75.632874,1.553302],[-75.632874,1.553486],[-75.63289,1.553555],[-75.632898,1.553607],[-75.632904,1.553653],[-75.63292,1.553722],[-75.632928,1.553757],[-75.632936,1.553791],[-75.632966,1.553912],[-75.632988,1.553946],[-75.633012,1.553986],[-75.633026,1.554026],[-75.633058,1.554152],[-75.63308,1.554221],[-75.633149,1.554359],[-75.633172,1.554468],[-75.633218,1.554594],[-75.633301,1.554807],[-75.63334,1.555031],[-75.63337,1.555169],[-75.633401,1.555393],[-75.633408,1.555496],[-75.633446,1.555738],[-75.633477,1.555927],[-75.633492,1.556065],[-75.633538,1.556312],[-75.633546,1.556421],[-75.633576,1.556588],[-75.633592,1.556708],[-75.633614,1.556875],[-75.633638,1.557018],[-75.63366,1.557213],[-75.633676,1.557352],[-75.633691,1.55746],[-75.633706,1.557696],[-75.633713,1.557782],[-75.633759,1.557995],[-75.633782,1.558161],[-75.633789,1.558327],[-75.633783,1.558517],[-75.633782,1.558695],[-75.63379,1.558799],[-75.63379,1.559074],[-75.633782,1.559258],[-75.633767,1.559373],[-75.633744,1.559534],[-75.633729,1.559654],[-75.633721,1.559706],[-75.633706,1.559769],[-75.633683,1.559838],[-75.633652,1.559964],[-75.633599,1.560154],[-75.633531,1.560326],[-75.633499,1.560378],[-75.633469,1.560418],[-75.633454,1.560452],[-75.633416,1.560521],[-75.633393,1.560561],[-75.63334,1.560579],[-75.633309,1.560585],[-75.633271,1.560602],[-75.633203,1.560625],[-75.633157,1.560642],[-75.633103,1.560676],[-75.63305,1.560705],[-75.632981,1.560757],[-75.632935,1.560792],[-75.632889,1.560832],[-75.632843,1.56086],[-75.632768,1.560941],[-75.632668,1.56105],[-75.63263,1.56109],[-75.632599,1.561119],[-75.632561,1.561176],[-75.632454,1.561268],[-75.632416,1.561326],[-75.632325,1.561395],[-75.632287,1.561458],[-75.632249,1.561504],[-75.632218,1.561544],[-75.632195,1.561578],[-75.632164,1.561578],[-75.629433,1.56208],[-75.629425,1.562061],[-75.629425,1.561911],[-75.629411,1.561877],[-75.629395,1.561842],[-75.629395,1.561808],[-75.629379,1.561762],[-75.62938,1.561728],[-75.629357,1.561659],[-75.629334,1.561624],[-75.629327,1.56159],[-75.629303,1.561521],[-75.629295,1.561464],[-75.629281,1.561412],[-75.629257,1.561366],[-75.629235,1.561274],[-75.629219,1.561217],[-75.629197,1.561165],[-75.629189,1.561107],[-75.629173,1.561039],[-75.629143,1.560923],[-75.629143,1.560854],[-75.629121,1.560734],[-75.629097,1.560619],[-75.629059,1.560424],[-75.629029,1.560286],[-75.629006,1.560206],[-75.628991,1.560131],[-75.628983,1.560097],[-75.628961,1.559993],[-75.628929,1.559895],[-75.628891,1.559729],[-75.628861,1.559637],[-75.628823,1.559551],[-75.628777,1.559454],[-75.628754,1.559408],[-75.628724,1.55939],[-75.628678,1.559356],[-75.628594,1.559241],[-75.628564,1.559206],[-75.628533,1.559178],[-75.628464,1.559092],[-75.628411,1.559057],[-75.628365,1.559011],[-75.628319,1.558959],[-75.628281,1.558931],[-75.628259,1.558897],[-75.628205,1.558851],[-75.628174,1.558804],[-75.628136,1.558782],[-75.62809,1.558747],[-75.628052,1.558713],[-75.627999,1.558661],[-75.627953,1.558627],[-75.627892,1.558592],[-75.627854,1.558552],[-75.627816,1.558518],[-75.627785,1.558495],[-75.627724,1.558426],[-75.627702,1.558391],[-75.627678,1.558357],[-75.62764,1.558333],[-75.62761,1.558311],[-75.627572,1.558288],[-75.627541,1.558253],[-75.627503,1.55823],[-75.627473,1.558207],[-75.627427,1.558185],[-75.62732,1.558121],[-75.627282,1.558098],[-75.627251,1.558087],[-75.627212,1.558075],[-75.627129,1.558041],[-75.627045,1.557995],[-75.626977,1.557972],[-75.626908,1.557932],[-75.626816,1.557897],[-75.626756,1.557875],[-75.626702,1.55784],[-75.626573,1.557794],[-75.626473,1.55776],[-75.626328,1.557708],[-75.626229,1.557685],[-75.626145,1.557662],[-75.626038,1.557627],[-75.625992,1.557616],[-75.625893,1.557576],[-75.625793,1.557541],[-75.625664,1.557484],[-75.62558,1.557449],[-75.625542,1.557438],[-75.625512,1.557426],[-75.625474,1.557409],[-75.625443,1.557398],[-75.625405,1.557398],[-75.625375,1.557387],[-75.625343,1.557374],[-75.625313,1.557375],[-75.625275,1.557363],[-75.625244,1.557352],[-75.625206,1.55734],[-75.625176,1.557306],[-75.625138,1.557283],[-75.625108,1.557271],[-75.625061,1.55726],[-75.625031,1.557248],[-75.624985,1.55722],[-75.624947,1.557197],[-75.624909,1.557185],[-75.624825,1.557151],[-75.624764,1.557139],[-75.62468,1.557105],[-75.624619,1.55707],[-75.624565,1.557036],[-75.624513,1.556984],[-75.624481,1.55695],[-75.624451,1.556915],[-75.624413,1.556881],[-75.62436,1.556835],[-75.624336,1.556789],[-75.624306,1.556749],[-75.624276,1.556714],[-75.624252,1.556657],[-75.624222,1.5566],[-75.624192,1.556565],[-75.624176,1.556507],[-75.624161,1.556467],[-75.624146,1.556433],[-75.624123,1.556364],[-75.624092,1.556272],[-75.624085,1.556237],[-75.62407,1.556203],[-75.624062,1.556157],[-75.624054,1.5561],[-75.624039,1.556066],[-75.624016,1.555997],[-75.623993,1.555945],[-75.623978,1.55587],[-75.623947,1.555807],[-75.623917,1.555692],[-75.623909,1.555623],[-75.623894,1.555589],[-75.623887,1.555543],[-75.623871,1.555485],[-75.623863,1.555405],[-75.623856,1.555342],[-75.623848,1.555296],[-75.623848,1.555256],[-75.623833,1.555209],[-75.623833,1.555072],[-75.623826,1.555037],[-75.623833,1.555003],[-75.623826,1.554957],[-75.623826,1.554888],[-75.623818,1.554831],[-75.62381,1.554796],[-75.623802,1.554738],[-75.623802,1.55467],[-75.623788,1.554612],[-75.623788,1.554555],[-75.62378,1.554521],[-75.62378,1.554452],[-75.623764,1.554417],[-75.623756,1.554383],[-75.62375,1.554331],[-75.62375,1.554279],[-75.623734,1.554234],[-75.623726,1.554147],[-75.623726,1.554044],[-75.623696,1.553895],[-75.623688,1.55378],[-75.623673,1.553544],[-75.623657,1.553412],[-75.623635,1.553297],[-75.623627,1.553228],[-75.623612,1.553108],[-75.623589,1.552999],[-75.623566,1.552895],[-75.623567,1.552815],[-75.623513,1.552781],[-75.623497,1.552712],[-75.623497,1.55247],[-75.623489,1.552413],[-75.623489,1.552373],[-75.623483,1.552321],[-75.623475,1.552275],[-75.623475,1.55216],[-75.623482,1.552068],[-75.623475,1.552011],[-75.623467,1.551953],[-75.623467,1.551902],[-75.623459,1.551792],[-75.623452,1.55173],[-75.623452,1.551011],[-75.623451,1.550908],[-75.623444,1.550839],[-75.623437,1.550765],[-75.623429,1.550632],[-75.623421,1.550587],[-75.623399,1.550472],[-75.623375,1.550334],[-75.623367,1.550254],[-75.623345,1.550122],[-75.623321,1.550053],[-75.623291,1.549972],[-75.623231,1.549846],[-75.623185,1.549754],[-75.623139,1.549673],[-75.623054,1.549547],[-75.623024,1.549473],[-75.622986,1.549386],[-75.622956,1.549329],[-75.622894,1.549208],[-75.622826,1.54914],[-75.622803,1.549081],[-75.622773,1.549024],[-75.622703,1.548927],[-75.622659,1.548875],[-75.622582,1.548783],[-75.622544,1.548726],[-75.622452,1.54864],[-75.62236,1.54856],[-75.622292,1.548502],[-75.622193,1.548427],[-75.622109,1.548336],[-75.622032,1.54826],[-75.621896,1.548134],[-75.621789,1.547996],[-75.621697,1.547939],[-75.621613,1.547865],[-75.621498,1.547761],[-75.621422,1.547698],[-75.621307,1.547589],[-75.621193,1.547486],[-75.621132,1.547405],[-75.62101,1.547296],[-75.620926,1.547181],[-75.620858,1.547111],[-75.620804,1.547061],[-75.620743,1.547003],[-75.620713,1.546968],[-75.620682,1.546934],[-75.620583,1.546837],[-75.620522,1.546768],[-75.620514,1.546745],[-75.620438,1.546656],[-75.620415,1.54663],[-75.620384,1.546595],[-75.620323,1.546526],[-75.620301,1.546486],[-75.620285,1.546452],[-75.620255,1.546406],[-75.620225,1.546371],[-75.620193,1.546337],[-75.620163,1.546302],[-75.620125,1.546268],[-75.620087,1.546245],[-75.620056,1.546211],[-75.620004,1.546176],[-75.619972,1.546142],[-75.619942,1.54613],[-75.619904,1.546095],[-75.619858,1.546062],[-75.619813,1.546021],[-75.619759,1.545975],[-75.619713,1.545952],[-75.619675,1.545929],[-75.619622,1.545906],[-75.61956,1.545883],[-75.619469,1.545849],[-75.619423,1.545826],[-75.619369,1.545803],[-75.619309,1.545763],[-75.619271,1.54574],[-75.619202,1.545694],[-75.61914,1.54563],[-75.619096,1.545596],[-75.619057,1.545561],[-75.618919,1.545424],[-75.618851,1.545349],[-75.618805,1.545292],[-75.618775,1.545246],[-75.618729,1.54516],[-75.618706,1.545114],[-75.618683,1.545074],[-75.618652,1.544999],[-75.61863,1.544947],[-75.618606,1.544855],[-75.618576,1.544747],[-75.618554,1.544689],[-75.618546,1.544654],[-75.618508,1.544574],[-75.6185,1.544511],[-75.618484,1.544465],[-75.618462,1.544407],[-75.618401,1.544281],[-75.618355,1.5442],[-75.618301,1.544132],[-75.618225,1.544011],[-75.618187,1.543977],[-75.618141,1.543943],[-75.618042,1.543839],[-75.617988,1.543758],[-75.61795,1.543701],[-75.617912,1.543626],[-75.617866,1.543586],[-75.617798,1.543506],[-75.617737,1.54346],[-75.617699,1.543437],[-75.617653,1.543374],[-75.617615,1.543351],[-75.617531,1.54327],[-75.617454,1.54319],[-75.617416,1.543161],[-75.617378,1.543122],[-75.617295,1.543052],[-75.617181,1.54296],[-75.617119,1.542903],[-75.617004,1.542794],[-75.616906,1.542684],[-75.616829,1.542627],[-75.616707,1.542518],[-75.616638,1.542449],[-75.616554,1.542363],[-75.616502,1.5423],[-75.616456,1.542242],[-75.616402,1.542185],[-75.616364,1.542133],[-75.616303,1.542099],[-75.616241,1.542053],[-75.616173,1.541984],[-75.616158,1.541973],[-75.61612,1.541949],[-75.616089,1.541927],[-75.616058,1.541892],[-75.616012,1.541863],[-75.615974,1.54184],[-75.615944,1.541806],[-75.615906,1.541783],[-75.615875,1.54176],[-75.615845,1.541737],[-75.615815,1.541714],[-75.615761,1.54168],[-75.615723,1.541645],[-75.615685,1.541622],[-75.615654,1.541599],[-75.615616,1.541576],[-75.615594,1.541542],[-75.615562,1.541513],[-75.61551,1.541479],[-75.615494,1.541444],[-75.615471,1.54141],[-75.615417,1.541415],[-75.615303,1.541335],[-75.615242,1.541266],[-75.615227,1.541232],[-75.615196,1.541163],[-75.615174,1.541128],[-75.615143,1.54099],[-75.615135,1.540921],[-75.615128,1.540852],[-75.61512,1.540807],[-75.61512,1.540749],[-75.615113,1.540703],[-75.615097,1.54064],[-75.615089,1.5406],[-75.615082,1.540537],[-75.615082,1.540376],[-75.615075,1.540324],[-75.615075,1.540089],[-75.615081,1.540009],[-75.615082,1.539785],[-75.61509,1.539716],[-75.61509,1.539612],[-75.615104,1.53948],[-75.615104,1.539429],[-75.615112,1.539308],[-75.615135,1.539222],[-75.615143,1.539021],[-75.615143,1.538785],[-75.615151,1.538659],[-75.615158,1.538578],[-75.615166,1.538435],[-75.615174,1.538343],[-75.615188,1.538268],[-75.615204,1.538142],[-75.615235,1.538033],[-75.615249,1.537826],[-75.615265,1.537723],[-75.615273,1.537654],[-75.615295,1.537591],[-75.615311,1.537504],[-75.615318,1.537447],[-75.615342,1.53739],[-75.615356,1.537257],[-75.61538,1.537143],[-75.615417,1.537045],[-75.615449,1.536953],[-75.615463,1.536896],[-75.615494,1.536809],[-75.615532,1.536672],[-75.615562,1.536597],[-75.6156,1.536425],[-75.615624,1.536327],[-75.615661,1.536143],[-75.615669,1.536063],[-75.6157,1.535954],[-75.61573,1.535787],[-75.61573,1.535718],[-75.615738,1.535575],[-75.615738,1.535483],[-75.615723,1.53531],[-75.615723,1.535196],[-75.615715,1.535035],[-75.615715,1.534627],[-75.615707,1.534397],[-75.615715,1.534219],[-75.615708,1.533944],[-75.615692,1.533731],[-75.615693,1.533174],[-75.615685,1.53295],[-75.615685,1.532801],[-75.615662,1.532554],[-75.615631,1.532411],[-75.615608,1.532226],[-75.615593,1.532117],[-75.615586,1.531917],[-75.615594,1.531808],[-75.615593,1.53156],[-75.615593,1.531377],[-75.615601,1.531285],[-75.615601,1.530802],[-75.615593,1.530624],[-75.615594,1.530269],[-75.615586,1.530182],[-75.615586,1.530091],[-75.61557,1.530056],[-75.615562,1.530033],[-75.615548,1.529998],[-75.615548,1.52997],[-75.615532,1.529935],[-75.615516,1.529866],[-75.615494,1.52978],[-75.615456,1.529677],[-75.61544,1.529625],[-75.61541,1.529562],[-75.615402,1.529528],[-75.615372,1.529447],[-75.615364,1.529378],[-75.615342,1.529326],[-75.615334,1.529292],[-75.615311,1.529212],[-75.615288,1.529143],[-75.615257,1.529063],[-75.61525,1.529028],[-75.615227,1.528994],[-75.615181,1.528959],[-75.615159,1.528925],[-75.615127,1.52889],[-75.615113,1.528856],[-75.615089,1.528844],[-75.615051,1.52881],[-75.615036,1.528775],[-75.614998,1.528741],[-75.614975,1.528706],[-75.614937,1.528637],[-75.614906,1.528568],[-75.614884,1.528511],[-75.61486,1.528454],[-75.61486,1.528414],[-75.614838,1.528379],[-75.61483,1.528345],[-75.614792,1.528293],[-75.61477,1.528207],[-75.614731,1.52811],[-75.614708,1.528045],[-75.614678,1.527921],[-75.614647,1.527826],[-75.614624,1.527766],[-75.614594,1.527701],[-75.614563,1.527648],[-75.614533,1.527612],[-75.614495,1.527517],[-75.614433,1.527451],[-75.614403,1.527379],[-75.614365,1.527355],[-75.614327,1.527308],[-75.614258,1.527236],[-75.614196,1.527189],[-75.614113,1.527129],[-75.614075,1.527093],[-75.613983,1.527033],[-75.613923,1.527009],[-75.613831,1.526931],[-75.613701,1.526842],[-75.61364,1.526781],[-75.613579,1.526728],[-75.613487,1.526619],[-75.613419,1.526571],[-75.613342,1.526529],[-75.613296,1.526474],[-75.613258,1.526431],[-75.613205,1.526371],[-75.613136,1.52631],[-75.613083,1.526256],[-75.613007,1.526153],[-75.612931,1.526007],[-75.612862,1.525923],[-75.612793,1.525777],[-75.612716,1.525681],[-75.612648,1.525602],[-75.612557,1.525464],[-75.612473,1.525349],[-75.612366,1.525193],[-75.612297,1.52511],[-75.612236,1.525038],[-75.61216,1.524914],[-75.612098,1.524819],[-75.612015,1.52473],[-75.611946,1.524642],[-75.611855,1.52453],[-75.611839,1.524495],[-75.611771,1.524396],[-75.611694,1.524314],[-75.61161,1.524176],[-75.61155,1.524066],[-75.611488,1.523968],[-75.611435,1.523887],[-75.611405,1.523853],[-75.611313,1.523721],[-75.611252,1.523617],[-75.611229,1.523583],[-75.6111,1.523491],[-75.611016,1.52341],[-75.610939,1.523348],[-75.610825,1.523284],[-75.610794,1.523124],[-75.610763,1.523072],[-75.610703,1.523003],[-75.610618,1.5229],[-75.610458,1.522756],[-75.610305,1.522635],[-75.610207,1.522573],[-75.610108,1.522417],[-75.610032,1.522302],[-75.609955,1.522222],[-75.609871,1.5219],[-75.609817,1.521785],[-75.609757,1.521688],[-75.609673,1.521453],[-75.609597,1.521263],[-75.609497,1.521022],[-75.60939,1.520844],[-75.609268,1.520717],[-75.609161,1.520614],[-75.609009,1.520505],[-75.608803,1.520355],[-75.608696,1.520304],[-75.608513,1.5202],[-75.608368,1.520086],[-75.608201,1.519931],[-75.608101,1.519816],[-75.60804,1.519672],[-75.608024,1.519638],[-75.607902,1.51942],[-75.607888,1.519333],[-75.607894,1.519299],[-75.607902,1.519247],[-75.607948,1.519069],[-75.607963,1.519006],[-75.608063,1.518794],[-75.608154,1.518529],[-75.608261,1.518329],[-75.608429,1.518041],[-75.608513,1.51791],[-75.608589,1.51776],[-75.60865,1.517628],[-75.608734,1.517462],[-75.608803,1.517284],[-75.608894,1.517077],[-75.608925,1.517013],[-75.608955,1.516944],[-75.608963,1.516928],[-75.609001,1.516767],[-75.609009,1.51675],[-75.609031,1.516635],[-75.60904,1.51657]]]},"properties":{"nombre_ver":"LA TURBIA ALTA","codigo_ver":"18001047","nomb_mpio":"FLORENCIA","nom_dep":"CAQUETÁ","area_ha":2221.78,"meta_ae":1259,"meta_fb":123,"anio":2029}},{"type":"Feature","geometry":{"type":"Polygon","coordinates":[[[-75.657094,1.488299],[-75.657076,1.488155],[-75.657045,1.48796],[-75.657152,1.487713],[-75.657297,1.48757],[-75.657473,1.487426],[-75.657632,1.487317],[-75.657838,1.487168],[-75.657999,1.487042],[-75.658693,1.486771],[-75.658762,1.4867],[-75.658803,1.486661],[-75.660193,1.486049],[-75.660607,1.48568],[-75.660662,1.485753],[-75.660733,1.485835],[-75.660809,1.485914],[-75.660889,1.485987],[-75.660974,1.486056],[-75.661151,1.486187],[-75.661332,1.486312],[-75.661516,1.486433],[-75.661704,1.486549],[-75.661894,1.486659],[-75.662088,1.486764],[-75.662285,1.486864],[-75.662484,1.486958],[-75.662678,1.48705],[-75.662732,1.487077],[-75.66287,1.487147],[-75.663059,1.48725],[-75.663245,1.487358],[-75.663428,1.487471],[-75.663607,1.487589],[-75.663784,1.487712],[-75.663878,1.487784],[-75.663967,1.487861],[-75.664052,1.487943],[-75.664133,1.488029],[-75.664208,1.48812],[-75.664278,1.488215],[-75.664343,1.488314],[-75.664402,1.488416],[-75.664455,1.488522],[-75.664502,1.48863],[-75.664543,1.488741],[-75.664578,1.488853],[-75.664606,1.488968],[-75.664628,1.489084],[-75.664643,1.489201],[-75.664699,1.489781],[-75.664748,1.490361],[-75.66479,1.490941],[-75.664795,1.491068],[-75.664793,1.491194],[-75.664784,1.49132],[-75.664768,1.491445],[-75.664745,1.491569],[-75.664715,1.491692],[-75.664679,1.491813],[-75.664635,1.491931],[-75.664586,1.492048],[-75.664529,1.492161],[-75.664467,1.492271],[-75.664399,1.492377],[-75.664325,1.492479],[-75.664245,1.492577],[-75.664107,1.492742],[-75.663973,1.492912],[-75.663845,1.493085],[-75.663721,1.493262],[-75.663603,1.493442],[-75.66349,1.493626],[-75.663383,1.493813],[-75.663281,1.494003],[-75.663184,1.494196],[-75.663093,1.494392],[-75.663008,1.49459],[-75.66297,1.494691],[-75.662939,1.494793],[-75.662915,1.494898],[-75.662897,1.495004],[-75.662887,1.495111],[-75.662883,1.495219],[-75.662887,1.495326],[-75.662897,1.495433],[-75.662915,1.495539],[-75.662939,1.495644],[-75.66297,1.495747],[-75.663008,1.495848],[-75.663046,1.49593],[-75.663089,1.496008],[-75.663139,1.496083],[-75.663195,1.496154],[-75.663256,1.49622],[-75.663323,1.496281],[-75.663393,1.496336],[-75.663468,1.496386],[-75.663533,1.496422],[-75.663489,1.497058],[-75.663694,1.497572],[-75.663797,1.498457],[-75.6639,1.499568],[-75.663982,1.500103],[-75.664228,1.500226],[-75.665127,1.500122],[-75.665107,1.500616],[-75.66521,1.50146],[-75.665578,1.501583],[-75.666559,1.501623],[-75.667643,1.501623],[-75.668707,1.502116],[-75.668686,1.502383],[-75.668421,1.502754],[-75.668155,1.503001],[-75.668074,1.503515],[-75.66787,1.504194],[-75.667727,1.504791],[-75.668034,1.505161],[-75.66877,1.505284],[-75.669036,1.505572],[-75.668934,1.506087],[-75.668812,1.506539],[-75.668853,1.507033],[-75.669119,1.507239],[-75.670019,1.50732],[-75.670816,1.507526],[-75.671266,1.507258],[-75.671327,1.506846],[-75.671756,1.506002],[-75.672144,1.505817],[-75.672553,1.505919],[-75.672676,1.506372],[-75.672533,1.506804],[-75.672227,1.506907],[-75.671757,1.507237],[-75.671614,1.507525],[-75.671798,1.508008],[-75.672698,1.509037],[-75.673763,1.510476],[-75.674622,1.511587],[-75.674681,1.511959],[-75.674879,1.513199],[-75.674879,1.51346],[-75.675108,1.514172],[-75.675451,1.513965],[-75.675976,1.513758],[-75.676706,1.514033],[-75.677095,1.514654],[-75.677027,1.515113],[-75.67673,1.515435],[-75.676365,1.515504],[-75.675748,1.515482],[-75.675246,1.51562],[-75.674858,1.516011],[-75.674745,1.517114],[-75.674654,1.517528],[-75.674494,1.517757],[-75.674175,1.518194],[-75.673993,1.518608],[-75.67397,1.519091],[-75.674176,1.51932],[-75.674701,1.519274],[-75.675386,1.519181],[-75.675393,1.519191],[-75.675614,1.51948],[-75.675386,1.519986],[-75.675113,1.520193],[-75.675204,1.520629],[-75.675501,1.520744],[-75.675889,1.520675],[-75.6763,1.519824],[-75.67703,1.519548],[-75.677715,1.519892],[-75.678469,1.52065],[-75.679086,1.521522],[-75.678973,1.52266],[-75.678631,1.52374],[-75.677969,1.523649],[-75.677536,1.523879],[-75.677399,1.524224],[-75.677627,1.524384],[-75.678267,1.525027],[-75.678884,1.525532],[-75.67941,1.526244],[-75.679273,1.52737],[-75.678794,1.527692],[-75.678428,1.52721],[-75.678268,1.526498],[-75.677994,1.526291],[-75.677423,1.526475],[-75.677219,1.52751],[-75.677106,1.52944],[-75.677358,1.530359],[-75.678226,1.530887],[-75.678363,1.531139],[-75.677953,1.532197],[-75.677611,1.532771],[-75.677725,1.533484],[-75.677909,1.534609],[-75.677909,1.535207],[-75.677672,1.536218],[-75.67733,1.537213],[-75.677371,1.537823],[-75.677633,1.53831],[-75.678077,1.538371],[-75.681532,1.542512],[-75.68232,1.542816],[-75.682805,1.543121],[-75.682946,1.543649],[-75.682886,1.544035],[-75.682664,1.544198],[-75.682321,1.544218],[-75.681977,1.543771],[-75.681412,1.54363],[-75.68121,1.543935],[-75.68113,1.544432],[-75.680909,1.545936],[-75.680869,1.546464],[-75.681071,1.546769],[-75.681717,1.546748],[-75.682565,1.546767],[-75.683171,1.54695],[-75.683373,1.547376],[-75.683434,1.547945],[-75.683273,1.548615],[-75.683011,1.5489],[-75.682567,1.549205],[-75.682385,1.549591],[-75.682224,1.549896],[-75.682002,1.549896],[-75.681921,1.549734],[-75.681961,1.549165],[-75.6819,1.548901],[-75.681578,1.548962],[-75.681315,1.548942],[-75.680084,1.549776],[-75.67956,1.550203],[-75.678975,1.550833],[-75.67837,1.551341],[-75.678021,1.551766],[-75.678019,1.551766],[-75.677981,1.551731],[-75.67795,1.551697],[-75.677889,1.551645],[-75.677858,1.551645],[-75.67782,1.551634],[-75.67779,1.551622],[-75.67776,1.551623],[-75.677721,1.551628],[-75.677691,1.551634],[-75.677553,1.551634],[-75.677523,1.551639],[-75.677484,1.551651],[-75.677454,1.551651],[-75.677401,1.551668],[-75.67737,1.551691],[-75.67734,1.551714],[-75.677301,1.551749],[-75.677287,1.551783],[-75.677256,1.551818],[-75.677241,1.551852],[-75.677218,1.551887],[-75.677202,1.551938],[-75.67718,1.551978],[-75.677172,1.55203],[-75.677156,1.552065],[-75.677142,1.552105],[-75.677134,1.552139],[-75.677119,1.552219],[-75.677111,1.552283],[-75.677095,1.552386],[-75.677081,1.552513],[-75.677073,1.552564],[-75.677073,1.552627],[-75.677065,1.552673],[-75.67705,1.552736],[-75.677035,1.552805],[-75.677027,1.552852],[-75.677004,1.552926],[-75.676988,1.55299],[-75.676958,1.553081],[-75.676928,1.553167],[-75.676897,1.553253],[-75.676867,1.553311],[-75.676806,1.553437],[-75.676806,1.553483],[-75.67673,1.553431],[-75.67673,1.553466],[-75.676722,1.5535],[-75.676714,1.553535],[-75.676699,1.553569],[-75.676684,1.553604],[-75.676676,1.553638],[-75.676661,1.553679],[-75.676645,1.553741],[-75.676623,1.553799],[-75.676607,1.553851],[-75.6766,1.553885],[-75.676569,1.553971],[-75.676546,1.554046],[-75.676524,1.554115],[-75.676486,1.554213],[-75.676455,1.554282],[-75.676425,1.55435],[-75.676393,1.554385],[-75.676387,1.554419],[-75.676379,1.55448],[-75.676348,1.554528],[-75.676333,1.554568],[-75.67631,1.554603],[-75.676287,1.554637],[-75.676287,1.554678],[-75.67628,1.554712],[-75.676264,1.554753],[-75.676234,1.554827],[-75.676203,1.554873],[-75.676188,1.554936],[-75.676157,1.554982],[-75.676111,1.55508],[-75.676066,1.555195],[-75.676028,1.555264],[-75.675974,1.555362],[-75.675951,1.555413],[-75.675929,1.555476],[-75.675905,1.555522],[-75.675883,1.555556],[-75.675859,1.555591],[-75.675837,1.555625],[-75.675799,1.555665],[-75.675768,1.555712],[-75.675746,1.555746],[-75.67573,1.555781],[-75.6757,1.555826],[-75.675661,1.555901],[-75.675639,1.555964],[-75.675631,1.555999],[-75.675615,1.556044],[-75.675601,1.556096],[-75.675554,1.556234],[-75.675532,1.556269],[-75.675502,1.556309],[-75.675478,1.556356],[-75.67547,1.556371],[-75.675455,1.556406],[-75.67544,1.556435],[-75.675417,1.556472],[-75.675379,1.556538],[-75.675363,1.556571],[-75.675349,1.556608],[-75.675318,1.556636],[-75.675303,1.556671],[-75.675288,1.556705],[-75.675257,1.556774],[-75.675226,1.556803],[-75.675212,1.556838],[-75.675188,1.556878],[-75.675158,1.556929],[-75.675119,1.556998],[-75.675051,1.557101],[-75.675013,1.557142],[-75.674982,1.557176],[-75.674974,1.557211],[-75.674952,1.557245],[-75.674914,1.557291],[-75.674906,1.557308],[-75.674891,1.557343],[-75.674853,1.557371],[-75.674829,1.557406],[-75.674791,1.557463],[-75.674761,1.557498],[-75.674753,1.557538],[-75.67473,1.557584],[-75.674716,1.557619],[-75.674692,1.557693],[-75.674684,1.557728],[-75.67467,1.557779],[-75.674647,1.55783],[-75.674631,1.557894],[-75.674609,1.557974],[-75.674585,1.558025],[-75.674555,1.558072],[-75.674509,1.558158],[-75.67444,1.558233],[-75.674402,1.558285],[-75.674311,1.558422],[-75.674273,1.55848],[-75.674196,1.558589],[-75.674136,1.558658],[-75.674059,1.558738],[-75.674021,1.558801],[-75.673975,1.558888],[-75.673898,1.55902],[-75.673846,1.559077],[-75.673747,1.559227],[-75.673647,1.559347],[-75.67357,1.559399],[-75.673464,1.559519],[-75.673387,1.559577],[-75.673312,1.55968],[-75.67325,1.559767],[-75.673197,1.559824],[-75.673159,1.55987],[-75.673113,1.559968],[-75.672998,1.560151],[-75.67293,1.56026],[-75.672869,1.560312],[-75.6728,1.560375],[-75.672739,1.560433],[-75.672678,1.560507],[-75.67264,1.56053],[-75.672602,1.560565],[-75.672557,1.560599],[-75.672525,1.560628],[-75.67248,1.560668],[-75.672457,1.560703],[-75.672426,1.560737],[-75.672396,1.56076],[-75.672335,1.560806],[-75.672304,1.560841],[-75.672243,1.560898],[-75.672213,1.560938],[-75.672167,1.560978],[-75.672154,1.560992],[-75.672098,1.561053],[-75.672037,1.561122],[-75.671983,1.561179],[-75.671892,1.561265],[-75.671786,1.561369],[-75.671724,1.561438],[-75.671655,1.561478],[-75.671595,1.561513],[-75.671541,1.561558],[-75.671458,1.561621],[-75.671351,1.561662],[-75.671327,1.561702],[-75.671313,1.561725],[-75.671289,1.561759],[-75.671251,1.561777],[-75.671221,1.561794],[-75.671182,1.561811],[-75.671152,1.561846],[-75.671076,1.561886],[-75.671015,1.561926],[-75.670954,1.561955],[-75.670847,1.562024],[-75.670778,1.562064],[-75.670679,1.562098],[-75.670534,1.56215],[-75.670428,1.562185],[-75.670275,1.562254],[-75.670184,1.562305],[-75.670023,1.562386],[-75.669947,1.562426],[-75.669718,1.562535],[-75.669581,1.562598],[-75.66952,1.562633],[-75.669299,1.562713],[-75.669199,1.562748],[-75.669146,1.56277],[-75.669046,1.562799],[-75.668977,1.562828],[-75.668932,1.562851],[-75.668901,1.562862],[-75.668871,1.562874],[-75.66881,1.562902],[-75.668604,1.562966],[-75.668436,1.563012],[-75.668154,1.563138],[-75.667895,1.563259],[-75.667643,1.563373],[-75.667406,1.563494],[-75.667185,1.56358],[-75.667009,1.563661],[-75.666704,1.563804],[-75.666513,1.563896],[-75.666285,1.563994],[-75.666231,1.564017],[-75.66614,1.564063],[-75.665941,1.564126],[-75.665774,1.564212],[-75.665521,1.564292],[-75.665384,1.564333],[-75.665231,1.564379],[-75.665034,1.564465],[-75.664881,1.564563],[-75.664675,1.56466],[-75.664545,1.564729],[-75.664339,1.564798],[-75.664187,1.564873],[-75.663919,1.564982],[-75.663774,1.565011],[-75.663545,1.565051],[-75.663477,1.565079],[-75.663294,1.565149],[-75.663187,1.565194],[-75.663042,1.565252],[-75.663004,1.565263],[-75.662821,1.565332],[-75.66276,1.565373],[-75.662729,1.565378],[-75.662668,1.56539],[-75.662584,1.56543],[-75.662477,1.565476],[-75.662401,1.565516],[-75.662271,1.565568],[-75.662173,1.565602],[-75.662058,1.565648],[-75.661982,1.565694],[-75.661936,1.56574],[-75.661875,1.565803],[-75.661829,1.565866],[-75.661775,1.565901],[-75.661714,1.565953],[-75.661684,1.56597],[-75.661569,1.566045],[-75.661531,1.566079],[-75.661394,1.566142],[-75.661249,1.566217],[-75.661187,1.566245],[-75.661012,1.566303],[-75.660898,1.566349],[-75.660783,1.566389],[-75.660624,1.566452],[-75.660577,1.566464],[-75.660379,1.56655],[-75.660265,1.566607],[-75.660165,1.566636],[-75.660051,1.566682],[-75.659944,1.566711],[-75.659899,1.566728],[-75.659829,1.56674],[-75.659791,1.566751],[-75.659738,1.566751],[-75.659601,1.566791],[-75.659517,1.566814],[-75.65938,1.566866],[-75.659189,1.566998],[-75.659097,1.56705],[-75.65899,1.567119],[-75.658922,1.567165],[-75.658837,1.567205],[-75.658777,1.567245],[-75.658724,1.567274],[-75.658686,1.567297],[-75.658586,1.56736],[-75.658556,1.567389],[-75.658495,1.567423],[-75.658441,1.567463],[-75.65842,1.567479],[-75.658342,1.567468],[-75.658312,1.567435],[-75.658274,1.567423],[-75.658243,1.567417],[-75.658205,1.567406],[-75.658159,1.567371],[-75.658129,1.56736],[-75.658091,1.567337],[-75.658045,1.567326],[-75.658006,1.56732],[-75.657976,1.567308],[-75.657938,1.567285],[-75.657908,1.567285],[-75.657869,1.567274],[-75.657816,1.567274],[-75.657747,1.56728],[-75.657709,1.567268],[-75.657655,1.567268],[-75.657586,1.567268],[-75.657564,1.56728],[-75.657526,1.567291],[-75.65748,1.567314],[-75.657449,1.567331],[-75.657411,1.567343],[-75.657381,1.56736],[-75.657343,1.567371],[-75.657297,1.567383],[-75.657266,1.567417],[-75.657228,1.56744],[-75.657182,1.567493],[-75.657137,1.567527],[-75.657083,1.567584],[-75.657015,1.567647],[-75.656976,1.567693],[-75.65693,1.567745],[-75.6569,1.567785],[-75.656839,1.567854],[-75.656839,1.567819],[-75.656831,1.567751],[-75.656832,1.567624],[-75.656839,1.567567],[-75.656832,1.567532],[-75.65684,1.567481],[-75.656854,1.567401],[-75.656862,1.567349],[-75.656877,1.567285],[-75.656885,1.567251],[-75.656907,1.567193],[-75.656907,1.567159],[-75.656915,1.567102],[-75.656939,1.567027],[-75.656945,1.566981],[-75.656961,1.566895],[-75.656969,1.566837],[-75.656984,1.566791],[-75.656992,1.566746],[-75.657022,1.566677],[-75.656587,1.565296],[-75.656603,1.565262],[-75.656633,1.565255],[-75.656671,1.565233],[-75.656702,1.56521],[-75.656748,1.565175],[-75.656778,1.565061],[-75.656801,1.564986],[-75.656801,1.564905],[-75.656771,1.564802],[-75.656725,1.564756],[-75.656686,1.564722],[-75.656656,1.564687],[-75.656626,1.564624],[-75.656618,1.564566],[-75.65661,1.564497],[-75.65661,1.564325],[-75.656633,1.564239],[-75.656671,1.564107],[-75.656679,1.564003],[-75.656679,1.563906],[-75.656702,1.56382],[-75.656724,1.563751],[-75.65674,1.56367],[-75.656755,1.563572],[-75.65677,1.563526],[-75.656778,1.563458],[-75.656793,1.563389],[-75.656809,1.563291],[-75.656817,1.563153],[-75.656823,1.563084],[-75.656824,1.562946],[-75.656793,1.562889],[-75.656763,1.562837],[-75.656717,1.562803],[-75.656679,1.562779],[-75.656602,1.562757],[-75.656526,1.562739],[-75.656465,1.562722],[-75.656381,1.562688],[-75.656267,1.562636],[-75.656198,1.562601],[-75.656152,1.562567],[-75.656038,1.562521],[-75.655992,1.562475],[-75.655947,1.562417],[-75.655909,1.562354],[-75.655855,1.562285],[-75.655839,1.562251],[-75.655831,1.562187],[-75.655817,1.562067],[-75.655801,1.561957],[-75.655793,1.561895],[-75.655779,1.561745],[-75.655771,1.561665],[-75.655779,1.561601],[-75.655779,1.561515],[-75.655778,1.561469],[-75.655778,1.561406],[-75.655763,1.561325],[-75.65574,1.56128],[-75.655633,1.561176],[-75.655573,1.561096],[-75.655374,1.561004],[-75.655305,1.560964],[-75.655145,1.560911],[-75.655069,1.560871],[-75.654855,1.560722],[-75.654711,1.560595],[-75.654619,1.560526],[-75.654436,1.560388],[-75.654329,1.560302],[-75.654192,1.560193],[-75.654122,1.560118],[-75.654001,1.560032],[-75.653947,1.559986],[-75.653894,1.559929],[-75.653849,1.559813],[-75.653803,1.55967],[-75.653779,1.559607],[-75.653757,1.559532],[-75.653733,1.559446],[-75.653711,1.559366],[-75.653695,1.559285],[-75.653681,1.559205],[-75.653665,1.559084],[-75.653657,1.558998],[-75.653627,1.558894],[-75.653611,1.558825],[-75.653597,1.558785],[-75.653581,1.558728],[-75.653573,1.558647],[-75.653573,1.558538],[-75.653558,1.558377],[-75.653551,1.558314],[-75.653543,1.558268],[-75.653543,1.558118],[-75.653558,1.558084],[-75.653612,1.558015],[-75.65365,1.557964],[-75.653688,1.557889],[-75.653703,1.557854],[-75.653711,1.557773],[-75.653711,1.557711],[-75.653719,1.557665],[-75.653719,1.557613],[-75.653687,1.557521],[-75.653635,1.557429],[-75.653604,1.557406],[-75.653566,1.557406],[-75.653536,1.557389],[-75.653436,1.55728],[-75.653398,1.557222],[-75.653383,1.557176],[-75.653382,1.557119],[-75.653376,1.557055],[-75.653376,1.556998],[-75.653382,1.556941],[-75.65339,1.556883],[-75.65339,1.556723],[-75.653375,1.556688],[-75.653352,1.556642],[-75.653276,1.556538],[-75.6532,1.556447],[-75.653154,1.556429],[-75.653085,1.556395],[-75.653009,1.556383],[-75.652971,1.55636],[-75.65288,1.556331],[-75.652848,1.55632],[-75.652742,1.556274],[-75.652673,1.55624],[-75.652635,1.556188],[-75.652619,1.556142],[-75.652605,1.556055],[-75.652581,1.555941],[-75.652536,1.555803],[-75.652452,1.555625],[-75.652368,1.555527],[-75.652276,1.555424],[-75.652131,1.555285],[-75.651994,1.555153],[-75.65188,1.554986],[-75.651766,1.55486],[-75.651697,1.554785],[-75.651628,1.554682],[-75.651567,1.554625],[-75.651513,1.554567],[-75.651414,1.554458],[-75.651284,1.55432],[-75.651216,1.554262],[-75.651155,1.554199],[-75.651117,1.554165],[-75.651055,1.554067],[-75.651017,1.554009],[-75.650995,1.553969],[-75.650979,1.553935],[-75.650972,1.5539],[-75.650957,1.553866],[-75.650941,1.553791],[-75.650919,1.553734],[-75.650903,1.553665],[-75.650895,1.553532],[-75.650881,1.553406],[-75.650857,1.553297],[-75.650842,1.553234],[-75.650819,1.553074],[-75.650797,1.55293],[-75.650765,1.552768],[-75.650735,1.552636],[-75.650705,1.552464],[-75.650675,1.552372],[-75.650659,1.552274],[-75.650651,1.552177],[-75.650637,1.552085],[-75.650636,1.551952],[-75.650636,1.551889],[-75.650629,1.551809],[-75.650629,1.551763],[-75.650628,1.55166],[-75.650636,1.551522],[-75.650644,1.551355],[-75.650652,1.551292],[-75.650659,1.551143],[-75.650674,1.551033],[-75.650689,1.550936],[-75.650697,1.55074],[-75.650705,1.550688],[-75.650705,1.550574],[-75.650689,1.550476],[-75.650667,1.550413],[-75.650621,1.550309],[-75.650559,1.550223],[-75.650491,1.550125],[-75.65043,1.550022],[-75.6504,1.549959],[-75.650384,1.549895],[-75.650377,1.549786],[-75.650361,1.549677],[-75.650354,1.549563],[-75.650346,1.549459],[-75.650316,1.54939],[-75.650293,1.549344],[-75.65024,1.549264],[-75.65014,1.549149],[-75.650079,1.549068],[-75.650033,1.548999],[-75.649935,1.548861],[-75.649827,1.548746],[-75.649698,1.548591],[-75.649576,1.548447],[-75.649507,1.548327],[-75.649415,1.5482],[-75.649355,1.548068],[-75.649278,1.547896],[-75.64924,1.547798],[-75.649202,1.54766],[-75.649148,1.547551],[-75.64911,1.547384],[-75.64908,1.547264],[-75.649049,1.547098],[-75.649041,1.547005],[-75.649011,1.546827],[-75.648996,1.546706],[-75.648981,1.546603],[-75.648973,1.546534],[-75.648965,1.546442],[-75.64895,1.546367],[-75.64895,1.54631],[-75.648949,1.546264],[-75.648949,1.546224],[-75.648935,1.546166],[-75.648897,1.546097],[-75.648873,1.546045],[-75.648866,1.546005],[-75.648843,1.545965],[-75.64879,1.54581],[-75.648752,1.545724],[-75.648729,1.545638],[-75.648683,1.545511],[-75.648652,1.545413],[-75.648599,1.545339],[-75.648568,1.545293],[-75.648508,1.545178],[-75.648477,1.545132],[-75.648454,1.545052],[-75.648424,1.545005],[-75.648385,1.544913],[-75.648355,1.544856],[-75.648332,1.544798],[-75.648286,1.544713],[-75.648209,1.54458],[-75.648179,1.544534],[-75.648103,1.544431],[-75.648073,1.544396],[-75.648026,1.544368],[-75.647996,1.544356],[-75.647958,1.54435],[-75.647867,1.544331],[-75.64789,1.544239],[-75.647942,1.544073],[-75.648027,1.5439],[-75.648073,1.543825],[-75.648141,1.543699],[-75.64818,1.543636],[-75.648248,1.543504],[-75.648309,1.543417],[-75.648355,1.543349],[-75.648408,1.543251],[-75.648454,1.543199],[-75.6485,1.543136],[-75.648545,1.54305],[-75.648607,1.54297],[-75.648668,1.542866],[-75.648722,1.542775],[-75.648759,1.542694],[-75.648813,1.542585],[-75.648851,1.5425],[-75.648881,1.54243],[-75.648958,1.542286],[-75.649004,1.5422],[-75.649034,1.542137],[-75.649087,1.541993],[-75.649117,1.541936],[-75.649163,1.541827],[-75.649171,1.541787],[-75.649194,1.541735],[-75.649194,1.54166],[-75.649202,1.541603],[-75.649216,1.541562],[-75.649224,1.541511],[-75.649224,1.541477],[-75.649217,1.541442],[-75.649224,1.54139],[-75.649232,1.541321],[-75.649194,1.541287],[-75.649178,1.541252],[-75.649148,1.54123],[-75.649134,1.541184],[-75.649126,1.541115],[-75.64911,1.541052],[-75.649094,1.541005],[-75.649072,1.540971],[-75.649064,1.540914],[-75.649034,1.540845],[-75.649018,1.540787],[-75.649004,1.540747],[-75.648973,1.540679],[-75.648942,1.540598],[-75.648904,1.540552],[-75.648874,1.5405],[-75.648828,1.540431],[-75.648797,1.540397],[-75.648775,1.540363],[-75.648729,1.540294],[-75.648691,1.540242],[-75.64866,1.540213],[-75.648584,1.540115],[-75.648546,1.540075],[-75.648492,1.539983],[-75.648462,1.539926],[-75.648432,1.539874],[-75.6484,1.53984],[-75.648378,1.539805],[-75.64834,1.539714],[-75.648317,1.539621],[-75.648309,1.539529],[-75.648378,1.539524],[-75.648431,1.539524],[-75.6485,1.539529],[-75.648545,1.53953],[-75.648583,1.539541],[-75.648615,1.539564],[-75.648653,1.539575],[-75.648683,1.539599],[-75.648736,1.53961],[-75.648798,1.539622],[-75.648836,1.539621],[-75.648904,1.539621],[-75.648935,1.539639],[-75.649019,1.539639],[-75.649049,1.53965],[-75.649087,1.53965],[-75.649126,1.539673],[-75.649186,1.539685],[-75.649224,1.539707],[-75.649263,1.539719],[-75.649316,1.539742],[-75.649347,1.539765],[-75.649377,1.539788],[-75.649407,1.539827],[-75.649431,1.539862],[-75.649476,1.539886],[-75.649514,1.539909],[-75.649545,1.539943],[-75.649606,1.539989],[-75.649644,1.540012],[-75.649698,1.540058],[-75.649743,1.540093],[-75.649781,1.540126],[-75.649835,1.540161],[-75.649896,1.540213],[-75.649972,1.540282],[-75.650018,1.540305],[-75.650102,1.540328],[-75.65014,1.540339],[-75.650201,1.540345],[-75.650231,1.540357],[-75.650277,1.540356],[-75.650346,1.540379],[-75.650438,1.540379],[-75.650484,1.540391],[-75.650529,1.540391],[-75.650712,1.540402],[-75.650826,1.540402],[-75.650872,1.540374],[-75.650957,1.540334],[-75.651033,1.540293],[-75.651102,1.540276],[-75.651239,1.540253],[-75.651345,1.540242],[-75.651445,1.54023],[-75.651536,1.540224],[-75.651659,1.540207],[-75.651727,1.540196],[-75.651781,1.540185],[-75.651842,1.540172],[-75.651926,1.540127],[-75.651971,1.540115],[-75.65204,1.540092],[-75.652101,1.540064],[-75.6522,1.540023],[-75.652276,1.539995],[-75.652345,1.53996],[-75.652383,1.539949],[-75.652429,1.53992],[-75.65249,1.539897],[-75.652536,1.53988],[-75.652574,1.539868],[-75.652612,1.539857],[-75.65262,1.539811],[-75.652552,1.539799],[-75.652658,1.539765],[-75.652749,1.539759],[-75.652834,1.53973],[-75.652948,1.539707],[-75.653451,1.539581],[-75.653626,1.539523],[-75.65381,1.539471],[-75.654008,1.53942],[-75.654054,1.539403],[-75.65426,1.539328],[-75.654413,1.539282],[-75.654512,1.539253],[-75.654718,1.539213],[-75.654833,1.539185],[-75.655016,1.53911],[-75.655153,1.539058],[-75.65532,1.538989],[-75.655435,1.538937],[-75.655634,1.538863],[-75.655779,1.538811],[-75.655962,1.538725],[-75.656122,1.538668],[-75.656213,1.538628],[-75.656427,1.53853],[-75.656541,1.53849],[-75.656686,1.538438],[-75.656778,1.538415],[-75.656907,1.538369],[-75.657007,1.53834],[-75.657114,1.538306],[-75.657175,1.538277],[-75.657267,1.538248],[-75.65735,1.538191],[-75.657434,1.538151],[-75.657488,1.538122],[-75.657549,1.538099],[-75.657587,1.538082],[-75.65764,1.538059],[-75.657701,1.53803],[-75.657754,1.538013],[-75.657823,1.537978],[-75.657861,1.537966],[-75.657907,1.537944],[-75.657953,1.537927],[-75.657991,1.537909],[-75.658037,1.537898],[-75.658113,1.537846],[-75.658159,1.537811],[-75.658189,1.537795],[-75.658213,1.537806],[-75.658243,1.537788],[-75.658311,1.53776],[-75.658357,1.537737],[-75.658388,1.537726],[-75.658426,1.537714],[-75.658472,1.537685],[-75.658555,1.537622],[-75.658609,1.537582],[-75.658678,1.537491],[-75.658724,1.537444],[-75.658762,1.537398],[-75.658807,1.537341],[-75.658861,1.537249],[-75.658899,1.537203],[-75.65896,1.537099],[-75.659006,1.537007],[-75.659074,1.536876],[-75.659105,1.53679],[-75.659151,1.536697],[-75.659212,1.536565],[-75.659266,1.536439],[-75.659311,1.536382],[-75.659349,1.536301],[-75.659357,1.536249],[-75.659395,1.536157],[-75.659425,1.536083],[-75.659486,1.535905],[-75.659532,1.535819],[-75.659563,1.535738],[-75.659586,1.535646],[-75.659617,1.535566],[-75.659639,1.535531],[-75.659655,1.535497],[-75.659685,1.535457],[-75.659708,1.535388],[-75.659754,1.535336],[-75.659792,1.535261],[-75.659822,1.535192],[-75.659861,1.535135],[-75.659952,1.535015],[-75.660013,1.53494],[-75.660127,1.534773],[-75.660234,1.534641],[-75.660296,1.534578],[-75.660356,1.534532],[-75.660433,1.534487],[-75.660524,1.534423],[-75.660578,1.534388],[-75.660638,1.53436],[-75.6607,1.534319],[-75.66073,1.534303],[-75.660776,1.534279],[-75.660815,1.534268],[-75.660859,1.534262],[-75.660906,1.534256],[-75.660998,1.534256],[-75.661028,1.534251],[-75.661081,1.534245],[-75.661112,1.53424],[-75.661157,1.53424],[-75.661195,1.534239],[-75.661226,1.534239],[-75.661287,1.534233],[-75.661295,1.534193],[-75.661295,1.534072],[-75.661302,1.534032],[-75.661294,1.533981],[-75.661288,1.533912],[-75.661272,1.533842],[-75.661249,1.533779],[-75.661242,1.533711],[-75.661218,1.533556],[-75.661188,1.533412],[-75.661142,1.533246],[-75.661104,1.533142],[-75.661081,1.533033],[-75.661028,1.532895],[-75.661005,1.532832],[-75.660951,1.532683],[-75.660921,1.532579],[-75.660875,1.532424],[-75.660837,1.532355],[-75.660807,1.532258],[-75.660761,1.53212],[-75.660731,1.531988],[-75.660691,1.531908],[-75.660669,1.531839],[-75.660647,1.531758],[-75.660623,1.531695],[-75.660609,1.531598],[-75.660601,1.531557],[-75.660577,1.531512],[-75.66057,1.531471],[-75.660555,1.531414],[-75.660539,1.531305],[-75.660525,1.531253],[-75.660509,1.531201],[-75.660486,1.531144],[-75.660471,1.531086],[-75.660455,1.531023],[-75.660433,1.530983],[-75.660425,1.530948],[-75.660402,1.530914],[-75.660387,1.530874],[-75.660372,1.53084],[-75.660356,1.530805],[-75.660333,1.530771],[-75.660318,1.530736],[-75.660303,1.530702],[-75.660272,1.530661],[-75.66025,1.530609],[-75.660234,1.530575],[-75.660204,1.530541],[-75.660135,1.530443],[-75.660097,1.530363],[-75.660043,1.530294],[-75.659997,1.530219],[-75.659945,1.530104],[-75.659913,1.530041],[-75.659883,1.529926],[-75.659853,1.529857],[-75.659807,1.529743],[-75.659777,1.529697],[-75.659769,1.529657],[-75.659731,1.529576],[-75.6597,1.529512],[-75.659677,1.529432],[-75.659654,1.529392],[-75.659624,1.5293],[-75.659556,1.529163],[-75.659524,1.529105],[-75.659478,1.529013],[-75.659456,1.528961],[-75.65941,1.528864],[-75.659357,1.528778],[-75.659288,1.528645],[-75.659197,1.528496],[-75.659159,1.52841],[-75.659128,1.528318],[-75.659097,1.528267],[-75.659082,1.528169],[-75.659089,1.528008],[-75.659083,1.52796],[-75.659067,1.527813],[-75.659075,1.527754],[-75.65909,1.527671],[-75.659097,1.527599],[-75.659112,1.527463],[-75.65912,1.527373],[-75.659128,1.527314],[-75.659151,1.527206],[-75.659151,1.527128],[-75.659158,1.527044],[-75.659143,1.52693],[-75.659136,1.526894],[-75.659128,1.526816],[-75.659128,1.526738],[-75.659121,1.526617],[-75.659105,1.526568],[-75.659097,1.526526],[-75.659089,1.526453],[-75.659059,1.526363],[-75.659006,1.526236],[-75.658983,1.526176],[-75.658945,1.526127],[-75.658914,1.526043],[-75.658884,1.525994],[-75.658846,1.525928],[-75.65883,1.525886],[-75.658792,1.525844],[-75.658746,1.525801],[-75.658708,1.525765],[-75.658693,1.525717],[-75.658663,1.525675],[-75.658639,1.525639],[-75.658617,1.525603],[-75.658601,1.525586],[-75.658579,1.525586],[-75.658601,1.525532],[-75.658571,1.525502],[-75.658503,1.525472],[-75.658464,1.525466],[-75.658434,1.525436],[-75.658396,1.525417],[-75.658358,1.525411],[-75.65832,1.525393],[-75.658258,1.525362],[-75.65822,1.52535],[-75.658182,1.52532],[-75.658121,1.525289],[-75.658083,1.525259],[-75.658045,1.525222],[-75.657968,1.525156],[-75.65793,1.525119],[-75.657876,1.525077],[-75.657838,1.52504],[-75.657785,1.525009],[-75.657739,1.524997],[-75.657663,1.524965],[-75.657617,1.524958],[-75.657518,1.524939],[-75.657458,1.524926],[-75.657381,1.524912],[-75.657274,1.524892],[-75.657213,1.524885],[-75.657129,1.524848],[-75.657038,1.52481],[-75.656953,1.524773],[-75.656862,1.524717],[-75.65674,1.524656],[-75.656672,1.524631],[-75.656602,1.524612],[-75.656495,1.524598],[-75.656412,1.524584],[-75.656366,1.524578],[-75.656298,1.524565],[-75.656221,1.524564],[-75.656167,1.524563],[-75.656099,1.524556],[-75.656007,1.524555],[-75.655946,1.524554],[-75.655862,1.52456],[-75.655809,1.524565],[-75.655725,1.524564],[-75.655687,1.524564],[-75.655633,1.524528],[-75.65558,1.524481],[-75.655558,1.524445],[-75.655519,1.524381],[-75.655474,1.524304],[-75.655458,1.524246],[-75.655428,1.524165],[-75.655404,1.524101],[-75.655382,1.524008],[-75.655366,1.523922],[-75.655359,1.523887],[-75.655336,1.523835],[-75.655336,1.523801],[-75.655313,1.523766],[-75.655306,1.523738],[-75.655275,1.523605],[-75.655199,1.523542],[-75.655115,1.523347],[-75.655023,1.523031],[-75.654955,1.522813],[-75.654879,1.522543],[-75.654809,1.522244],[-75.654741,1.522038],[-75.654703,1.521831],[-75.654627,1.521383],[-75.654603,1.520981],[-75.654611,1.520711],[-75.654642,1.520522],[-75.654672,1.520126],[-75.654695,1.519878],[-75.654733,1.519724],[-75.654741,1.519551],[-75.654756,1.519426],[-75.654748,1.519242],[-75.654779,1.518989],[-75.654802,1.518708],[-75.654802,1.518294],[-75.654802,1.517904],[-75.654832,1.517645],[-75.654863,1.517146],[-75.654908,1.516772],[-75.654924,1.516468],[-75.654939,1.516256],[-75.654969,1.515934],[-75.654993,1.515607],[-75.654992,1.515389],[-75.655,1.515182],[-75.65497,1.51497],[-75.654962,1.51482],[-75.654932,1.514637],[-75.654901,1.514493],[-75.654824,1.514257],[-75.654718,1.513999],[-75.654474,1.513402],[-75.654337,1.513138],[-75.654268,1.513041],[-75.65407,1.512707],[-75.653978,1.512535],[-75.653848,1.512247],[-75.653787,1.512127],[-75.653695,1.511932],[-75.653627,1.511616],[-75.653482,1.511134],[-75.653421,1.51091],[-75.653337,1.510628],[-75.653215,1.510221],[-75.653154,1.509894],[-75.65307,1.509469],[-75.652932,1.508986],[-75.652848,1.50871],[-75.65281,1.508343],[-75.65275,1.508113],[-75.652711,1.507683],[-75.652597,1.50724],[-75.652536,1.506919],[-75.65246,1.50662],[-75.6523,1.506178],[-75.652162,1.505943],[-75.652094,1.505581],[-75.651994,1.505328],[-75.651903,1.50507],[-75.651827,1.504943],[-75.651751,1.50476],[-75.651705,1.504611],[-75.651681,1.504487],[-75.651498,1.503927],[-75.651483,1.503813],[-75.651475,1.503726],[-75.651483,1.503623],[-75.651521,1.503508],[-75.651544,1.503433],[-75.651598,1.503261],[-75.651658,1.502991],[-75.651666,1.502893],[-75.651643,1.502561],[-75.651544,1.502256],[-75.651468,1.501889],[-75.651422,1.501567],[-75.651353,1.501119],[-75.651331,1.500889],[-75.651285,1.500459],[-75.651285,1.500212],[-75.651278,1.499902],[-75.651262,1.499615],[-75.651208,1.499357],[-75.65114,1.498874],[-75.651079,1.498495],[-75.651063,1.498168],[-75.651071,1.497789],[-75.651094,1.497605],[-75.651132,1.497427],[-75.651239,1.497266],[-75.651468,1.496997],[-75.651658,1.496813],[-75.651895,1.49656],[-75.652094,1.496394],[-75.65236,1.496256],[-75.652567,1.496142],[-75.652742,1.496067],[-75.652978,1.496032],[-75.653154,1.496027],[-75.653329,1.495987],[-75.653543,1.495993],[-75.653719,1.496004],[-75.653925,1.496096],[-75.654031,1.49609],[-75.654222,1.496142],[-75.654352,1.496199],[-75.654489,1.496228],[-75.654718,1.496188],[-75.655023,1.496021],[-75.655107,1.495866],[-75.655138,1.495171],[-75.6551,1.494804],[-75.655062,1.494615],[-75.654962,1.494322],[-75.654862,1.493897],[-75.654848,1.493678],[-75.654863,1.493305],[-75.654879,1.493139],[-75.654886,1.492864],[-75.654901,1.492651],[-75.654908,1.492226],[-75.65487,1.492036],[-75.654772,1.491606],[-75.65474,1.49148],[-75.65471,1.491146],[-75.654718,1.490997],[-75.654763,1.490773],[-75.654916,1.490624],[-75.65513,1.490555],[-75.655367,1.490486],[-75.655534,1.490406],[-75.655741,1.490343],[-75.655893,1.490291],[-75.656091,1.490222],[-75.656115,1.490222],[-75.656328,1.490016],[-75.656405,1.48993],[-75.656534,1.489803],[-75.656733,1.489671],[-75.656839,1.489585],[-75.656938,1.489488],[-75.657015,1.489355],[-75.657068,1.489178],[-75.657122,1.488994],[-75.657122,1.488523],[-75.657094,1.488299]]]},"properties":{"nombre_ver":"VUELTA DEL GALLO","codigo_ver":"18001002","nomb_mpio":"FLORENCIA","nom_dep":"CAQUETÁ","area_ha":1900.2,"meta_ae":1670,"meta_fb":143,"anio":2030}},{"type":"Feature","geometry":{"type":"Polygon","coordinates":[[[-75.566436,1.535768],[-75.566573,1.535497],[-75.566611,1.535474],[-75.566626,1.535439],[-75.566649,1.535405],[-75.566694,1.53533],[-75.566748,1.535244],[-75.566839,1.535135],[-75.567038,1.534946],[-75.567068,1.534905],[-75.567175,1.534757],[-75.567252,1.534629],[-75.567358,1.534457],[-75.567496,1.534308],[-75.567549,1.534239],[-75.56764,1.534142],[-75.567725,1.534055],[-75.567793,1.533998],[-75.5679,1.533889],[-75.568067,1.53374],[-75.568167,1.533688],[-75.568282,1.533624],[-75.568419,1.533579],[-75.568556,1.53355],[-75.568725,1.533521],[-75.56893,1.53347],[-75.569105,1.533435],[-75.569282,1.533395],[-75.569471,1.533383],[-75.569624,1.533389],[-75.569762,1.533401],[-75.569899,1.533401],[-75.57009,1.533418],[-75.570265,1.533429],[-75.570464,1.533435],[-75.570623,1.533435],[-75.570762,1.533441],[-75.570899,1.533423],[-75.571043,1.533377],[-75.571212,1.533314],[-75.571287,1.533268],[-75.571387,1.533205],[-75.571478,1.533125],[-75.57157,1.533033],[-75.571661,1.532918],[-75.571754,1.532757],[-75.571837,1.532551],[-75.571883,1.532361],[-75.571936,1.532188],[-75.571959,1.532069],[-75.572004,1.53193],[-75.572051,1.531798],[-75.572097,1.531626],[-75.572127,1.5315],[-75.572165,1.531339],[-75.572204,1.53112],[-75.572226,1.531034],[-75.572257,1.530914],[-75.572279,1.530845],[-75.572287,1.530782],[-75.572295,1.530736],[-75.57231,1.5307],[-75.57231,1.530667],[-75.572318,1.530632],[-75.572348,1.530563],[-75.572386,1.530563],[-75.572462,1.530558],[-75.572555,1.530529],[-75.572699,1.530466],[-75.572829,1.530414],[-75.572921,1.530379],[-75.573027,1.530311],[-75.573118,1.53023],[-75.573233,1.530098],[-75.573363,1.52996],[-75.57347,1.529846],[-75.573615,1.529713],[-75.573752,1.529616],[-75.573912,1.529484],[-75.574088,1.529374],[-75.574302,1.529248],[-75.574454,1.529174],[-75.574668,1.529058],[-75.574912,1.528955],[-75.575118,1.528881],[-75.575332,1.528812],[-75.575492,1.528749],[-75.575675,1.528674],[-75.575843,1.528634],[-75.57601,1.528593],[-75.576255,1.528548],[-75.57643,1.528507],[-75.576591,1.528467],[-75.57675,1.52842],[-75.576926,1.528375],[-75.577117,1.528318],[-75.577323,1.528249],[-75.57749,1.528174],[-75.577673,1.528105],[-75.577918,1.52801],[-75.57817,1.527929],[-75.578375,1.527869],[-75.578552,1.527816],[-75.578689,1.52777],[-75.578834,1.527729],[-75.578971,1.527688],[-75.579108,1.527664],[-75.579254,1.527652],[-75.579383,1.527646],[-75.579443,1.527641],[-75.579589,1.527641],[-75.579627,1.527652],[-75.57968,1.52767],[-75.579741,1.527693],[-75.579749,1.527681],[-75.579757,1.527577],[-75.579779,1.527448],[-75.579779,1.527331],[-75.579795,1.527249],[-75.57984,1.527079],[-75.579878,1.526903],[-75.579909,1.526762],[-75.579939,1.526591],[-75.57997,1.526378],[-75.580008,1.526231],[-75.580032,1.526137],[-75.580077,1.525924],[-75.580139,1.525706],[-75.580199,1.525494],[-75.580276,1.525348],[-75.580359,1.525185],[-75.580435,1.525097],[-75.58052,1.524986],[-75.580641,1.524859],[-75.580725,1.524774],[-75.580779,1.524723],[-75.58084,1.524684],[-75.580878,1.524662],[-75.580924,1.524652],[-75.580955,1.524653],[-75.581023,1.524626],[-75.581046,1.524616],[-75.581107,1.524584],[-75.581138,1.524581],[-75.581168,1.524576],[-75.581198,1.52456],[-75.581222,1.524549],[-75.58129,1.52453],[-75.581321,1.524532],[-75.581381,1.524517],[-75.581435,1.524508],[-75.581481,1.524499],[-75.581534,1.524485],[-75.581596,1.524483],[-75.581626,1.524477],[-75.581679,1.524469],[-75.581725,1.524457],[-75.581755,1.52446],[-75.581771,1.524467],[-75.581809,1.524427],[-75.581908,1.524333],[-75.581938,1.524311],[-75.582045,1.524217],[-75.582083,1.524194],[-75.582145,1.524138],[-75.58219,1.524099],[-75.582244,1.524066],[-75.582343,1.524016],[-75.582389,1.523994],[-75.582435,1.523959],[-75.582465,1.523926],[-75.582504,1.523908],[-75.582511,1.523874],[-75.582534,1.523834],[-75.582671,1.523748],[-75.582739,1.523742],[-75.582839,1.52373],[-75.582984,1.523656],[-75.583206,1.523581],[-75.583602,1.523559],[-75.583907,1.523576],[-75.584121,1.523553],[-75.58435,1.52349],[-75.584525,1.523456],[-75.58467,1.523415],[-75.584754,1.523375],[-75.584877,1.523358],[-75.58509,1.523301],[-75.585181,1.523157],[-75.585265,1.523048],[-75.58541,1.522928],[-75.585571,1.522864],[-75.585616,1.522841],[-75.585647,1.52283],[-75.585845,1.522583],[-75.585922,1.522451],[-75.586006,1.522308],[-75.586074,1.52213],[-75.586188,1.521871],[-75.586288,1.521636],[-75.586402,1.521383],[-75.586516,1.521142],[-75.586677,1.520832],[-75.586799,1.520637],[-75.587012,1.520304],[-75.587104,1.520247],[-75.587326,1.520149],[-75.587501,1.52008],[-75.587799,1.519793],[-75.587951,1.519736],[-75.588439,1.519604],[-75.588668,1.519575],[-75.588889,1.519656],[-75.58905,1.519696],[-75.589286,1.519725],[-75.589477,1.519782],[-75.58966,1.51981],[-75.589743,1.519845],[-75.58992,1.519931],[-75.590018,1.51996],[-75.590155,1.520041],[-75.590232,1.520052],[-75.590316,1.520115],[-75.590423,1.520144],[-75.590446,1.52015],[-75.590567,1.520047],[-75.590575,1.519989],[-75.590583,1.519909],[-75.590598,1.519851],[-75.590622,1.519708],[-75.590644,1.519662],[-75.590644,1.519627],[-75.590667,1.51953],[-75.590713,1.519415],[-75.590713,1.519392],[-75.590729,1.519237],[-75.590735,1.519128],[-75.590751,1.519019],[-75.590766,1.518898],[-75.590774,1.518663],[-75.590843,1.518531],[-75.590865,1.518422],[-75.590919,1.518181],[-75.59095,1.517991],[-75.590972,1.517876],[-75.591041,1.517664],[-75.591468,1.517354],[-75.591674,1.517274],[-75.59204,1.517164],[-75.592224,1.51709],[-75.592376,1.517021],[-75.592467,1.516981],[-75.592674,1.516935],[-75.592857,1.516878],[-75.593116,1.51678],[-75.593215,1.516711],[-75.593292,1.516625],[-75.593314,1.516596],[-75.593376,1.516453],[-75.593421,1.516373],[-75.593445,1.51628],[-75.593445,1.516258],[-75.593421,1.516149],[-75.593421,1.515924],[-75.593452,1.515822],[-75.593452,1.515787],[-75.59346,1.515678],[-75.593468,1.515609],[-75.593498,1.515466],[-75.593505,1.515414],[-75.593444,1.515207],[-75.593414,1.515092],[-75.593376,1.514989],[-75.593322,1.514828],[-75.59323,1.51461],[-75.593216,1.514581],[-75.593184,1.514334],[-75.593184,1.514225],[-75.59317,1.514139],[-75.593215,1.514007],[-75.593299,1.513829],[-75.593353,1.513772],[-75.593444,1.513708],[-75.593574,1.513668],[-75.593658,1.513634],[-75.593742,1.513617],[-75.593818,1.513611],[-75.593895,1.513611],[-75.593955,1.513599],[-75.594054,1.513531],[-75.594245,1.513542],[-75.594337,1.513571],[-75.594512,1.513588],[-75.594604,1.513628],[-75.594741,1.513697],[-75.594902,1.513738],[-75.595184,1.513806],[-75.595382,1.513841],[-75.595833,1.513864],[-75.596068,1.513784],[-75.596229,1.513657],[-75.596473,1.513468],[-75.596763,1.513313],[-75.597015,1.513129],[-75.597366,1.512929],[-75.597595,1.51278],[-75.597748,1.512688],[-75.598022,1.512596],[-75.598129,1.512543],[-75.598716,1.512246],[-75.598785,1.512228],[-75.598907,1.512234],[-75.598945,1.512234],[-75.599075,1.512193],[-75.599548,1.512183],[-75.599632,1.512194],[-75.599876,1.512228],[-75.600128,1.512281],[-75.600357,1.512327],[-75.600608,1.512378],[-75.600799,1.512424],[-75.600899,1.512447],[-75.60109,1.512516],[-75.601356,1.512614],[-75.601691,1.51285],[-75.601799,1.512964],[-75.601875,1.513074],[-75.601944,1.513142],[-75.60904,1.51657],[-75.609031,1.516635],[-75.609009,1.51675],[-75.609001,1.516767],[-75.608963,1.516928],[-75.608955,1.516944],[-75.608925,1.517013],[-75.608894,1.517077],[-75.608803,1.517284],[-75.608734,1.517462],[-75.60865,1.517628],[-75.608589,1.51776],[-75.608513,1.51791],[-75.608429,1.518041],[-75.608261,1.518329],[-75.608154,1.518529],[-75.608063,1.518794],[-75.607963,1.519006],[-75.607948,1.519069],[-75.607902,1.519247],[-75.607894,1.519299],[-75.607888,1.519333],[-75.607902,1.51942],[-75.608024,1.519638],[-75.60804,1.519672],[-75.608101,1.519816],[-75.608201,1.519931],[-75.608368,1.520086],[-75.608513,1.5202],[-75.608696,1.520304],[-75.608803,1.520355],[-75.609009,1.520505],[-75.609161,1.520614],[-75.609268,1.520717],[-75.60939,1.520844],[-75.609497,1.521022],[-75.609597,1.521263],[-75.609673,1.521453],[-75.609757,1.521688],[-75.609817,1.521785],[-75.609871,1.5219],[-75.609955,1.522222],[-75.610032,1.522302],[-75.610108,1.522417],[-75.610207,1.522573],[-75.610305,1.522635],[-75.610458,1.522756],[-75.610618,1.5229],[-75.610703,1.523003],[-75.610763,1.523072],[-75.610794,1.523124],[-75.610825,1.523284],[-75.610939,1.523348],[-75.611016,1.52341],[-75.6111,1.523491],[-75.611229,1.523583],[-75.611252,1.523617],[-75.611313,1.523721],[-75.611405,1.523853],[-75.611435,1.523887],[-75.611488,1.523968],[-75.61155,1.524066],[-75.61161,1.524176],[-75.611694,1.524314],[-75.611771,1.524396],[-75.611839,1.524495],[-75.611855,1.52453],[-75.611946,1.524642],[-75.612015,1.52473],[-75.612098,1.524819],[-75.61216,1.524914],[-75.612236,1.525038],[-75.612297,1.52511],[-75.612366,1.525193],[-75.612473,1.525349],[-75.612557,1.525464],[-75.612648,1.525602],[-75.612716,1.525681],[-75.612793,1.525777],[-75.612862,1.525923],[-75.612931,1.526007],[-75.613007,1.526153],[-75.613083,1.526256],[-75.613136,1.52631],[-75.613205,1.526371],[-75.613258,1.526431],[-75.613296,1.526474],[-75.613342,1.526529],[-75.613419,1.526571],[-75.613487,1.526619],[-75.613579,1.526728],[-75.61364,1.526781],[-75.613701,1.526842],[-75.613831,1.526931],[-75.613923,1.527009],[-75.613983,1.527033],[-75.614075,1.527093],[-75.614113,1.527129],[-75.614196,1.527189],[-75.614258,1.527236],[-75.614327,1.527308],[-75.614365,1.527355],[-75.614403,1.527379],[-75.614433,1.527451],[-75.614495,1.527517],[-75.614533,1.527612],[-75.614563,1.527648],[-75.614594,1.527701],[-75.614624,1.527766],[-75.614647,1.527826],[-75.614678,1.527921],[-75.614708,1.528045],[-75.614731,1.52811],[-75.61477,1.528207],[-75.614792,1.528293],[-75.61483,1.528345],[-75.614838,1.528379],[-75.61486,1.528414],[-75.61486,1.528454],[-75.614884,1.528511],[-75.614906,1.528568],[-75.614937,1.528637],[-75.614975,1.528706],[-75.614998,1.528741],[-75.615036,1.528775],[-75.615051,1.52881],[-75.615089,1.528844],[-75.615113,1.528856],[-75.615127,1.52889],[-75.615159,1.528925],[-75.615181,1.528959],[-75.615227,1.528994],[-75.61525,1.529028],[-75.615257,1.529063],[-75.615288,1.529143],[-75.615311,1.529212],[-75.615334,1.529292],[-75.615342,1.529326],[-75.615364,1.529378],[-75.615372,1.529447],[-75.615402,1.529528],[-75.61541,1.529562],[-75.61544,1.529625],[-75.615456,1.529677],[-75.615494,1.52978],[-75.615516,1.529866],[-75.615532,1.529935],[-75.615548,1.52997],[-75.615548,1.529998],[-75.615562,1.530033],[-75.61557,1.530056],[-75.615586,1.530091],[-75.615586,1.530182],[-75.615594,1.530269],[-75.615593,1.530624],[-75.615601,1.530802],[-75.615601,1.531285],[-75.615593,1.531377],[-75.615593,1.53156],[-75.615594,1.531808],[-75.615586,1.531917],[-75.615593,1.532117],[-75.615608,1.532226],[-75.615631,1.532411],[-75.615662,1.532554],[-75.615685,1.532801],[-75.615685,1.53295],[-75.615693,1.533174],[-75.615692,1.533731],[-75.615708,1.533944],[-75.615715,1.534219],[-75.615707,1.534397],[-75.615715,1.534627],[-75.615715,1.535035],[-75.615723,1.535196],[-75.615723,1.53531],[-75.615738,1.535483],[-75.615738,1.535575],[-75.61573,1.535718],[-75.61573,1.535787],[-75.6157,1.535954],[-75.615669,1.536063],[-75.615661,1.536143],[-75.615624,1.536327],[-75.6156,1.536425],[-75.615562,1.536597],[-75.615532,1.536672],[-75.615494,1.536809],[-75.615463,1.536896],[-75.615449,1.536953],[-75.615417,1.537045],[-75.61538,1.537143],[-75.615356,1.537257],[-75.615342,1.53739],[-75.615318,1.537447],[-75.615311,1.537504],[-75.615295,1.537591],[-75.615273,1.537654],[-75.615265,1.537723],[-75.615249,1.537826],[-75.615235,1.538033],[-75.615204,1.538142],[-75.615188,1.538268],[-75.615174,1.538343],[-75.615166,1.538435],[-75.615158,1.538578],[-75.615151,1.538659],[-75.615143,1.538785],[-75.615143,1.539021],[-75.615135,1.539222],[-75.615112,1.539308],[-75.615104,1.539429],[-75.615104,1.53948],[-75.61509,1.539612],[-75.61509,1.539716],[-75.615082,1.539785],[-75.615081,1.540009],[-75.615075,1.540089],[-75.615075,1.540324],[-75.615082,1.540376],[-75.615082,1.540537],[-75.615089,1.5406],[-75.615097,1.54064],[-75.615113,1.540703],[-75.61512,1.540749],[-75.61512,1.540807],[-75.615128,1.540852],[-75.615135,1.540921],[-75.615143,1.54099],[-75.615174,1.541128],[-75.615196,1.541163],[-75.615227,1.541232],[-75.615242,1.541266],[-75.615303,1.541335],[-75.615417,1.541415],[-75.615471,1.54141],[-75.615494,1.541444],[-75.61551,1.541479],[-75.615562,1.541513],[-75.615594,1.541542],[-75.615616,1.541576],[-75.615654,1.541599],[-75.615685,1.541622],[-75.615723,1.541645],[-75.615761,1.54168],[-75.615815,1.541714],[-75.615845,1.541737],[-75.615875,1.54176],[-75.615906,1.541783],[-75.615944,1.541806],[-75.615974,1.54184],[-75.616012,1.541863],[-75.616058,1.541892],[-75.616089,1.541927],[-75.61612,1.541949],[-75.616158,1.541973],[-75.616173,1.541984],[-75.616241,1.542053],[-75.616303,1.542099],[-75.616364,1.542133],[-75.616402,1.542185],[-75.616456,1.542242],[-75.616502,1.5423],[-75.616554,1.542363],[-75.616638,1.542449],[-75.616707,1.542518],[-75.616829,1.542627],[-75.616906,1.542684],[-75.617004,1.542794],[-75.617119,1.542903],[-75.617181,1.54296],[-75.617295,1.543052],[-75.617378,1.543122],[-75.617416,1.543161],[-75.617454,1.54319],[-75.617531,1.54327],[-75.617615,1.543351],[-75.617653,1.543374],[-75.617699,1.543437],[-75.617737,1.54346],[-75.617798,1.543506],[-75.617866,1.543586],[-75.617912,1.543626],[-75.61795,1.543701],[-75.617988,1.543758],[-75.618042,1.543839],[-75.618141,1.543943],[-75.618187,1.543977],[-75.618225,1.544011],[-75.618301,1.544132],[-75.618355,1.5442],[-75.618401,1.544281],[-75.618462,1.544407],[-75.618484,1.544465],[-75.6185,1.544511],[-75.618508,1.544574],[-75.618546,1.544654],[-75.618554,1.544689],[-75.618576,1.544747],[-75.618606,1.544855],[-75.61863,1.544947],[-75.618652,1.544999],[-75.618683,1.545074],[-75.618706,1.545114],[-75.618729,1.54516],[-75.618775,1.545246],[-75.618805,1.545292],[-75.618851,1.545349],[-75.618919,1.545424],[-75.619057,1.545561],[-75.619096,1.545596],[-75.61914,1.54563],[-75.619202,1.545694],[-75.619271,1.54574],[-75.619309,1.545763],[-75.619369,1.545803],[-75.619423,1.545826],[-75.619469,1.545849],[-75.61956,1.545883],[-75.619622,1.545906],[-75.619675,1.545929],[-75.619713,1.545952],[-75.619759,1.545975],[-75.619813,1.546021],[-75.619858,1.546062],[-75.619904,1.546095],[-75.619942,1.54613],[-75.619972,1.546142],[-75.620004,1.546176],[-75.620056,1.546211],[-75.620087,1.546245],[-75.620125,1.546268],[-75.620163,1.546302],[-75.620193,1.546337],[-75.620225,1.546371],[-75.620255,1.546406],[-75.620285,1.546452],[-75.620301,1.546486],[-75.620323,1.546526],[-75.620384,1.546595],[-75.620415,1.54663],[-75.620438,1.546656],[-75.620514,1.546745],[-75.620522,1.546768],[-75.620583,1.546837],[-75.620682,1.546934],[-75.620713,1.546968],[-75.620743,1.547003],[-75.620804,1.547061],[-75.620858,1.547111],[-75.620926,1.547181],[-75.62101,1.547296],[-75.621132,1.547405],[-75.621193,1.547486],[-75.621307,1.547589],[-75.621422,1.547698],[-75.621498,1.547761],[-75.621613,1.547865],[-75.621697,1.547939],[-75.621789,1.547996],[-75.621896,1.548134],[-75.622032,1.54826],[-75.622109,1.548336],[-75.622193,1.548427],[-75.622292,1.548502],[-75.62236,1.54856],[-75.622452,1.54864],[-75.622544,1.548726],[-75.622582,1.548783],[-75.622659,1.548875],[-75.622703,1.548927],[-75.622773,1.549024],[-75.622803,1.549081],[-75.622826,1.54914],[-75.622894,1.549208],[-75.622956,1.549329],[-75.622986,1.549386],[-75.623024,1.549473],[-75.623054,1.549547],[-75.623139,1.549673],[-75.623185,1.549754],[-75.623231,1.549846],[-75.623291,1.549972],[-75.623321,1.550053],[-75.623345,1.550122],[-75.623367,1.550254],[-75.623375,1.550334],[-75.623399,1.550472],[-75.623421,1.550587],[-75.623429,1.550632],[-75.623437,1.550765],[-75.623444,1.550839],[-75.623451,1.550908],[-75.623452,1.551011],[-75.623452,1.55173],[-75.623459,1.551792],[-75.623467,1.551902],[-75.623467,1.551953],[-75.623475,1.552011],[-75.623482,1.552068],[-75.623475,1.55216],[-75.623475,1.552275],[-75.623483,1.552321],[-75.623489,1.552373],[-75.623489,1.552413],[-75.623497,1.55247],[-75.623497,1.552712],[-75.623513,1.552781],[-75.623567,1.552815],[-75.623566,1.552895],[-75.623589,1.552999],[-75.623612,1.553108],[-75.623627,1.553228],[-75.623635,1.553297],[-75.623657,1.553412],[-75.623673,1.553544],[-75.623688,1.55378],[-75.623696,1.553895],[-75.623726,1.554044],[-75.623726,1.554147],[-75.623734,1.554234],[-75.62375,1.554279],[-75.62375,1.554331],[-75.623756,1.554383],[-75.623764,1.554417],[-75.62378,1.554452],[-75.62378,1.554521],[-75.623788,1.554555],[-75.623788,1.554612],[-75.623802,1.55467],[-75.623802,1.554738],[-75.62381,1.554796],[-75.623818,1.554831],[-75.623826,1.554888],[-75.623826,1.554957],[-75.623833,1.555003],[-75.623826,1.555037],[-75.623833,1.555072],[-75.623833,1.555209],[-75.623848,1.555256],[-75.623848,1.555296],[-75.623856,1.555342],[-75.623863,1.555405],[-75.623871,1.555485],[-75.623887,1.555543],[-75.623894,1.555589],[-75.623909,1.555623],[-75.623917,1.555692],[-75.623947,1.555807],[-75.623978,1.55587],[-75.623993,1.555945],[-75.624016,1.555997],[-75.624039,1.556066],[-75.624054,1.5561],[-75.624062,1.556157],[-75.62407,1.556203],[-75.624085,1.556237],[-75.624092,1.556272],[-75.624123,1.556364],[-75.624146,1.556433],[-75.624161,1.556467],[-75.624176,1.556507],[-75.624192,1.556565],[-75.624222,1.5566],[-75.624252,1.556657],[-75.624276,1.556714],[-75.624306,1.556749],[-75.624336,1.556789],[-75.62436,1.556835],[-75.624413,1.556881],[-75.624451,1.556915],[-75.624481,1.55695],[-75.624513,1.556984],[-75.624565,1.557036],[-75.624619,1.55707],[-75.62468,1.557105],[-75.624764,1.557139],[-75.624825,1.557151],[-75.624909,1.557185],[-75.624947,1.557197],[-75.624985,1.55722],[-75.625031,1.557248],[-75.625061,1.55726],[-75.625108,1.557271],[-75.625138,1.557283],[-75.625176,1.557306],[-75.625206,1.55734],[-75.625244,1.557352],[-75.625275,1.557363],[-75.625313,1.557375],[-75.625343,1.557374],[-75.625375,1.557387],[-75.625405,1.557398],[-75.625443,1.557398],[-75.625474,1.557409],[-75.625512,1.557426],[-75.625542,1.557438],[-75.62558,1.557449],[-75.625664,1.557484],[-75.625793,1.557541],[-75.625893,1.557576],[-75.625992,1.557616],[-75.626038,1.557627],[-75.626145,1.557662],[-75.626229,1.557685],[-75.626328,1.557708],[-75.626473,1.55776],[-75.626573,1.557794],[-75.626702,1.55784],[-75.626756,1.557875],[-75.626816,1.557897],[-75.626908,1.557932],[-75.626977,1.557972],[-75.627045,1.557995],[-75.627129,1.558041],[-75.627212,1.558075],[-75.627251,1.558087],[-75.627282,1.558098],[-75.62732,1.558121],[-75.627427,1.558185],[-75.627473,1.558207],[-75.627503,1.55823],[-75.627541,1.558253],[-75.627572,1.558288],[-75.62761,1.558311],[-75.62764,1.558333],[-75.627678,1.558357],[-75.627702,1.558391],[-75.627724,1.558426],[-75.627785,1.558495],[-75.627816,1.558518],[-75.627854,1.558552],[-75.627892,1.558592],[-75.627953,1.558627],[-75.627999,1.558661],[-75.628052,1.558713],[-75.62809,1.558747],[-75.628136,1.558782],[-75.628174,1.558804],[-75.628205,1.558851],[-75.628259,1.558897],[-75.628281,1.558931],[-75.628319,1.558959],[-75.628365,1.559011],[-75.628411,1.559057],[-75.628464,1.559092],[-75.628533,1.559178],[-75.628564,1.559206],[-75.628594,1.559241],[-75.628678,1.559356],[-75.628724,1.55939],[-75.628754,1.559408],[-75.628777,1.559454],[-75.628823,1.559551],[-75.628861,1.559637],[-75.628891,1.559729],[-75.628929,1.559895],[-75.628961,1.559993],[-75.628983,1.560097],[-75.628991,1.560131],[-75.629006,1.560206],[-75.629029,1.560286],[-75.629059,1.560424],[-75.629097,1.560619],[-75.629121,1.560734],[-75.629143,1.560854],[-75.629143,1.560923],[-75.629173,1.561039],[-75.629189,1.561107],[-75.629197,1.561165],[-75.629219,1.561217],[-75.629235,1.561274],[-75.629257,1.561366],[-75.629281,1.561412],[-75.629295,1.561464],[-75.629303,1.561521],[-75.629327,1.56159],[-75.629334,1.561624],[-75.629357,1.561659],[-75.62938,1.561728],[-75.629379,1.561762],[-75.629395,1.561808],[-75.629395,1.561842],[-75.629411,1.561877],[-75.629425,1.561911],[-75.629425,1.562061],[-75.629433,1.56208],[-75.629456,1.562118],[-75.629449,1.562153],[-75.629449,1.562187],[-75.629433,1.562245],[-75.629425,1.562319],[-75.62941,1.562388],[-75.629403,1.562463],[-75.629402,1.562773],[-75.629396,1.562859],[-75.629395,1.562962],[-75.629388,1.563002],[-75.629387,1.563192],[-75.629403,1.563227],[-75.62941,1.563261],[-75.62941,1.563296],[-75.629426,1.56333],[-75.629456,1.563358],[-75.629472,1.563393],[-75.629486,1.563427],[-75.62951,1.563462],[-75.629532,1.563496],[-75.629548,1.563531],[-75.629563,1.5636],[-75.629396,1.56445],[-75.629342,1.564599],[-75.629319,1.564679],[-75.629289,1.56476],[-75.629243,1.564886],[-75.629189,1.565047],[-75.629144,1.565179],[-75.62909,1.56534],[-75.629006,1.565506],[-75.628944,1.565633],[-75.628914,1.565696],[-75.628884,1.565758],[-75.628861,1.565771],[-75.628831,1.565788],[-75.628747,1.565771],[-75.628709,1.565771],[-75.628632,1.565771],[-75.628602,1.565771],[-75.628533,1.565794],[-75.628457,1.565828],[-75.628403,1.565857],[-75.628327,1.56588],[-75.628228,1.56596],[-75.628129,1.56607],[-75.628083,1.566115],[-75.627992,1.566282],[-75.627946,1.566397],[-75.6279,1.566489],[-75.627861,1.566575],[-75.627839,1.566615],[-75.627823,1.566678],[-75.627808,1.566724],[-75.627808,1.566776],[-75.627793,1.566822],[-75.627793,1.56696],[-75.6278,1.567057],[-75.627846,1.567115],[-75.627877,1.567178],[-75.627915,1.567235],[-75.627953,1.567293],[-75.627999,1.56735],[-75.628021,1.567384],[-75.628037,1.567459],[-75.628053,1.567586],[-75.628052,1.567798],[-75.628045,1.567861],[-75.62803,1.56793],[-75.628006,1.568011],[-75.627938,1.568143],[-75.627885,1.56824],[-75.627847,1.568338],[-75.627747,1.568493],[-75.627663,1.568648],[-75.627617,1.568752],[-75.627518,1.568849],[-75.627464,1.568929],[-75.627366,1.568982],[-75.627275,1.569027],[-75.627122,1.569085],[-75.62706,1.569102],[-75.626977,1.569142],[-75.626885,1.569177],[-75.626824,1.5692],[-75.626756,1.56924],[-75.626717,1.569263],[-75.626617,1.569343],[-75.626519,1.569487],[-75.626496,1.569538],[-75.626435,1.569624],[-75.626359,1.56978],[-75.62629,1.569894],[-75.626236,1.570003],[-75.626152,1.570107],[-75.626083,1.570233],[-75.626038,1.57032],[-75.625992,1.570389],[-75.6259,1.570509],[-75.625839,1.570595],[-75.625748,1.570699],[-75.625664,1.570791],[-75.625634,1.570842],[-75.62555,1.5709],[-75.625489,1.570963],[-75.62532,1.571101],[-75.625183,1.571204],[-75.625123,1.571227],[-75.625046,1.571273],[-75.625,1.571319],[-75.624955,1.571359],[-75.624855,1.571422],[-75.624809,1.571439],[-75.624726,1.571486],[-75.624642,1.571543],[-75.624589,1.571566],[-75.624551,1.571594],[-75.624489,1.571623],[-75.624443,1.571669],[-75.624374,1.571692],[-75.624314,1.571755],[-75.624237,1.571807],[-75.624184,1.571887],[-75.624131,1.571916],[-75.624054,1.572025],[-75.624024,1.572083],[-75.623986,1.572146],[-75.623963,1.572192],[-75.623933,1.572266],[-75.623925,1.572318],[-75.623917,1.57237],[-75.623917,1.572439],[-75.623909,1.572473],[-75.623902,1.572519],[-75.623894,1.572559],[-75.623894,1.572594],[-75.623886,1.572628],[-75.623878,1.572691],[-75.623878,1.572726],[-75.623872,1.57276],[-75.623872,1.572795],[-75.623878,1.572835],[-75.623872,1.572892],[-75.623886,1.572921],[-75.62391,1.572956],[-75.623924,1.572996],[-75.623924,1.57307],[-75.623932,1.573139],[-75.623924,1.573185],[-75.623879,1.573254],[-75.623779,1.573415],[-75.623666,1.573576],[-75.623612,1.573714],[-75.623543,1.573892],[-75.623474,1.574047],[-75.623452,1.574098],[-75.623406,1.574236],[-75.623368,1.574357],[-75.623321,1.574483],[-75.623268,1.574655],[-75.623184,1.574857],[-75.623162,1.574971],[-75.623139,1.575087],[-75.623131,1.575218],[-75.623123,1.575402],[-75.623123,1.575546],[-75.623116,1.575695],[-75.623124,1.575821],[-75.623124,1.575942],[-75.623116,1.576074],[-75.623116,1.576171],[-75.623093,1.576292],[-75.62307,1.576356],[-75.622948,1.576533],[-75.622886,1.57662],[-75.622757,1.576769],[-75.622689,1.576849],[-75.622582,1.576959],[-75.622459,1.577067],[-75.622353,1.577154],[-75.622238,1.577217],[-75.622117,1.577309],[-75.621994,1.577349],[-75.621819,1.577469],[-75.621644,1.577602],[-75.621544,1.577711],[-75.621422,1.577831],[-75.621316,1.577958],[-75.621223,1.578056],[-75.621109,1.578205],[-75.620964,1.578383],[-75.620842,1.578515],[-75.620766,1.578584],[-75.620682,1.578693],[-75.620629,1.578739],[-75.620567,1.578825],[-75.620499,1.5789],[-75.62046,1.578951],[-75.620408,1.579026],[-75.620384,1.579078],[-75.620339,1.579141],[-75.620301,1.579244],[-75.620277,1.579302],[-75.620255,1.579359],[-75.620255,1.579399],[-75.620247,1.579474],[-75.620247,1.579537],[-75.620248,1.579612],[-75.620254,1.579692],[-75.62027,1.579733],[-75.620286,1.579813],[-75.6203,1.579847],[-75.620308,1.579899],[-75.620324,1.579956],[-75.620346,1.580025],[-75.620354,1.58006],[-75.620376,1.580094],[-75.6204,1.580129],[-75.620422,1.580164],[-75.620446,1.580198],[-75.620476,1.580243],[-75.620484,1.580278],[-75.620491,1.580312],[-75.620507,1.58033],[-75.620499,1.580364],[-75.620422,1.580439],[-75.620354,1.580497],[-75.620293,1.580559],[-75.620224,1.58064],[-75.620171,1.580691],[-75.620072,1.580783],[-75.620033,1.580823],[-75.620003,1.580858],[-75.619965,1.580893],[-75.619919,1.580927],[-75.619889,1.580961],[-75.619828,1.581019],[-75.61979,1.581053],[-75.619787,1.581056],[-75.618591,1.578527],[-75.618713,1.578516],[-75.619019,1.578384],[-75.619178,1.578281],[-75.619271,1.578085],[-75.619309,1.577833],[-75.619316,1.577534],[-75.61921,1.577178],[-75.619042,1.5765],[-75.618737,1.575937],[-75.618485,1.575557],[-75.61805,1.575195],[-75.617638,1.574896],[-75.6176,1.574609],[-75.617798,1.574247],[-75.618019,1.57396],[-75.618027,1.573742],[-75.617867,1.57362],[-75.617692,1.57362],[-75.617294,1.573557],[-75.616913,1.573563],[-75.616584,1.573511],[-75.616082,1.573206],[-75.615845,1.573137],[-75.615402,1.572959],[-75.615372,1.572775],[-75.615387,1.572504],[-75.615555,1.572125],[-75.61557,1.571793],[-75.615517,1.571591],[-75.615364,1.571419],[-75.615105,1.571206],[-75.614807,1.571011],[-75.614494,1.570769],[-75.614288,1.570436],[-75.614274,1.570114],[-75.614334,1.569844],[-75.61451,1.569298],[-75.614502,1.569057],[-75.614334,1.568873],[-75.614105,1.568741],[-75.61393,1.568643],[-75.613327,1.568539],[-75.613166,1.568459],[-75.613174,1.568258],[-75.613243,1.568109],[-75.613418,1.568],[-75.613442,1.567868],[-75.613404,1.567741],[-75.613197,1.56758],[-75.612984,1.567454],[-75.612946,1.567258],[-75.612976,1.567069],[-75.612983,1.566868],[-75.612907,1.566787],[-75.612732,1.566764],[-75.612633,1.566586],[-75.612656,1.566419],[-75.612899,1.566396],[-75.613044,1.566333],[-75.613038,1.566253],[-75.61277,1.565822],[-75.612747,1.565684],[-75.612831,1.565592],[-75.612747,1.565276],[-75.61277,1.565207],[-75.612839,1.565041],[-75.612839,1.564937],[-75.612801,1.564897],[-75.612754,1.564908],[-75.612625,1.564994],[-75.612557,1.565029],[-75.612511,1.564937],[-75.612519,1.564874],[-75.612709,1.564724],[-75.612861,1.564667],[-75.612892,1.564592],[-75.612885,1.564512],[-75.612771,1.564368],[-75.612694,1.564282],[-75.612656,1.56427],[-75.612465,1.564035],[-75.612366,1.56388],[-75.612213,1.563518],[-75.612205,1.563311],[-75.611824,1.562719],[-75.611816,1.562363],[-75.611961,1.562191],[-75.611648,1.562053],[-75.611541,1.562116],[-75.61129,1.562253],[-75.611183,1.562081],[-75.611175,1.56192],[-75.611115,1.561708],[-75.611023,1.561713],[-75.611007,1.561776],[-75.611008,1.56188],[-75.611008,1.562006],[-75.610978,1.562115],[-75.610832,1.562172],[-75.61071,1.562121],[-75.61042,1.561891],[-75.610397,1.561925],[-75.610381,1.562006],[-75.610351,1.562121],[-75.610282,1.562327],[-75.610077,1.562471],[-75.609985,1.562505],[-75.609856,1.56262],[-75.609787,1.562758],[-75.609627,1.563344],[-75.609559,1.563384],[-75.609466,1.563413],[-75.60942,1.563424],[-75.609237,1.563505],[-75.609062,1.563527],[-75.608925,1.56355],[-75.608597,1.563608],[-75.6082,1.56359],[-75.60791,1.563596],[-75.60778,1.563486],[-75.607689,1.56332],[-75.607681,1.562941],[-75.607613,1.56278],[-75.607483,1.562682],[-75.607169,1.56259],[-75.606865,1.562515],[-75.60614,1.562325],[-75.60582,1.562233],[-75.605621,1.562095],[-75.605674,1.561721],[-75.605636,1.561526],[-75.605331,1.561675],[-75.605148,1.561773],[-75.604988,1.561847],[-75.604988,1.561669],[-75.605049,1.561428],[-75.604957,1.561273],[-75.60469,1.56133],[-75.60437,1.561461],[-75.60437,1.561273],[-75.604324,1.560951],[-75.604232,1.560825],[-75.604065,1.560732],[-75.603523,1.560531],[-75.603416,1.56014],[-75.603431,1.559853],[-75.603423,1.559623],[-75.603309,1.559255],[-75.60318,1.558956],[-75.602989,1.55864],[-75.602813,1.558411],[-75.602836,1.558198],[-75.60286,1.557951],[-75.602814,1.557698],[-75.602768,1.557451],[-75.602905,1.557216],[-75.603012,1.557055],[-75.603263,1.557021],[-75.603538,1.55701],[-75.603714,1.556958],[-75.603774,1.556814],[-75.603736,1.556642],[-75.603614,1.556441],[-75.603455,1.556326],[-75.603347,1.556222],[-75.60324,1.55601],[-75.603249,1.55574],[-75.603348,1.555418],[-75.603477,1.555091],[-75.603485,1.554953],[-75.603142,1.554596],[-75.602852,1.554395],[-75.602638,1.554033],[-75.602692,1.553757],[-75.602584,1.553527],[-75.602363,1.553476],[-75.602272,1.553441],[-75.602249,1.553269],[-75.602303,1.553073],[-75.602371,1.552924],[-75.602478,1.552786],[-75.602523,1.55266],[-75.602531,1.552499],[-75.602783,1.552268],[-75.602768,1.552253],[-75.602616,1.552005],[-75.602608,1.551856],[-75.602576,1.551683],[-75.60247,1.551488],[-75.602355,1.551384],[-75.602378,1.551252],[-75.602561,1.551155],[-75.602782,1.55108],[-75.602897,1.550988],[-75.602997,1.550816],[-75.603042,1.550684],[-75.603058,1.550592],[-75.602996,1.550247],[-75.602928,1.550161],[-75.602767,1.550064],[-75.602653,1.550052],[-75.602493,1.550046],[-75.602295,1.55008],[-75.602081,1.550132],[-75.601852,1.550063],[-75.601798,1.549954],[-75.601845,1.549713],[-75.601738,1.549592],[-75.601608,1.549689],[-75.601577,1.549976],[-75.60157,1.550149],[-75.601372,1.550171],[-75.601394,1.550327],[-75.601494,1.550511],[-75.60147,1.55058],[-75.601325,1.550625],[-75.601196,1.550568],[-75.601104,1.550545],[-75.600945,1.550315],[-75.600822,1.5502],[-75.600585,1.550125],[-75.600533,1.550258],[-75.600601,1.550481],[-75.600547,1.550579],[-75.600509,1.550585],[-75.600448,1.550585],[-75.60038,1.550504],[-75.600356,1.550361],[-75.600242,1.550188],[-75.600113,1.550142],[-75.600036,1.550142],[-75.599922,1.550223],[-75.599876,1.550314],[-75.599907,1.55047],[-75.599937,1.550653],[-75.599838,1.550647],[-75.59964,1.550624],[-75.599365,1.550549],[-75.599266,1.550515],[-75.599037,1.550204],[-75.598854,1.550228],[-75.598808,1.550405],[-75.598831,1.550704],[-75.598945,1.551003],[-75.598877,1.551112],[-75.59864,1.551152],[-75.598525,1.551003],[-75.598449,1.550722],[-75.598357,1.550624],[-75.597983,1.550687],[-75.597725,1.550825],[-75.597747,1.551003],[-75.597816,1.551199],[-75.59764,1.551318],[-75.59732,1.551341],[-75.597114,1.551335],[-75.596778,1.551232],[-75.596702,1.551059],[-75.596724,1.550761],[-75.596847,1.550462],[-75.596931,1.550313],[-75.5969,1.550198],[-75.596801,1.550151],[-75.596557,1.550267],[-75.596473,1.550364],[-75.59626,1.550565],[-75.596099,1.55068],[-75.595566,1.550714],[-75.595359,1.550576],[-75.595305,1.55038],[-75.595191,1.550248],[-75.594978,1.550248],[-75.594772,1.550277],[-75.594642,1.550167],[-75.594604,1.549909],[-75.594528,1.549725],[-75.59426,1.549742],[-75.594208,1.549811],[-75.594199,1.55007],[-75.594139,1.550271],[-75.594039,1.550305],[-75.593849,1.550293],[-75.593765,1.550213],[-75.593727,1.550058],[-75.593727,1.54996],[-75.593696,1.549742],[-75.593643,1.549633],[-75.593406,1.549546],[-75.593177,1.549374],[-75.593169,1.549144],[-75.593185,1.548937],[-75.593216,1.548742],[-75.593192,1.548369],[-75.593086,1.548265],[-75.59272,1.54823],[-75.59265,1.548052],[-75.592682,1.547886],[-75.592849,1.54776],[-75.592978,1.547645],[-75.593147,1.547472],[-75.593192,1.547128],[-75.593108,1.546921],[-75.592979,1.546743],[-75.593048,1.546473],[-75.593147,1.546248],[-75.593048,1.545979],[-75.592872,1.545939],[-75.592628,1.546024],[-75.592415,1.546099],[-75.592292,1.546064],[-75.592224,1.545788],[-75.592208,1.545662],[-75.592064,1.545352],[-75.591911,1.545415],[-75.591788,1.54545],[-75.59175,1.545283],[-75.591789,1.545185],[-75.591835,1.545082],[-75.591942,1.544927],[-75.591956,1.544886],[-75.591964,1.544725],[-75.591926,1.544634],[-75.591804,1.544536],[-75.591675,1.544513],[-75.591514,1.544542],[-75.591422,1.544582],[-75.591323,1.544679],[-75.591178,1.544834],[-75.590973,1.544857],[-75.590828,1.544811],[-75.590796,1.544684],[-75.590796,1.54449],[-75.590812,1.544294],[-75.590827,1.544058],[-75.590675,1.543777],[-75.59053,1.543501],[-75.590316,1.54322],[-75.589653,1.542151],[-75.589545,1.541995],[-75.589286,1.541754],[-75.589057,1.54149],[-75.588928,1.541231],[-75.588691,1.540904],[-75.588348,1.540943],[-75.588187,1.540857],[-75.587936,1.540823],[-75.587791,1.540892],[-75.587615,1.541],[-75.587089,1.541075],[-75.587035,1.541052],[-75.586791,1.541046],[-75.586677,1.541063],[-75.586532,1.54104],[-75.586371,1.540908],[-75.586257,1.540827],[-75.585853,1.540747],[-75.585601,1.540718],[-75.585349,1.540545],[-75.58512,1.54031],[-75.585029,1.540149],[-75.584915,1.5395],[-75.584831,1.539407],[-75.5848,1.539396],[-75.584662,1.539373],[-75.584571,1.539447],[-75.584571,1.539717],[-75.584502,1.539913],[-75.584434,1.540033],[-75.584213,1.540119],[-75.583937,1.540154],[-75.583702,1.540154],[-75.583465,1.540171],[-75.583374,1.540412],[-75.583183,1.540452],[-75.583098,1.540418],[-75.58303,1.540308],[-75.582976,1.540199],[-75.58287,1.540015],[-75.58261,1.539888],[-75.58251,1.539935],[-75.582458,1.540038],[-75.582473,1.540176],[-75.582419,1.54021],[-75.582405,1.540302],[-75.582404,1.540394],[-75.582381,1.5404],[-75.58219,1.540337],[-75.582076,1.540279],[-75.581878,1.540014],[-75.581229,1.53979],[-75.581084,1.539825],[-75.58084,1.539859],[-75.580695,1.53987],[-75.58055,1.539813],[-75.580451,1.539732],[-75.580345,1.539519],[-75.58026,1.539422],[-75.580154,1.539261],[-75.579802,1.539215],[-75.579306,1.539151],[-75.579153,1.539117],[-75.579093,1.539036],[-75.578948,1.538916],[-75.578925,1.538749],[-75.578818,1.538484],[-75.57875,1.538301],[-75.578452,1.538186],[-75.578368,1.538019],[-75.578071,1.537847],[-75.577643,1.537754],[-75.577285,1.537795],[-75.577033,1.537804],[-75.576972,1.537632],[-75.576933,1.53747],[-75.576881,1.537401],[-75.576697,1.537407],[-75.576407,1.537418],[-75.576209,1.537492],[-75.575743,1.537549],[-75.575499,1.537548],[-75.575232,1.537461],[-75.575026,1.537391],[-75.574919,1.537351],[-75.57476,1.537304],[-75.574499,1.537177],[-75.574187,1.537148],[-75.573905,1.537238],[-75.573745,1.537267],[-75.573393,1.537087],[-75.573035,1.537023],[-75.572752,1.537039],[-75.572593,1.537084],[-75.572432,1.537107],[-75.572241,1.537273],[-75.571814,1.537253],[-75.57173,1.537213],[-75.571676,1.537201],[-75.57157,1.537155],[-75.571448,1.537131],[-75.571296,1.537113],[-75.571196,1.537102],[-75.570655,1.537042],[-75.570273,1.536942],[-75.569929,1.536831],[-75.569655,1.53679],[-75.569358,1.536749],[-75.569006,1.536649],[-75.568038,1.536318],[-75.567481,1.536247],[-75.567121,1.536228],[-75.566717,1.536113],[-75.566603,1.536004],[-75.566436,1.535768]]]},"properties":{"nombre_ver":"LA IBERIA","codigo_ver":"18001045","nomb_mpio":"FLORENCIA","nom_dep":"CAQUETÁ","area_ha":1943.9,"meta_ae":1714,"meta_fb":162,"anio":2030}},{"type":"Feature","geometry":{"type":"Polygon","coordinates":[[[-75.629563,1.5636],[-75.629548,1.563531],[-75.629532,1.563496],[-75.62951,1.563462],[-75.629486,1.563427],[-75.629472,1.563393],[-75.629456,1.563358],[-75.629426,1.56333],[-75.62941,1.563296],[-75.62941,1.563261],[-75.629403,1.563227],[-75.629387,1.563192],[-75.629388,1.563002],[-75.629395,1.562962],[-75.629396,1.562859],[-75.629402,1.562773],[-75.629403,1.562463],[-75.62941,1.562388],[-75.629425,1.562319],[-75.629433,1.562245],[-75.629449,1.562187],[-75.629449,1.562153],[-75.629456,1.562118],[-75.629433,1.56208],[-75.632164,1.561578],[-75.632195,1.561578],[-75.632218,1.561544],[-75.632249,1.561504],[-75.632287,1.561458],[-75.632325,1.561395],[-75.632416,1.561326],[-75.632454,1.561268],[-75.632561,1.561176],[-75.632599,1.561119],[-75.63263,1.56109],[-75.632668,1.56105],[-75.632768,1.560941],[-75.632843,1.56086],[-75.632889,1.560832],[-75.632935,1.560792],[-75.632981,1.560757],[-75.63305,1.560705],[-75.633103,1.560676],[-75.633157,1.560642],[-75.633203,1.560625],[-75.633271,1.560602],[-75.633309,1.560585],[-75.63334,1.560579],[-75.633393,1.560561],[-75.633416,1.560521],[-75.633454,1.560452],[-75.633469,1.560418],[-75.633499,1.560378],[-75.633531,1.560326],[-75.633599,1.560154],[-75.633652,1.559964],[-75.633683,1.559838],[-75.633706,1.559769],[-75.633721,1.559706],[-75.633729,1.559654],[-75.633744,1.559534],[-75.633767,1.559373],[-75.633782,1.559258],[-75.63379,1.559074],[-75.63379,1.558799],[-75.633782,1.558695],[-75.633783,1.558517],[-75.633789,1.558327],[-75.633782,1.558161],[-75.633759,1.557995],[-75.633713,1.557782],[-75.633706,1.557696],[-75.633691,1.55746],[-75.633676,1.557352],[-75.63366,1.557213],[-75.633638,1.557018],[-75.633614,1.556875],[-75.633592,1.556708],[-75.633576,1.556588],[-75.633546,1.556421],[-75.633538,1.556312],[-75.633492,1.556065],[-75.633477,1.555927],[-75.633446,1.555738],[-75.633408,1.555496],[-75.633401,1.555393],[-75.63337,1.555169],[-75.63334,1.555031],[-75.633301,1.554807],[-75.633218,1.554594],[-75.633172,1.554468],[-75.633149,1.554359],[-75.63308,1.554221],[-75.633058,1.554152],[-75.633026,1.554026],[-75.633012,1.553986],[-75.632988,1.553946],[-75.632966,1.553912],[-75.632936,1.553791],[-75.632928,1.553757],[-75.63292,1.553722],[-75.632904,1.553653],[-75.632898,1.553607],[-75.63289,1.553555],[-75.632874,1.553486],[-75.632874,1.553302],[-75.63289,1.553234],[-75.632912,1.553199],[-75.632927,1.553165],[-75.632951,1.55313],[-75.632989,1.553106],[-75.633088,1.552925],[-75.633027,1.552936],[-75.632951,1.552953],[-75.632905,1.552965],[-75.632828,1.552982],[-75.63279,1.552988],[-75.632714,1.553],[-75.632653,1.553011],[-75.632577,1.553016],[-75.632523,1.553016],[-75.632454,1.553005],[-75.632165,1.553005],[-75.632127,1.552993],[-75.632088,1.552965],[-75.63202,1.552941],[-75.631966,1.552918],[-75.631928,1.552884],[-75.631821,1.552838],[-75.631737,1.552803],[-75.631676,1.552769],[-75.631623,1.552757],[-75.631562,1.55274],[-75.631508,1.552729],[-75.631478,1.552729],[-75.631433,1.552717],[-75.631371,1.552705],[-75.63131,1.552694],[-75.63128,1.552694],[-75.631234,1.552671],[-75.631172,1.552659],[-75.631104,1.552636],[-75.631059,1.552625],[-75.631013,1.552619],[-75.630921,1.552619],[-75.63089,1.552642],[-75.630852,1.55263],[-75.630715,1.55263],[-75.630677,1.552619],[-75.630623,1.552596],[-75.630585,1.552573],[-75.630555,1.55255],[-75.630532,1.55247],[-75.630494,1.552383],[-75.630486,1.552303],[-75.630471,1.552268],[-75.630463,1.552228],[-75.630463,1.552136],[-75.630425,1.552044],[-75.630395,1.551975],[-75.630372,1.551895],[-75.630349,1.551849],[-75.630318,1.55174],[-75.630303,1.551654],[-75.63028,1.551579],[-75.630257,1.551544],[-75.630234,1.551504],[-75.630212,1.55147],[-75.63018,1.551435],[-75.630128,1.5514],[-75.630074,1.551366],[-75.630036,1.551343],[-75.630005,1.551332],[-75.629945,1.551303],[-75.629914,1.551291],[-75.629876,1.55128],[-75.62983,1.551257],[-75.629792,1.551222],[-75.629746,1.551165],[-75.629708,1.551142],[-75.629678,1.551119],[-75.629639,1.551084],[-75.629616,1.55105],[-75.629578,1.551027],[-75.629563,1.550993],[-75.629533,1.550929],[-75.629509,1.550866],[-75.629487,1.550808],[-75.629471,1.550773],[-75.629463,1.55074],[-75.629457,1.550688],[-75.629433,1.550648],[-75.629411,1.550613],[-75.629365,1.550544],[-75.629342,1.55051],[-75.629311,1.550475],[-75.629273,1.550452],[-75.629235,1.550418],[-75.629182,1.550383],[-75.629151,1.550371],[-75.62912,1.550372],[-75.629082,1.550361],[-75.629052,1.550349],[-75.629021,1.550337],[-75.628983,1.550326],[-75.628953,1.550303],[-75.628915,1.550274],[-75.628884,1.550251],[-75.628861,1.550216],[-75.628838,1.550182],[-75.628838,1.550147],[-75.62883,1.550113],[-75.628815,1.550067],[-75.628784,1.550033],[-75.628754,1.550009],[-75.628716,1.549987],[-75.628686,1.549952],[-75.628662,1.549918],[-75.628655,1.549878],[-75.628655,1.549843],[-75.628662,1.549808],[-75.628662,1.549682],[-75.62867,1.549636],[-75.628678,1.549601],[-75.628686,1.549561],[-75.628708,1.549521],[-75.628724,1.549487],[-75.628747,1.549452],[-75.628777,1.549417],[-75.628831,1.549372],[-75.628861,1.549355],[-75.628944,1.549309],[-75.628991,1.549286],[-75.629044,1.549257],[-75.62909,1.549234],[-75.629143,1.549211],[-75.629197,1.549182],[-75.629242,1.549148],[-75.629357,1.549114],[-75.629449,1.549074],[-75.629495,1.54905],[-75.629525,1.549022],[-75.629525,1.548987],[-75.629532,1.548953],[-75.629532,1.5487],[-75.629518,1.548666],[-75.629518,1.548631],[-75.629494,1.548585],[-75.629479,1.548528],[-75.629448,1.548499],[-75.629441,1.548464],[-75.629403,1.548453],[-75.629372,1.54843],[-75.629334,1.548407],[-75.629281,1.548373],[-75.629219,1.548338],[-75.629181,1.548316],[-75.629151,1.548303],[-75.629112,1.548281],[-75.629082,1.548246],[-75.629074,1.548212],[-75.629074,1.548148],[-75.629082,1.548108],[-75.629082,1.548062],[-75.629098,1.547987],[-75.629105,1.547953],[-75.629121,1.547918],[-75.629135,1.547884],[-75.629173,1.547843],[-75.629212,1.547786],[-75.629235,1.547724],[-75.629273,1.547655],[-75.629312,1.547603],[-75.629334,1.547568],[-75.629411,1.547488],[-75.629457,1.547465],[-75.629509,1.547407],[-75.629563,1.547385],[-75.629654,1.547316],[-75.629693,1.547281],[-75.629693,1.547172],[-75.629677,1.54712],[-75.62967,1.547086],[-75.629632,1.547063],[-75.629624,1.547023],[-75.629624,1.546988],[-75.629639,1.546954],[-75.629655,1.546919],[-75.629677,1.546885],[-75.629715,1.546805],[-75.629761,1.546781],[-75.629784,1.546747],[-75.6298,1.546707],[-75.6298,1.546672],[-75.629792,1.546638],[-75.629762,1.546569],[-75.629738,1.546523],[-75.629716,1.54646],[-75.629693,1.546414],[-75.629662,1.546368],[-75.629601,1.546253],[-75.629509,1.546161],[-75.629456,1.546086],[-75.629395,1.546017],[-75.62935,1.545954],[-75.629304,1.545931],[-75.629274,1.545861],[-75.629212,1.545787],[-75.629182,1.545718],[-75.629166,1.545684],[-75.629158,1.545558],[-75.629166,1.545477],[-75.629166,1.545058],[-75.629174,1.545006],[-75.629174,1.544949],[-75.629181,1.544902],[-75.629189,1.544811],[-75.629189,1.544426],[-75.629197,1.544374],[-75.629204,1.544316],[-75.629204,1.544104],[-75.629182,1.544069],[-75.629143,1.543977],[-75.629128,1.543943],[-75.629105,1.543886],[-75.62909,1.543799],[-75.629082,1.543759],[-75.629059,1.543673],[-75.629037,1.543599],[-75.629021,1.543518],[-75.628975,1.543409],[-75.628929,1.543323],[-75.628899,1.54326],[-75.628839,1.543185],[-75.628762,1.54311],[-75.628701,1.543047],[-75.628632,1.542984],[-75.62861,1.542949],[-75.628571,1.54292],[-75.628548,1.542874],[-75.62854,1.542817],[-75.628526,1.542783],[-75.628502,1.542748],[-75.628472,1.542713],[-75.628449,1.54269],[-75.628411,1.542661],[-75.628381,1.542639],[-75.628349,1.542604],[-75.628327,1.542558],[-75.628289,1.542523],[-75.628289,1.542466],[-75.628281,1.542403],[-75.628281,1.542236],[-75.628273,1.542098],[-75.628259,1.542013],[-75.628251,1.541926],[-75.628235,1.541863],[-75.62822,1.541777],[-75.628213,1.541702],[-75.628197,1.541645],[-75.628175,1.541581],[-75.628144,1.541489],[-75.628105,1.541415],[-75.628083,1.541357],[-75.628045,1.5413],[-75.627991,1.541208],[-75.627969,1.541156],[-75.62793,1.541076],[-75.627884,1.540955],[-75.627846,1.540869],[-75.627816,1.540795],[-75.627786,1.54076],[-75.627762,1.540708],[-75.627748,1.540674],[-75.627716,1.540605],[-75.627708,1.540547],[-75.627709,1.540455],[-75.627702,1.540392],[-75.627694,1.540335],[-75.627686,1.540242],[-75.627678,1.540168],[-75.627671,1.540088],[-75.627671,1.540053],[-75.627656,1.539984],[-75.62764,1.539927],[-75.627625,1.539858],[-75.627602,1.539806],[-75.627572,1.53976],[-75.627526,1.539725],[-75.627457,1.539691],[-75.627411,1.53968],[-75.627373,1.539662],[-75.627289,1.539639],[-75.627228,1.539627],[-75.62716,1.539616],[-75.627098,1.539593],[-75.627038,1.539581],[-75.626969,1.539581],[-75.626901,1.53957],[-75.626855,1.539558],[-75.626809,1.539553],[-75.626756,1.53953],[-75.626686,1.539495],[-75.626648,1.539461],[-75.626587,1.539403],[-75.626549,1.53934],[-75.626519,1.539317],[-75.626481,1.539254],[-75.626435,1.539167],[-75.626412,1.539133],[-75.626374,1.539104],[-75.626366,1.53907],[-75.626366,1.539012],[-75.626351,1.538972],[-75.626343,1.538937],[-75.626313,1.538903],[-75.626274,1.538874],[-75.626206,1.538874],[-75.626176,1.53888],[-75.626122,1.538886],[-75.626076,1.538891],[-75.626023,1.538897],[-75.625778,1.538897],[-75.625718,1.53888],[-75.625665,1.53888],[-75.625619,1.538857],[-75.625557,1.538822],[-75.625512,1.538788],[-75.625481,1.538765],[-75.625466,1.538731],[-75.62545,1.538696],[-75.62542,1.538598],[-75.625398,1.538506],[-75.625382,1.53842],[-75.625359,1.53838],[-75.625314,1.538288],[-75.62526,1.538202],[-75.62523,1.538173],[-75.625191,1.538161],[-75.625137,1.538161],[-75.625093,1.538144],[-75.625047,1.538132],[-75.624993,1.538121],[-75.624954,1.538098],[-75.624916,1.538075],[-75.624886,1.538023],[-75.624848,1.537978],[-75.62484,1.537937],[-75.62484,1.537724],[-75.624818,1.537662],[-75.624794,1.537604],[-75.624764,1.537546],[-75.624726,1.537524],[-75.624695,1.537495],[-75.624657,1.53746],[-75.624611,1.537414],[-75.624581,1.53738],[-75.624543,1.537357],[-75.624519,1.537294],[-75.624474,1.537225],[-75.624451,1.537167],[-75.624428,1.537098],[-75.624413,1.53704],[-75.624398,1.536989],[-75.624375,1.536874],[-75.624375,1.536581],[-75.624383,1.536495],[-75.624383,1.53634],[-75.62439,1.536162],[-75.62442,1.535972],[-75.624428,1.535909],[-75.624436,1.535869],[-75.624436,1.535788],[-75.624428,1.535719],[-75.624428,1.535656],[-75.62439,1.53561],[-75.62436,1.535576],[-75.624322,1.535564],[-75.624291,1.535553],[-75.624253,1.535518],[-75.624222,1.535507],[-75.624191,1.535518],[-75.623993,1.535156],[-75.623764,1.535001],[-75.623307,1.53492],[-75.623054,1.534886],[-75.622795,1.534834],[-75.622666,1.534787],[-75.622567,1.534713],[-75.622528,1.534621],[-75.622582,1.534374],[-75.622643,1.534179],[-75.622567,1.533989],[-75.622437,1.533897],[-75.622392,1.533667],[-75.622414,1.533564],[-75.622269,1.533506],[-75.621964,1.533615],[-75.621789,1.533765],[-75.621658,1.533869],[-75.621513,1.533891],[-75.621392,1.533874],[-75.621354,1.533615],[-75.62156,1.533236],[-75.62185,1.532719],[-75.622116,1.532317],[-75.622132,1.532248],[-75.62204,1.532099],[-75.62198,1.531719],[-75.621918,1.531392],[-75.622109,1.531042],[-75.622239,1.530823],[-75.622323,1.530565],[-75.622338,1.53041],[-75.622116,1.530375],[-75.621835,1.530386],[-75.621658,1.530346],[-75.621697,1.530116],[-75.621903,1.529956],[-75.622055,1.529881],[-75.622224,1.529703],[-75.622079,1.529646],[-75.621826,1.52964],[-75.62156,1.529565],[-75.62143,1.529479],[-75.621354,1.5293],[-75.621354,1.529082],[-75.621429,1.528554],[-75.621857,1.528594],[-75.622315,1.528594],[-75.622726,1.528462],[-75.622994,1.528497],[-75.623177,1.528601],[-75.623375,1.528618],[-75.623528,1.528583],[-75.623673,1.528383],[-75.623879,1.528279],[-75.624009,1.528262],[-75.623963,1.527946],[-75.623696,1.527825],[-75.623497,1.527734],[-75.623413,1.527475],[-75.623444,1.527285],[-75.623528,1.527193],[-75.623803,1.527222],[-75.624016,1.527297],[-75.624077,1.52732],[-75.624169,1.527355],[-75.62433,1.527372],[-75.624374,1.527285],[-75.624276,1.527056],[-75.62394,1.526883],[-75.623673,1.526717],[-75.623673,1.526452],[-75.623887,1.526355],[-75.624024,1.526263],[-75.623871,1.526079],[-75.623482,1.525826],[-75.62307,1.525658],[-75.622796,1.525504],[-75.62262,1.525233],[-75.622635,1.525044],[-75.62275,1.525033],[-75.623138,1.525314],[-75.623322,1.525418],[-75.62352,1.525315],[-75.623719,1.525217],[-75.623917,1.525206],[-75.624093,1.525235],[-75.624344,1.525154],[-75.624558,1.525005],[-75.624665,1.524769],[-75.624703,1.524442],[-75.624703,1.524304],[-75.624596,1.523913],[-75.624566,1.523763],[-75.624519,1.523734],[-75.624481,1.523654],[-75.624391,1.523492],[-75.624383,1.523429],[-75.624367,1.523251],[-75.624383,1.523239],[-75.624474,1.523153],[-75.624596,1.523022],[-75.624604,1.522982],[-75.624596,1.522768],[-75.624573,1.522728],[-75.624398,1.522623],[-75.624169,1.522478],[-75.624146,1.522467],[-75.6241,1.52238],[-75.62407,1.522362],[-75.624024,1.522426],[-75.624024,1.522304],[-75.624008,1.522206],[-75.624016,1.522114],[-75.624039,1.522034],[-75.623902,1.521853],[-75.623795,1.521813],[-75.623612,1.521766],[-75.62346,1.521662],[-75.623422,1.521564],[-75.623482,1.521235],[-75.623642,1.521091],[-75.623818,1.52105],[-75.623963,1.520982],[-75.624161,1.520937],[-75.62442,1.520868],[-75.624611,1.520759],[-75.624664,1.520533],[-75.624573,1.52029],[-75.624435,1.520139],[-75.62423,1.51997],[-75.623764,1.519762],[-75.623528,1.519692],[-75.623338,1.519634],[-75.623177,1.519633],[-75.62294,1.519582],[-75.622849,1.519518],[-75.622765,1.519448],[-75.622689,1.519131],[-75.622834,1.519131],[-75.622894,1.519142],[-75.622933,1.519154],[-75.622971,1.51916],[-75.623009,1.519177],[-75.623071,1.519183],[-75.623116,1.519183],[-75.623223,1.519172],[-75.623254,1.519159],[-75.623299,1.519143],[-75.62336,1.519102],[-75.623399,1.519085],[-75.623437,1.519062],[-75.623475,1.519039],[-75.62352,1.518992],[-75.623566,1.518958],[-75.623642,1.518901],[-75.623688,1.518848],[-75.623735,1.518814],[-75.623803,1.518762],[-75.623872,1.518739],[-75.62391,1.518704],[-75.623986,1.518676],[-75.624077,1.518652],[-75.624153,1.518658],[-75.62429,1.51867],[-75.624329,1.518681],[-75.624398,1.51871],[-75.624558,1.518791],[-75.624626,1.518843],[-75.624664,1.518889],[-75.624688,1.518924],[-75.624825,1.519109],[-75.624925,1.519248],[-75.625015,1.519318],[-75.625107,1.519347],[-75.625168,1.519364],[-75.625244,1.519364],[-75.625381,1.519371],[-75.625458,1.519377],[-75.625558,1.519383],[-75.625649,1.519377],[-75.625825,1.51936],[-75.625924,1.519326],[-75.626,1.519257],[-75.626077,1.519199],[-75.62616,1.519164],[-75.626206,1.519159],[-75.626274,1.519176],[-75.626366,1.519218],[-75.626427,1.519276],[-75.626557,1.51937],[-75.626626,1.519398],[-75.626756,1.519434],[-75.626863,1.519464],[-75.626961,1.519516],[-75.62706,1.519586],[-75.627091,1.519656],[-75.627114,1.519754],[-75.627114,1.519975],[-75.627099,1.520056],[-75.627069,1.520218],[-75.627053,1.520282],[-75.627053,1.52038],[-75.627061,1.520519],[-75.627068,1.520589],[-75.627145,1.520711],[-75.627205,1.520746],[-75.627426,1.520759],[-75.627488,1.52073],[-75.627633,1.520674],[-75.627778,1.520651],[-75.627915,1.520681],[-75.627999,1.520734],[-75.628014,1.520937],[-75.628007,1.521041],[-75.627961,1.521232],[-75.62793,1.521371],[-75.627908,1.521545],[-75.6279,1.521742],[-75.627907,1.521864],[-75.627961,1.522108],[-75.628052,1.522289],[-75.62809,1.5224],[-75.62816,1.522464],[-75.628335,1.522519],[-75.628968,1.522564],[-75.629121,1.522572],[-75.629128,1.522549],[-75.629166,1.52252],[-75.629197,1.52251],[-75.629228,1.52247],[-75.629266,1.52236],[-75.629311,1.522262],[-75.629433,1.522066],[-75.629524,1.521951],[-75.629715,1.521832],[-75.6298,1.521828],[-75.629868,1.521829],[-75.629922,1.521847],[-75.629967,1.521918],[-75.630075,1.522066],[-75.630197,1.522254],[-75.63025,1.522337],[-75.63028,1.522431],[-75.630326,1.522536],[-75.630402,1.52262],[-75.630464,1.522696],[-75.63054,1.522773],[-75.630631,1.522868],[-75.630693,1.523003],[-75.630723,1.523102],[-75.630753,1.523196],[-75.630761,1.523242],[-75.630822,1.52336],[-75.630875,1.523408],[-75.630906,1.523443],[-75.630974,1.523501],[-75.63102,1.523543],[-75.63105,1.523596],[-75.631112,1.523672],[-75.631195,1.523777],[-75.631241,1.523825],[-75.631295,1.523871],[-75.631318,1.523906],[-75.631356,1.523941],[-75.631402,1.523971],[-75.63144,1.523983],[-75.631478,1.523988],[-75.631524,1.52403],[-75.631539,1.524075],[-75.631615,1.524179],[-75.631623,1.524214],[-75.631661,1.524226],[-75.631691,1.524237],[-75.631737,1.524277],[-75.631761,1.52427],[-75.631821,1.524252],[-75.631882,1.524233],[-75.631936,1.52422],[-75.631997,1.524176],[-75.632089,1.524109],[-75.63231,1.524106],[-75.632439,1.524121],[-75.632592,1.524178],[-75.632706,1.524224],[-75.632859,1.524224],[-75.632988,1.524149],[-75.633165,1.523966],[-75.633294,1.523851],[-75.633423,1.523759],[-75.633644,1.523719],[-75.633919,1.523731],[-75.634133,1.523765],[-75.634347,1.523822],[-75.634599,1.523903],[-75.634759,1.523938],[-75.635033,1.52384],[-75.635216,1.523726],[-75.6354,1.523622],[-75.635537,1.523582],[-75.635758,1.523582],[-75.635934,1.52364],[-75.636101,1.523697],[-75.636354,1.523743],[-75.636491,1.523738],[-75.636652,1.523734],[-75.637153,1.523839],[-75.637185,1.52379],[-75.637208,1.523756],[-75.637239,1.523745],[-75.637261,1.523653],[-75.637384,1.523549],[-75.637521,1.523515],[-75.637818,1.523383],[-75.638048,1.523303],[-75.638253,1.523228],[-75.638467,1.523171],[-75.638925,1.522947],[-75.639046,1.522792],[-75.639177,1.522591],[-75.639245,1.522355],[-75.63926,1.522184],[-75.639238,1.522023],[-75.639192,1.521873],[-75.639123,1.521638],[-75.6391,1.521552],[-75.639062,1.521483],[-75.638993,1.521374],[-75.638971,1.521345],[-75.638925,1.521242],[-75.638917,1.521201],[-75.638925,1.52109],[-75.63894,1.521],[-75.639,1.520753],[-75.639055,1.520346],[-75.639115,1.520219],[-75.639192,1.519932],[-75.6392,1.5198],[-75.639176,1.519588],[-75.639146,1.519416],[-75.639115,1.519204],[-75.638902,1.518715],[-75.638818,1.518612],[-75.638734,1.518468],[-75.638635,1.518388],[-75.638528,1.518072],[-75.638505,1.517906],[-75.638497,1.517578],[-75.638551,1.517285],[-75.638467,1.516878],[-75.638321,1.516711],[-75.638223,1.516573],[-75.638154,1.516475],[-75.638169,1.516315],[-75.638269,1.516257],[-75.638398,1.516263],[-75.638482,1.516183],[-75.638513,1.515844],[-75.638475,1.515683],[-75.638437,1.515598],[-75.638421,1.515522],[-75.638421,1.515408],[-75.638512,1.515195],[-75.638657,1.515081],[-75.638787,1.515058],[-75.638932,1.515],[-75.639062,1.514954],[-75.639161,1.514734],[-75.639116,1.514546],[-75.63904,1.514288],[-75.639,1.514047],[-75.638993,1.513737],[-75.638986,1.513553],[-75.639009,1.513347],[-75.639009,1.513272],[-75.639001,1.513151],[-75.638971,1.512704],[-75.638955,1.512606],[-75.638955,1.512503],[-75.638932,1.512273],[-75.638879,1.512123],[-75.638818,1.5119],[-75.638703,1.511612],[-75.63852,1.511377],[-75.638452,1.511291],[-75.63833,1.511176],[-75.638193,1.511101],[-75.637948,1.51086],[-75.637742,1.510694],[-75.637567,1.510487],[-75.637384,1.510343],[-75.637132,1.510234],[-75.636933,1.510205],[-75.636652,1.510211],[-75.636254,1.51017],[-75.635888,1.510062],[-75.635681,1.510016],[-75.635454,1.509912],[-75.635133,1.509659],[-75.634866,1.509372],[-75.634469,1.509262],[-75.634248,1.509252],[-75.633981,1.509217],[-75.633774,1.509148],[-75.633485,1.509056],[-75.633309,1.509004],[-75.63295,1.508907],[-75.632737,1.5087],[-75.632661,1.508585],[-75.632516,1.508528],[-75.632478,1.508522],[-75.632341,1.508551],[-75.632142,1.508608],[-75.632035,1.50851],[-75.631981,1.508344],[-75.631913,1.508298],[-75.631738,1.508263],[-75.631562,1.508079],[-75.631471,1.507953],[-75.631417,1.50781],[-75.631371,1.507718],[-75.631303,1.507579],[-75.631264,1.507494],[-75.63118,1.50739],[-75.63112,1.507345],[-75.631066,1.507316],[-75.631005,1.507304],[-75.630952,1.506948],[-75.630936,1.50692],[-75.630906,1.506874],[-75.630875,1.506822],[-75.630837,1.506776],[-75.630783,1.506724],[-75.630738,1.506701],[-75.630707,1.506483],[-75.630677,1.506414],[-75.630593,1.506265],[-75.630516,1.506156],[-75.63041,1.506047],[-75.630379,1.505978],[-75.630356,1.505886],[-75.630372,1.505737],[-75.630448,1.505386],[-75.630471,1.505323],[-75.630463,1.505122],[-75.630349,1.504807],[-75.63028,1.504645],[-75.630166,1.504467],[-75.62999,1.50402],[-75.629922,1.503773],[-75.629845,1.503531],[-75.6298,1.503278],[-75.629776,1.503055],[-75.62983,1.502774],[-75.629869,1.502642],[-75.629937,1.502429],[-75.629998,1.502177],[-75.630021,1.501987],[-75.630075,1.501648],[-75.630029,1.501321],[-75.630005,1.501085],[-75.629998,1.500816],[-75.629998,1.500483],[-75.62996,1.500196],[-75.629952,1.500058],[-75.629922,1.499943],[-75.629922,1.499741],[-75.629921,1.499421],[-75.629937,1.499213],[-75.629952,1.49899],[-75.62996,1.498795],[-75.629968,1.498634],[-75.630013,1.498433],[-75.630097,1.498243],[-75.630188,1.498014],[-75.630219,1.497853],[-75.630281,1.497658],[-75.630319,1.497537],[-75.630333,1.497463],[-75.630333,1.497439],[-75.630349,1.497402],[-75.630372,1.497348],[-75.630432,1.497198],[-75.630463,1.49698],[-75.630501,1.496693],[-75.63057,1.496389],[-75.630608,1.496136],[-75.630616,1.495924],[-75.630639,1.495683],[-75.630647,1.49539],[-75.630616,1.495241],[-75.630631,1.495068],[-75.630654,1.494868],[-75.630791,1.494414],[-75.630882,1.494155],[-75.630959,1.494024],[-75.631142,1.493645],[-75.631241,1.493254],[-75.631257,1.493007],[-75.63128,1.49272],[-75.631295,1.492502],[-75.631318,1.492427],[-75.631363,1.492203],[-75.631409,1.492059],[-75.631593,1.491755],[-75.63176,1.491601],[-75.631905,1.491451],[-75.632203,1.491107],[-75.63231,1.491032],[-75.632416,1.490872],[-75.632501,1.490791],[-75.632653,1.490659],[-75.632722,1.490562],[-75.63279,1.490493],[-75.632905,1.490412],[-75.633088,1.490269],[-75.633172,1.490223],[-75.633286,1.490137],[-75.633416,1.490028],[-75.633469,1.489982],[-75.633531,1.489906],[-75.633561,1.489919],[-75.63366,1.489861],[-75.633744,1.48981],[-75.633897,1.489678],[-75.634026,1.489505],[-75.634149,1.489282],[-75.634225,1.489098],[-75.634301,1.488966],[-75.634401,1.488851],[-75.634568,1.488719],[-75.634691,1.488644],[-75.634781,1.488598],[-75.634934,1.488535],[-75.635033,1.488512],[-75.635103,1.488495],[-75.635209,1.488449],[-75.635232,1.48842],[-75.635431,1.488333],[-75.635537,1.488282],[-75.635713,1.488191],[-75.635888,1.488116],[-75.636101,1.488047],[-75.636308,1.487967],[-75.636437,1.487852],[-75.636567,1.487708],[-75.636705,1.487554],[-75.636842,1.487324],[-75.637063,1.48702],[-75.637285,1.486624],[-75.637468,1.486285],[-75.637696,1.486027],[-75.637788,1.485952],[-75.637948,1.485866],[-75.638086,1.485872],[-75.638315,1.485975],[-75.638452,1.486096],[-75.63855,1.486171],[-75.638795,1.486257],[-75.638932,1.486297],[-75.639145,1.486343],[-75.639451,1.486274],[-75.639612,1.486205],[-75.639787,1.486142],[-75.639947,1.486125],[-75.640062,1.486108],[-75.640267,1.486056],[-75.640374,1.486038],[-75.640489,1.486033],[-75.640619,1.48601],[-75.640786,1.48601],[-75.640824,1.486027],[-75.641282,1.486131],[-75.641427,1.486131],[-75.641603,1.486136],[-75.641801,1.486148],[-75.641969,1.486166],[-75.642152,1.4862],[-75.642419,1.486246],[-75.642557,1.486286],[-75.642831,1.486567],[-75.642931,1.486711],[-75.642953,1.48674],[-75.643037,1.48682],[-75.643144,1.486838],[-75.643266,1.486878],[-75.643335,1.486918],[-75.643419,1.487038],[-75.643449,1.487073],[-75.643487,1.487107],[-75.643503,1.487127],[-75.643648,1.487136],[-75.643769,1.487096],[-75.643976,1.487084],[-75.64406,1.487119],[-75.644227,1.487286],[-75.644288,1.487291],[-75.644396,1.48732],[-75.644563,1.487349],[-75.644723,1.487309],[-75.644876,1.487251],[-75.645044,1.487148],[-75.645142,1.487045],[-75.645204,1.486964],[-75.645249,1.486878],[-75.64528,1.486792],[-75.645303,1.486672],[-75.645356,1.48654],[-75.64538,1.486442],[-75.645418,1.486321],[-75.645471,1.486229],[-75.645501,1.486172],[-75.645509,1.486137],[-75.645677,1.486293],[-75.645829,1.48635],[-75.646036,1.486425],[-75.646226,1.486516],[-75.646363,1.48662],[-75.646516,1.4867],[-75.646729,1.486809],[-75.646898,1.486867],[-75.647127,1.486959],[-75.64731,1.487022],[-75.647462,1.487045],[-75.647539,1.487068],[-75.647585,1.487068],[-75.647684,1.487056],[-75.64779,1.487108],[-75.647867,1.487172],[-75.647959,1.487235],[-75.648035,1.487315],[-75.648126,1.487401],[-75.648188,1.487442],[-75.648271,1.487487],[-75.648469,1.487556],[-75.648561,1.487597],[-75.648644,1.487637],[-75.648736,1.48766],[-75.648851,1.487763],[-75.648873,1.487798],[-75.648935,1.487832],[-75.649034,1.487861],[-75.64908,1.487872],[-75.649209,1.487941],[-75.649309,1.488004],[-75.6494,1.488068],[-75.649576,1.488234],[-75.649691,1.488309],[-75.649881,1.488435],[-75.650102,1.488579],[-75.650415,1.488722],[-75.65072,1.488866],[-75.651194,1.489148],[-75.651369,1.489228],[-75.651727,1.489372],[-75.652086,1.489583],[-75.652582,1.489842],[-75.65294,1.489929],[-75.653123,1.489923],[-75.653467,1.489837],[-75.653803,1.489751],[-75.654123,1.489654],[-75.654352,1.489527],[-75.654642,1.489378],[-75.654954,1.489257],[-75.655229,1.489154],[-75.655382,1.489057],[-75.657094,1.488299],[-75.657122,1.488523],[-75.657122,1.488994],[-75.657068,1.489178],[-75.657015,1.489355],[-75.656938,1.489488],[-75.656839,1.489585],[-75.656733,1.489671],[-75.656534,1.489803],[-75.656405,1.48993],[-75.656328,1.490016],[-75.656115,1.490222],[-75.656091,1.490222],[-75.655893,1.490291],[-75.655741,1.490343],[-75.655534,1.490406],[-75.655367,1.490486],[-75.65513,1.490555],[-75.654916,1.490624],[-75.654763,1.490773],[-75.654718,1.490997],[-75.65471,1.491146],[-75.65474,1.49148],[-75.654772,1.491606],[-75.65487,1.492036],[-75.654908,1.492226],[-75.654901,1.492651],[-75.654886,1.492864],[-75.654879,1.493139],[-75.654863,1.493305],[-75.654848,1.493678],[-75.654862,1.493897],[-75.654962,1.494322],[-75.655062,1.494615],[-75.6551,1.494804],[-75.655138,1.495171],[-75.655107,1.495866],[-75.655023,1.496021],[-75.654718,1.496188],[-75.654489,1.496228],[-75.654352,1.496199],[-75.654222,1.496142],[-75.654031,1.49609],[-75.653925,1.496096],[-75.653719,1.496004],[-75.653543,1.495993],[-75.653329,1.495987],[-75.653154,1.496027],[-75.652978,1.496032],[-75.652742,1.496067],[-75.652567,1.496142],[-75.65236,1.496256],[-75.652094,1.496394],[-75.651895,1.49656],[-75.651658,1.496813],[-75.651468,1.496997],[-75.651239,1.497266],[-75.651132,1.497427],[-75.651094,1.497605],[-75.651071,1.497789],[-75.651063,1.498168],[-75.651079,1.498495],[-75.65114,1.498874],[-75.651208,1.499357],[-75.651262,1.499615],[-75.651278,1.499902],[-75.651285,1.500212],[-75.651285,1.500459],[-75.651331,1.500889],[-75.651353,1.501119],[-75.651422,1.501567],[-75.651468,1.501889],[-75.651544,1.502256],[-75.651643,1.502561],[-75.651666,1.502893],[-75.651658,1.502991],[-75.651598,1.503261],[-75.651544,1.503433],[-75.651521,1.503508],[-75.651483,1.503623],[-75.651475,1.503726],[-75.651483,1.503813],[-75.651498,1.503927],[-75.651681,1.504487],[-75.651705,1.504611],[-75.651751,1.50476],[-75.651827,1.504943],[-75.651903,1.50507],[-75.651994,1.505328],[-75.652094,1.505581],[-75.652162,1.505943],[-75.6523,1.506178],[-75.65246,1.50662],[-75.652536,1.506919],[-75.652597,1.50724],[-75.652711,1.507683],[-75.65275,1.508113],[-75.65281,1.508343],[-75.652848,1.50871],[-75.652932,1.508986],[-75.65307,1.509469],[-75.653154,1.509894],[-75.653215,1.510221],[-75.653337,1.510628],[-75.653421,1.51091],[-75.653482,1.511134],[-75.653627,1.511616],[-75.653695,1.511932],[-75.653787,1.512127],[-75.653848,1.512247],[-75.653978,1.512535],[-75.65407,1.512707],[-75.654268,1.513041],[-75.654337,1.513138],[-75.654474,1.513402],[-75.654718,1.513999],[-75.654824,1.514257],[-75.654901,1.514493],[-75.654932,1.514637],[-75.654962,1.51482],[-75.65497,1.51497],[-75.655,1.515182],[-75.654992,1.515389],[-75.654993,1.515607],[-75.654969,1.515934],[-75.654939,1.516256],[-75.654924,1.516468],[-75.654908,1.516772],[-75.654863,1.517146],[-75.654832,1.517645],[-75.654802,1.517904],[-75.654802,1.518294],[-75.654802,1.518708],[-75.654779,1.518989],[-75.654748,1.519242],[-75.654756,1.519426],[-75.654741,1.519551],[-75.654733,1.519724],[-75.654695,1.519878],[-75.654672,1.520126],[-75.654642,1.520522],[-75.654611,1.520711],[-75.654603,1.520981],[-75.654627,1.521383],[-75.654703,1.521831],[-75.654741,1.522038],[-75.654809,1.522244],[-75.654879,1.522543],[-75.654955,1.522813],[-75.655023,1.523031],[-75.655115,1.523347],[-75.655199,1.523542],[-75.655275,1.523605],[-75.655306,1.523738],[-75.655313,1.523766],[-75.655336,1.523801],[-75.655336,1.523835],[-75.655359,1.523887],[-75.655366,1.523922],[-75.655382,1.524008],[-75.655404,1.524101],[-75.655428,1.524165],[-75.655458,1.524246],[-75.655474,1.524304],[-75.655519,1.524381],[-75.655558,1.524445],[-75.65558,1.524481],[-75.655633,1.524528],[-75.655687,1.524564],[-75.655725,1.524564],[-75.655809,1.524565],[-75.655862,1.52456],[-75.655946,1.524554],[-75.656007,1.524555],[-75.656099,1.524556],[-75.656167,1.524563],[-75.656221,1.524564],[-75.656298,1.524565],[-75.656366,1.524578],[-75.656412,1.524584],[-75.656495,1.524598],[-75.656602,1.524612],[-75.656672,1.524631],[-75.65674,1.524656],[-75.656862,1.524717],[-75.656953,1.524773],[-75.657038,1.52481],[-75.657129,1.524848],[-75.657213,1.524885],[-75.657274,1.524892],[-75.657381,1.524912],[-75.657458,1.524926],[-75.657518,1.524939],[-75.657617,1.524958],[-75.657663,1.524965],[-75.657739,1.524997],[-75.657785,1.525009],[-75.657838,1.52504],[-75.657876,1.525077],[-75.65793,1.525119],[-75.657968,1.525156],[-75.658045,1.525222],[-75.658083,1.525259],[-75.658121,1.525289],[-75.658182,1.52532],[-75.65822,1.52535],[-75.658258,1.525362],[-75.65832,1.525393],[-75.658358,1.525411],[-75.658396,1.525417],[-75.658434,1.525436],[-75.658464,1.525466],[-75.658503,1.525472],[-75.658571,1.525502],[-75.658601,1.525532],[-75.658579,1.525586],[-75.658601,1.525586],[-75.658617,1.525603],[-75.658639,1.525639],[-75.658663,1.525675],[-75.658693,1.525717],[-75.658708,1.525765],[-75.658746,1.525801],[-75.658792,1.525844],[-75.65883,1.525886],[-75.658846,1.525928],[-75.658884,1.525994],[-75.658914,1.526043],[-75.658945,1.526127],[-75.658983,1.526176],[-75.659006,1.526236],[-75.659059,1.526363],[-75.659089,1.526453],[-75.659097,1.526526],[-75.659105,1.526568],[-75.659121,1.526617],[-75.659128,1.526738],[-75.659128,1.526816],[-75.659136,1.526894],[-75.659143,1.52693],[-75.659158,1.527044],[-75.659151,1.527128],[-75.659151,1.527206],[-75.659128,1.527314],[-75.65912,1.527373],[-75.659112,1.527463],[-75.659097,1.527599],[-75.65909,1.527671],[-75.659075,1.527754],[-75.659067,1.527813],[-75.659083,1.52796],[-75.659089,1.528008],[-75.659082,1.528169],[-75.659097,1.528267],[-75.659128,1.528318],[-75.659159,1.52841],[-75.659197,1.528496],[-75.659288,1.528645],[-75.659357,1.528778],[-75.65941,1.528864],[-75.659456,1.528961],[-75.659478,1.529013],[-75.659524,1.529105],[-75.659556,1.529163],[-75.659624,1.5293],[-75.659654,1.529392],[-75.659677,1.529432],[-75.6597,1.529512],[-75.659731,1.529576],[-75.659769,1.529657],[-75.659777,1.529697],[-75.659807,1.529743],[-75.659853,1.529857],[-75.659883,1.529926],[-75.659913,1.530041],[-75.659945,1.530104],[-75.659997,1.530219],[-75.660043,1.530294],[-75.660097,1.530363],[-75.660135,1.530443],[-75.660204,1.530541],[-75.660234,1.530575],[-75.66025,1.530609],[-75.660272,1.530661],[-75.660303,1.530702],[-75.660318,1.530736],[-75.660333,1.530771],[-75.660356,1.530805],[-75.660372,1.53084],[-75.660387,1.530874],[-75.660402,1.530914],[-75.660425,1.530948],[-75.660433,1.530983],[-75.660455,1.531023],[-75.660471,1.531086],[-75.660486,1.531144],[-75.660509,1.531201],[-75.660525,1.531253],[-75.660539,1.531305],[-75.660555,1.531414],[-75.66057,1.531471],[-75.660577,1.531512],[-75.660601,1.531557],[-75.660609,1.531598],[-75.660623,1.531695],[-75.660647,1.531758],[-75.660669,1.531839],[-75.660691,1.531908],[-75.660731,1.531988],[-75.660761,1.53212],[-75.660807,1.532258],[-75.660837,1.532355],[-75.660875,1.532424],[-75.660921,1.532579],[-75.660951,1.532683],[-75.661005,1.532832],[-75.661028,1.532895],[-75.661081,1.533033],[-75.661104,1.533142],[-75.661142,1.533246],[-75.661188,1.533412],[-75.661218,1.533556],[-75.661242,1.533711],[-75.661249,1.533779],[-75.661272,1.533842],[-75.661288,1.533912],[-75.661294,1.533981],[-75.661302,1.534032],[-75.661295,1.534072],[-75.661295,1.534193],[-75.661287,1.534233],[-75.661226,1.534239],[-75.661195,1.534239],[-75.661157,1.53424],[-75.661112,1.53424],[-75.661081,1.534245],[-75.661028,1.534251],[-75.660998,1.534256],[-75.660906,1.534256],[-75.660859,1.534262],[-75.660815,1.534268],[-75.660776,1.534279],[-75.66073,1.534303],[-75.6607,1.534319],[-75.660638,1.53436],[-75.660578,1.534388],[-75.660524,1.534423],[-75.660433,1.534487],[-75.660356,1.534532],[-75.660296,1.534578],[-75.660234,1.534641],[-75.660127,1.534773],[-75.660013,1.53494],[-75.659952,1.535015],[-75.659861,1.535135],[-75.659822,1.535192],[-75.659792,1.535261],[-75.659754,1.535336],[-75.659708,1.535388],[-75.659685,1.535457],[-75.659655,1.535497],[-75.659639,1.535531],[-75.659617,1.535566],[-75.659586,1.535646],[-75.659563,1.535738],[-75.659532,1.535819],[-75.659486,1.535905],[-75.659425,1.536083],[-75.659395,1.536157],[-75.659357,1.536249],[-75.659349,1.536301],[-75.659311,1.536382],[-75.659266,1.536439],[-75.659212,1.536565],[-75.659151,1.536697],[-75.659105,1.53679],[-75.659074,1.536876],[-75.659006,1.537007],[-75.65896,1.537099],[-75.658899,1.537203],[-75.658861,1.537249],[-75.658807,1.537341],[-75.658762,1.537398],[-75.658724,1.537444],[-75.658678,1.537491],[-75.658609,1.537582],[-75.658555,1.537622],[-75.658472,1.537685],[-75.658426,1.537714],[-75.658388,1.537726],[-75.658357,1.537737],[-75.658311,1.53776],[-75.658243,1.537788],[-75.658213,1.537806],[-75.658189,1.537795],[-75.658159,1.537811],[-75.658113,1.537846],[-75.658037,1.537898],[-75.657991,1.537909],[-75.657953,1.537927],[-75.657907,1.537944],[-75.657861,1.537966],[-75.657823,1.537978],[-75.657754,1.538013],[-75.657701,1.53803],[-75.65764,1.538059],[-75.657587,1.538082],[-75.657549,1.538099],[-75.657488,1.538122],[-75.657434,1.538151],[-75.65735,1.538191],[-75.657267,1.538248],[-75.657175,1.538277],[-75.657114,1.538306],[-75.657007,1.53834],[-75.656907,1.538369],[-75.656778,1.538415],[-75.656686,1.538438],[-75.656541,1.53849],[-75.656427,1.53853],[-75.656213,1.538628],[-75.656122,1.538668],[-75.655962,1.538725],[-75.655779,1.538811],[-75.655634,1.538863],[-75.655435,1.538937],[-75.65532,1.538989],[-75.655153,1.539058],[-75.655016,1.53911],[-75.654833,1.539185],[-75.654718,1.539213],[-75.654512,1.539253],[-75.654413,1.539282],[-75.65426,1.539328],[-75.654054,1.539403],[-75.654008,1.53942],[-75.65381,1.539471],[-75.653626,1.539523],[-75.653451,1.539581],[-75.652948,1.539707],[-75.652834,1.53973],[-75.652749,1.539759],[-75.652658,1.539765],[-75.652552,1.539799],[-75.65262,1.539811],[-75.652612,1.539857],[-75.652574,1.539868],[-75.652536,1.53988],[-75.65249,1.539897],[-75.652429,1.53992],[-75.652383,1.539949],[-75.652345,1.53996],[-75.652276,1.539995],[-75.6522,1.540023],[-75.652101,1.540064],[-75.65204,1.540092],[-75.651971,1.540115],[-75.651926,1.540127],[-75.651842,1.540172],[-75.651781,1.540185],[-75.651727,1.540196],[-75.651659,1.540207],[-75.651536,1.540224],[-75.651445,1.54023],[-75.651345,1.540242],[-75.651239,1.540253],[-75.651102,1.540276],[-75.651033,1.540293],[-75.650957,1.540334],[-75.650872,1.540374],[-75.650826,1.540402],[-75.650712,1.540402],[-75.650529,1.540391],[-75.650484,1.540391],[-75.650438,1.540379],[-75.650346,1.540379],[-75.650277,1.540356],[-75.650231,1.540357],[-75.650201,1.540345],[-75.65014,1.540339],[-75.650102,1.540328],[-75.650018,1.540305],[-75.649972,1.540282],[-75.649896,1.540213],[-75.649835,1.540161],[-75.649781,1.540126],[-75.649743,1.540093],[-75.649698,1.540058],[-75.649644,1.540012],[-75.649606,1.539989],[-75.649545,1.539943],[-75.649514,1.539909],[-75.649476,1.539886],[-75.649431,1.539862],[-75.649407,1.539827],[-75.649377,1.539788],[-75.649347,1.539765],[-75.649316,1.539742],[-75.649263,1.539719],[-75.649224,1.539707],[-75.649186,1.539685],[-75.649126,1.539673],[-75.649087,1.53965],[-75.649049,1.53965],[-75.649019,1.539639],[-75.648935,1.539639],[-75.648904,1.539621],[-75.648836,1.539621],[-75.648798,1.539622],[-75.648736,1.53961],[-75.648683,1.539599],[-75.648653,1.539575],[-75.648615,1.539564],[-75.648583,1.539541],[-75.648545,1.53953],[-75.6485,1.539529],[-75.648431,1.539524],[-75.648378,1.539524],[-75.648309,1.539529],[-75.648317,1.539621],[-75.64834,1.539714],[-75.648378,1.539805],[-75.6484,1.53984],[-75.648432,1.539874],[-75.648462,1.539926],[-75.648492,1.539983],[-75.648546,1.540075],[-75.648584,1.540115],[-75.64866,1.540213],[-75.648691,1.540242],[-75.648729,1.540294],[-75.648775,1.540363],[-75.648797,1.540397],[-75.648828,1.540431],[-75.648874,1.5405],[-75.648904,1.540552],[-75.648942,1.540598],[-75.648973,1.540679],[-75.649004,1.540747],[-75.649018,1.540787],[-75.649034,1.540845],[-75.649064,1.540914],[-75.649072,1.540971],[-75.649094,1.541005],[-75.64911,1.541052],[-75.649126,1.541115],[-75.649134,1.541184],[-75.649148,1.54123],[-75.649178,1.541252],[-75.649194,1.541287],[-75.649232,1.541321],[-75.649224,1.54139],[-75.649217,1.541442],[-75.649224,1.541477],[-75.649224,1.541511],[-75.649216,1.541562],[-75.649202,1.541603],[-75.649194,1.54166],[-75.649194,1.541735],[-75.649171,1.541787],[-75.649163,1.541827],[-75.649117,1.541936],[-75.649087,1.541993],[-75.649034,1.542137],[-75.649004,1.5422],[-75.648958,1.542286],[-75.648881,1.54243],[-75.648851,1.5425],[-75.648813,1.542585],[-75.648759,1.542694],[-75.648722,1.542775],[-75.648668,1.542866],[-75.648607,1.54297],[-75.648545,1.54305],[-75.6485,1.543136],[-75.648454,1.543199],[-75.648408,1.543251],[-75.648355,1.543349],[-75.648309,1.543417],[-75.648248,1.543504],[-75.64818,1.543636],[-75.648141,1.543699],[-75.648073,1.543825],[-75.648027,1.5439],[-75.647942,1.544073],[-75.64789,1.544239],[-75.647867,1.544331],[-75.647958,1.54435],[-75.647996,1.544356],[-75.648026,1.544368],[-75.648073,1.544396],[-75.648103,1.544431],[-75.648179,1.544534],[-75.648209,1.54458],[-75.648286,1.544713],[-75.648332,1.544798],[-75.648355,1.544856],[-75.648385,1.544913],[-75.648424,1.545005],[-75.648454,1.545052],[-75.648477,1.545132],[-75.648508,1.545178],[-75.648568,1.545293],[-75.648599,1.545339],[-75.648652,1.545413],[-75.648683,1.545511],[-75.648729,1.545638],[-75.648752,1.545724],[-75.64879,1.54581],[-75.648843,1.545965],[-75.648866,1.546005],[-75.648873,1.546045],[-75.648897,1.546097],[-75.648935,1.546166],[-75.648949,1.546224],[-75.648949,1.546264],[-75.64895,1.54631],[-75.64895,1.546367],[-75.648965,1.546442],[-75.648973,1.546534],[-75.648981,1.546603],[-75.648996,1.546706],[-75.649011,1.546827],[-75.649041,1.547005],[-75.649049,1.547098],[-75.64908,1.547264],[-75.64911,1.547384],[-75.649148,1.547551],[-75.649202,1.54766],[-75.64924,1.547798],[-75.649278,1.547896],[-75.649355,1.548068],[-75.649415,1.5482],[-75.649507,1.548327],[-75.649576,1.548447],[-75.649698,1.548591],[-75.649827,1.548746],[-75.649935,1.548861],[-75.650033,1.548999],[-75.650079,1.549068],[-75.65014,1.549149],[-75.65024,1.549264],[-75.650293,1.549344],[-75.650316,1.54939],[-75.650346,1.549459],[-75.650354,1.549563],[-75.650361,1.549677],[-75.650377,1.549786],[-75.650384,1.549895],[-75.6504,1.549959],[-75.65043,1.550022],[-75.650491,1.550125],[-75.650559,1.550223],[-75.650621,1.550309],[-75.650667,1.550413],[-75.650689,1.550476],[-75.650705,1.550574],[-75.650705,1.550688],[-75.650697,1.55074],[-75.650689,1.550936],[-75.650674,1.551033],[-75.650659,1.551143],[-75.650652,1.551292],[-75.650644,1.551355],[-75.650636,1.551522],[-75.650628,1.55166],[-75.650629,1.551763],[-75.650629,1.551809],[-75.650636,1.551889],[-75.650636,1.551952],[-75.650637,1.552085],[-75.650651,1.552177],[-75.650659,1.552274],[-75.650675,1.552372],[-75.650705,1.552464],[-75.650735,1.552636],[-75.650765,1.552768],[-75.650797,1.55293],[-75.650819,1.553074],[-75.650842,1.553234],[-75.650857,1.553297],[-75.650881,1.553406],[-75.650895,1.553532],[-75.650903,1.553665],[-75.650919,1.553734],[-75.650941,1.553791],[-75.650957,1.553866],[-75.650972,1.5539],[-75.650979,1.553935],[-75.650995,1.553969],[-75.651017,1.554009],[-75.651055,1.554067],[-75.651117,1.554165],[-75.651155,1.554199],[-75.651216,1.554262],[-75.651284,1.55432],[-75.651414,1.554458],[-75.651513,1.554567],[-75.651567,1.554625],[-75.651628,1.554682],[-75.651697,1.554785],[-75.651766,1.55486],[-75.65188,1.554986],[-75.651994,1.555153],[-75.652131,1.555285],[-75.652276,1.555424],[-75.652368,1.555527],[-75.652452,1.555625],[-75.652536,1.555803],[-75.652581,1.555941],[-75.652605,1.556055],[-75.652619,1.556142],[-75.652635,1.556188],[-75.652673,1.55624],[-75.652742,1.556274],[-75.652848,1.55632],[-75.65288,1.556331],[-75.652971,1.55636],[-75.653009,1.556383],[-75.653085,1.556395],[-75.653154,1.556429],[-75.6532,1.556447],[-75.653276,1.556538],[-75.653352,1.556642],[-75.653375,1.556688],[-75.65339,1.556723],[-75.65339,1.556883],[-75.653382,1.556941],[-75.653376,1.556998],[-75.653376,1.557055],[-75.653382,1.557119],[-75.653383,1.557176],[-75.653398,1.557222],[-75.653436,1.55728],[-75.653536,1.557389],[-75.653566,1.557406],[-75.653604,1.557406],[-75.653635,1.557429],[-75.653687,1.557521],[-75.653719,1.557613],[-75.653719,1.557665],[-75.653711,1.557711],[-75.653711,1.557773],[-75.653703,1.557854],[-75.653688,1.557889],[-75.65365,1.557964],[-75.653612,1.558015],[-75.653558,1.558084],[-75.653543,1.558118],[-75.653543,1.558268],[-75.653551,1.558314],[-75.653558,1.558377],[-75.653573,1.558538],[-75.653573,1.558647],[-75.653581,1.558728],[-75.653597,1.558785],[-75.653611,1.558825],[-75.653627,1.558894],[-75.653657,1.558998],[-75.653665,1.559084],[-75.653681,1.559205],[-75.653695,1.559285],[-75.653711,1.559366],[-75.653733,1.559446],[-75.653757,1.559532],[-75.653779,1.559607],[-75.653803,1.55967],[-75.653849,1.559813],[-75.653894,1.559929],[-75.653947,1.559986],[-75.654001,1.560032],[-75.654122,1.560118],[-75.654192,1.560193],[-75.654329,1.560302],[-75.654436,1.560388],[-75.654619,1.560526],[-75.654711,1.560595],[-75.654855,1.560722],[-75.655069,1.560871],[-75.655145,1.560911],[-75.655305,1.560964],[-75.655374,1.561004],[-75.655573,1.561096],[-75.655633,1.561176],[-75.65574,1.56128],[-75.655763,1.561325],[-75.655778,1.561406],[-75.655778,1.561469],[-75.655779,1.561515],[-75.655779,1.561601],[-75.655771,1.561665],[-75.655779,1.561745],[-75.655793,1.561895],[-75.655801,1.561957],[-75.655817,1.562067],[-75.655831,1.562187],[-75.655839,1.562251],[-75.655855,1.562285],[-75.655909,1.562354],[-75.655947,1.562417],[-75.655992,1.562475],[-75.656038,1.562521],[-75.656152,1.562567],[-75.656198,1.562601],[-75.656267,1.562636],[-75.656381,1.562688],[-75.656465,1.562722],[-75.656526,1.562739],[-75.656602,1.562757],[-75.656679,1.562779],[-75.656717,1.562803],[-75.656763,1.562837],[-75.656793,1.562889],[-75.656824,1.562946],[-75.656823,1.563084],[-75.656817,1.563153],[-75.656809,1.563291],[-75.656793,1.563389],[-75.656778,1.563458],[-75.65677,1.563526],[-75.656755,1.563572],[-75.65674,1.56367],[-75.656724,1.563751],[-75.656702,1.56382],[-75.656679,1.563906],[-75.656679,1.564003],[-75.656671,1.564107],[-75.656633,1.564239],[-75.65661,1.564325],[-75.65661,1.564497],[-75.656618,1.564566],[-75.656626,1.564624],[-75.656656,1.564687],[-75.656686,1.564722],[-75.656725,1.564756],[-75.656771,1.564802],[-75.656801,1.564905],[-75.656801,1.564986],[-75.656778,1.565061],[-75.656748,1.565175],[-75.656702,1.56521],[-75.656671,1.565233],[-75.656633,1.565255],[-75.656603,1.565262],[-75.656587,1.565296],[-75.657022,1.566677],[-75.656992,1.566746],[-75.656984,1.566791],[-75.656969,1.566837],[-75.656961,1.566895],[-75.656945,1.566981],[-75.656939,1.567027],[-75.656915,1.567102],[-75.656907,1.567159],[-75.656907,1.567193],[-75.656885,1.567251],[-75.656877,1.567285],[-75.656862,1.567349],[-75.656854,1.567401],[-75.65684,1.567481],[-75.656832,1.567532],[-75.656839,1.567567],[-75.656832,1.567624],[-75.656831,1.567751],[-75.656839,1.567819],[-75.656839,1.567854],[-75.6569,1.567785],[-75.65693,1.567745],[-75.656976,1.567693],[-75.657015,1.567647],[-75.657083,1.567584],[-75.657137,1.567527],[-75.657182,1.567493],[-75.657228,1.56744],[-75.657266,1.567417],[-75.657297,1.567383],[-75.657343,1.567371],[-75.657381,1.56736],[-75.657411,1.567343],[-75.657449,1.567331],[-75.65748,1.567314],[-75.657526,1.567291],[-75.657564,1.56728],[-75.657586,1.567268],[-75.657655,1.567268],[-75.657709,1.567268],[-75.657747,1.56728],[-75.657816,1.567274],[-75.657869,1.567274],[-75.657908,1.567285],[-75.657938,1.567285],[-75.657976,1.567308],[-75.658006,1.56732],[-75.658045,1.567326],[-75.658091,1.567337],[-75.658129,1.56736],[-75.658159,1.567371],[-75.658205,1.567406],[-75.658243,1.567417],[-75.658274,1.567423],[-75.658312,1.567435],[-75.658342,1.567468],[-75.65842,1.567479],[-75.658358,1.567526],[-75.65832,1.567555],[-75.658281,1.567601],[-75.65822,1.567659],[-75.658159,1.567727],[-75.658113,1.567796],[-75.658036,1.567917],[-75.657999,1.567952],[-75.657953,1.568009],[-75.657923,1.56806],[-75.657885,1.568118],[-75.657854,1.568146],[-75.657785,1.568215],[-75.657754,1.56825],[-75.657709,1.568325],[-75.657686,1.568359],[-75.657663,1.5684],[-75.657617,1.568359],[-75.657595,1.568376],[-75.657571,1.568445],[-75.657526,1.568543],[-75.657502,1.568582],[-75.657464,1.568606],[-75.657434,1.568641],[-75.657411,1.568675],[-75.657343,1.56875],[-75.657297,1.568796],[-75.657259,1.568865],[-75.657213,1.568922],[-75.65716,1.56898],[-75.657114,1.569014],[-75.657029,1.569112],[-75.656938,1.569221],[-75.65687,1.56933],[-75.656824,1.569387],[-75.656725,1.569525],[-75.656671,1.569618],[-75.65661,1.56968],[-75.656503,1.569795],[-75.656443,1.569887],[-75.656328,1.570065],[-75.656251,1.570202],[-75.65616,1.570415],[-75.656106,1.570496],[-75.65606,1.570547],[-75.656015,1.570605],[-75.655901,1.570714],[-75.655847,1.570788],[-75.65577,1.570909],[-75.655687,1.571047],[-75.655641,1.571105],[-75.655587,1.571197],[-75.655519,1.571346],[-75.655474,1.571432],[-75.65545,1.571495],[-75.65542,1.571541],[-75.655375,1.571622],[-75.655359,1.57169],[-75.655359,1.571725],[-75.655305,1.571719],[-75.65529,1.571754],[-75.655252,1.571776],[-75.655236,1.571811],[-75.655214,1.571845],[-75.655198,1.571886],[-75.655176,1.571932],[-75.655145,1.571989],[-75.65513,1.572029],[-75.655115,1.572064],[-75.655085,1.572098],[-75.655046,1.572162],[-75.655031,1.572207],[-75.654985,1.572259],[-75.654946,1.572288],[-75.654893,1.57242],[-75.654863,1.572483],[-75.654795,1.572621],[-75.654741,1.57273],[-75.654702,1.57281],[-75.654642,1.572914],[-75.654557,1.572993],[-75.654489,1.573092],[-75.654398,1.573213],[-75.654305,1.573344],[-75.654207,1.573534],[-75.654146,1.573689],[-75.654085,1.573827],[-75.654017,1.573953],[-75.653932,1.574131],[-75.653856,1.574269],[-75.653771,1.574442],[-75.653719,1.574511],[-75.65368,1.574562],[-75.65365,1.574602],[-75.653612,1.574654],[-75.653558,1.574711],[-75.65352,1.574769],[-75.653481,1.574838],[-75.653451,1.574901],[-75.653421,1.574935],[-75.653382,1.574993],[-75.653338,1.575062],[-75.653299,1.575113],[-75.653268,1.575171],[-75.653231,1.575223],[-75.653199,1.575285],[-75.653161,1.575337],[-75.653138,1.575372],[-75.653078,1.575464],[-75.653062,1.575504],[-75.653016,1.575544],[-75.652955,1.575619],[-75.652933,1.575659],[-75.652917,1.575693],[-75.652887,1.575728],[-75.652856,1.575757],[-75.65281,1.575797],[-75.65278,1.575825],[-75.652742,1.575877],[-75.652643,1.576026],[-75.652597,1.576136],[-75.652506,1.576296],[-75.652452,1.576377],[-75.652375,1.576515],[-75.652254,1.576687],[-75.652147,1.576831],[-75.652032,1.577003],[-75.651895,1.577239],[-75.651811,1.577348],[-75.651712,1.577485],[-75.651651,1.577572],[-75.651543,1.577721],[-75.651506,1.577773],[-75.651406,1.577928],[-75.651323,1.5781],[-75.651247,1.578283],[-75.651193,1.578381],[-75.651102,1.578548],[-75.651009,1.578703],[-75.650888,1.578916],[-75.650751,1.579099],[-75.650682,1.579214],[-75.650568,1.579363],[-75.650469,1.579547],[-75.650423,1.579605],[-75.650376,1.579691],[-75.650316,1.579777],[-75.650277,1.579834],[-75.650201,1.579961],[-75.650163,1.580007],[-75.650102,1.580099],[-75.650064,1.58015],[-75.650018,1.580208],[-75.649935,1.580351],[-75.649873,1.580438],[-75.649796,1.580581],[-75.649751,1.58065],[-75.649629,1.580782],[-75.649606,1.580817],[-75.649514,1.580983],[-75.649446,1.581092],[-75.649377,1.581167],[-75.649324,1.581264],[-75.649286,1.581316],[-75.64924,1.581402],[-75.649217,1.5815],[-75.649202,1.581534],[-75.649179,1.581569],[-75.649171,1.581598],[-75.649156,1.581633],[-75.649133,1.581667],[-75.649125,1.581695],[-75.649095,1.58173],[-75.649072,1.581764],[-75.649034,1.581821],[-75.648996,1.581908],[-75.648958,1.581988],[-75.648927,1.582022],[-75.648881,1.582109],[-75.648843,1.582183],[-75.64879,1.582247],[-75.648744,1.582304],[-75.648675,1.582419],[-75.648614,1.582534],[-75.648591,1.582597],[-75.648538,1.582706],[-75.648484,1.582849],[-75.648454,1.582918],[-75.648431,1.583039],[-75.648416,1.583091],[-75.648377,1.583234],[-75.648347,1.583366],[-75.648324,1.583401],[-75.648294,1.583458],[-75.648256,1.583545],[-75.648232,1.58359],[-75.648194,1.583631],[-75.648164,1.583677],[-75.648095,1.583521],[-75.648095,1.583487],[-75.64808,1.583453],[-75.648073,1.583418],[-75.648057,1.583384],[-75.648027,1.583315],[-75.648003,1.58328],[-75.647989,1.583246],[-75.647973,1.583211],[-75.647951,1.583165],[-75.647935,1.583131],[-75.647913,1.583085],[-75.647881,1.583016],[-75.647867,1.58297],[-75.647843,1.58293],[-75.647828,1.582896],[-75.647798,1.582861],[-75.64776,1.582775],[-75.647729,1.58274],[-75.647722,1.582689],[-75.647706,1.582631],[-75.647676,1.582533],[-75.647646,1.582453],[-75.647638,1.582419],[-75.647614,1.582379],[-75.6476,1.582344],[-75.647584,1.58228],[-75.647562,1.582229],[-75.647546,1.582195],[-75.647524,1.582137],[-75.6475,1.58208],[-75.647454,1.582011],[-75.647409,1.581919],[-75.647363,1.581833],[-75.647317,1.581707],[-75.647294,1.581638],[-75.647263,1.581586],[-75.647217,1.581471],[-75.647173,1.581385],[-75.647111,1.581265],[-75.647081,1.581172],[-75.647043,1.581104],[-75.646997,1.581012],[-75.646943,1.58088],[-75.646905,1.580782],[-75.646882,1.580685],[-75.646836,1.580581],[-75.646814,1.580507],[-75.646776,1.58042],[-75.64673,1.580323],[-75.646706,1.580265],[-75.646684,1.580191],[-75.646668,1.580122],[-75.64663,1.580018],[-75.646608,1.579926],[-75.646562,1.579818],[-75.646539,1.579754],[-75.646493,1.579691],[-75.646463,1.579633],[-75.646432,1.579582],[-75.646371,1.579496],[-75.646295,1.579398],[-75.646241,1.579329],[-75.646203,1.57926],[-75.646165,1.579186],[-75.646126,1.579129],[-75.646088,1.579048],[-75.646043,1.578979],[-75.645997,1.57891],[-75.645913,1.578807],[-75.645859,1.578738],[-75.645829,1.578669],[-75.645783,1.578554],[-75.645753,1.578485],[-75.645731,1.578416],[-75.645699,1.578347],[-75.645654,1.578273],[-75.645608,1.578209],[-75.645578,1.578175],[-75.645623,1.578175],[-75.645608,1.578135],[-75.645578,1.5781],[-75.645547,1.578031],[-75.645524,1.577997],[-75.645494,1.577974],[-75.64544,1.577899],[-75.645432,1.577865],[-75.645394,1.577825],[-75.645387,1.57779],[-75.645364,1.577744],[-75.645341,1.577704],[-75.645334,1.577641],[-75.645311,1.577601],[-75.64528,1.577577],[-75.645219,1.577497],[-75.645135,1.577382],[-75.645113,1.57733],[-75.645081,1.577273],[-75.645051,1.577194],[-75.644998,1.57713],[-75.64496,1.577043],[-75.644936,1.576946],[-75.644929,1.576912],[-75.644922,1.576877],[-75.644891,1.576831],[-75.644868,1.576774],[-75.644814,1.576687],[-75.644708,1.57655],[-75.644655,1.576452],[-75.644624,1.576412],[-75.644593,1.576354],[-75.644563,1.576297],[-75.644517,1.576234],[-75.644479,1.576176],[-75.644449,1.576136],[-75.644425,1.576102],[-75.64438,1.576033],[-75.64438,1.575992],[-75.644357,1.575935],[-75.644349,1.575901],[-75.644334,1.575866],[-75.644311,1.575833],[-75.644288,1.575797],[-75.644228,1.575729],[-75.644212,1.575694],[-75.644158,1.57566],[-75.644105,1.575596],[-75.644044,1.575533],[-75.644013,1.57551],[-75.643975,1.57547],[-75.643922,1.575424],[-75.643838,1.57535],[-75.6437,1.575234],[-75.643662,1.575177],[-75.643587,1.575132],[-75.643517,1.575062],[-75.643418,1.575005],[-75.643326,1.574959],[-75.643205,1.574873],[-75.643105,1.574821],[-75.643045,1.574769],[-75.642999,1.574729],[-75.64293,1.574706],[-75.642831,1.574643],[-75.642709,1.574585],[-75.642625,1.57454],[-75.64251,1.574476],[-75.642366,1.574379],[-75.642297,1.574344],[-75.642213,1.574287],[-75.641961,1.574149],[-75.641717,1.574017],[-75.64158,1.573925],[-75.641397,1.573799],[-75.641236,1.573701],[-75.64113,1.573621],[-75.641046,1.573558],[-75.640953,1.573512],[-75.640809,1.573426],[-75.640726,1.573362],[-75.640641,1.573322],[-75.640588,1.573288],[-75.640451,1.573219],[-75.640344,1.57315],[-75.640275,1.573104],[-75.640168,1.573],[-75.640085,1.57296],[-75.639962,1.57288],[-75.639916,1.572817],[-75.639856,1.572736],[-75.63981,1.572691],[-75.639779,1.572645],[-75.639726,1.572592],[-75.639695,1.572553],[-75.639634,1.572541],[-75.639565,1.572541],[-75.639527,1.572547],[-75.639504,1.57253],[-75.639474,1.572524],[-75.639436,1.572501],[-75.639398,1.57249],[-75.639352,1.572478],[-75.639306,1.572455],[-75.639253,1.572415],[-75.639191,1.572392],[-75.639138,1.572357],[-75.639092,1.572323],[-75.639054,1.5723],[-75.639,1.572266],[-75.63894,1.572231],[-75.638894,1.572209],[-75.638848,1.572174],[-75.638803,1.572151],[-75.638688,1.572059],[-75.638627,1.572031],[-75.638558,1.571961],[-75.638505,1.571938],[-75.638444,1.571904],[-75.638367,1.571835],[-75.638321,1.571789],[-75.638162,1.571668],[-75.6381,1.571623],[-75.63804,1.571588],[-75.637963,1.571537],[-75.637849,1.571479],[-75.637803,1.57145],[-75.637688,1.571353],[-75.637604,1.57133],[-75.637459,1.571238],[-75.637345,1.57114],[-75.637246,1.57106],[-75.637185,1.570996],[-75.637071,1.570894],[-75.636979,1.570801],[-75.636925,1.570738],[-75.636872,1.570704],[-75.636796,1.570612],[-75.63675,1.570554],[-75.636696,1.570463],[-75.636658,1.570399],[-75.63659,1.570313],[-75.636552,1.570227],[-75.636506,1.570147],[-75.636453,1.570032],[-75.636423,1.569951],[-75.636383,1.569888],[-75.636369,1.569842],[-75.636338,1.569756],[-75.636315,1.569716],[-75.636277,1.56967],[-75.636246,1.56963],[-75.636247,1.569589],[-75.636254,1.569555],[-75.63617,1.569509],[-75.636132,1.569475],[-75.636116,1.56944],[-75.636094,1.569406],[-75.636064,1.569371],[-75.636048,1.569337],[-75.636025,1.569302],[-75.635995,1.569268],[-75.635964,1.569233],[-75.635933,1.569199],[-75.635911,1.569159],[-75.635881,1.569078],[-75.635857,1.569033],[-75.635835,1.568998],[-75.635789,1.568918],[-75.635743,1.568831],[-75.63569,1.568774],[-75.635667,1.56874],[-75.635614,1.568706],[-75.635537,1.568613],[-75.635491,1.568562],[-75.635453,1.568504],[-75.635415,1.568469],[-75.635339,1.568407],[-75.635277,1.568349],[-75.635201,1.568274],[-75.635156,1.56824],[-75.635048,1.568165],[-75.635003,1.568119],[-75.634911,1.568045],[-75.634827,1.567976],[-75.634736,1.567895],[-75.63469,1.567861],[-75.634652,1.567815],[-75.634584,1.567757],[-75.634507,1.567677],[-75.634415,1.567586],[-75.634347,1.567517],[-75.634286,1.567453],[-75.634232,1.567419],[-75.634164,1.567373],[-75.634118,1.567344],[-75.634088,1.56731],[-75.634057,1.567298],[-75.634019,1.567258],[-75.633988,1.567235],[-75.633949,1.567212],[-75.633919,1.5672],[-75.633881,1.567178],[-75.633851,1.567166],[-75.633805,1.567131],[-75.633774,1.56712],[-75.633736,1.567109],[-75.633714,1.567074],[-75.633676,1.567051],[-75.633652,1.567017],[-75.633622,1.566982],[-75.633599,1.566936],[-75.633561,1.566913],[-75.633507,1.566827],[-75.633461,1.566793],[-75.633439,1.566758],[-75.633393,1.566724],[-75.633347,1.566695],[-75.633256,1.566632],[-75.63321,1.566609],[-75.633126,1.566529],[-75.633073,1.566494],[-75.633011,1.566425],[-75.632935,1.566322],[-75.632913,1.566288],[-75.632874,1.566265],[-75.632828,1.566236],[-75.632768,1.566213],[-75.632714,1.56619],[-75.632661,1.566167],[-75.632531,1.566115],[-75.63247,1.566081],[-75.632356,1.566024],[-75.632302,1.565971],[-75.632218,1.565902],[-75.632127,1.56584],[-75.632004,1.565782],[-75.63189,1.565736],[-75.631806,1.565673],[-75.631707,1.56565],[-75.631638,1.56561],[-75.631532,1.56557],[-75.631432,1.565506],[-75.631279,1.565375],[-75.631196,1.5653],[-75.631134,1.565237],[-75.631044,1.565156],[-75.630936,1.565099],[-75.630867,1.565047],[-75.630821,1.56499],[-75.630769,1.564955],[-75.630707,1.564869],[-75.630654,1.564817],[-75.630616,1.564783],[-75.630586,1.564771],[-75.630548,1.564749],[-75.630517,1.564725],[-75.630479,1.564702],[-75.630455,1.564668],[-75.630158,1.56426],[-75.629799,1.563824],[-75.629563,1.5636]]]},"properties":{"nombre_ver":"MACAGUAL","codigo_ver":"18001044","nomb_mpio":"FLORENCIA","nom_dep":"CAQUETÁ","area_ha":2532.72,"meta_ae":1435,"meta_fb":140,"anio":2029}},{"type":"Feature","geometry":{"type":"Polygon","coordinates":[[[-75.531529,1.556159],[-75.531385,1.556062],[-75.53124,1.555912],[-75.531087,1.555698],[-75.531019,1.555423],[-75.531003,1.555165],[-75.530973,1.554941],[-75.531049,1.553976],[-75.531094,1.553815],[-75.531094,1.55355],[-75.531141,1.553321],[-75.531179,1.552987],[-75.531255,1.551913],[-75.531286,1.55177],[-75.531292,1.551568],[-75.531285,1.550769],[-75.531239,1.550529],[-75.531384,1.550057],[-75.531483,1.549587],[-75.531568,1.549201],[-75.531643,1.548782],[-75.531667,1.548558],[-75.531705,1.548161],[-75.531705,1.547972],[-75.531743,1.54777],[-75.531812,1.547196],[-75.531881,1.547006],[-75.531911,1.54684],[-75.531957,1.54669],[-75.532018,1.546403],[-75.532049,1.54623],[-75.532087,1.546121],[-75.532124,1.545972],[-75.53214,1.545829],[-75.532185,1.545691],[-75.532231,1.545575],[-75.532316,1.545471],[-75.532369,1.545431],[-75.532529,1.545214],[-75.532819,1.54469],[-75.532842,1.54461],[-75.532995,1.544254],[-75.533109,1.543989],[-75.533323,1.543581],[-75.533468,1.543374],[-75.533605,1.543265],[-75.533949,1.543069],[-75.534535,1.542305],[-75.534795,1.541633],[-75.534925,1.54088],[-75.534924,1.54042],[-75.534803,1.540157],[-75.53375,1.539382],[-75.533284,1.539192],[-75.532659,1.539319],[-75.53195,1.540164],[-75.531301,1.541176],[-75.530996,1.541451],[-75.530728,1.541538],[-75.530332,1.54151],[-75.529829,1.541407],[-75.529531,1.541177],[-75.529233,1.540902],[-75.528958,1.54058],[-75.528661,1.540046],[-75.528591,1.539822],[-75.528523,1.539248],[-75.528538,1.538845],[-75.528546,1.53869],[-75.528562,1.538346],[-75.528668,1.53784],[-75.528745,1.537605],[-75.528783,1.537294],[-75.528829,1.537019],[-75.528859,1.536834],[-75.528913,1.53657],[-75.528959,1.536392],[-75.529042,1.536082],[-75.529225,1.535633],[-75.529256,1.535277],[-75.529325,1.535139],[-75.529416,1.534864],[-75.529462,1.534824],[-75.529731,1.534168],[-75.529942,1.533651],[-75.530355,1.533323],[-75.531812,1.53292],[-75.534063,1.532682],[-75.53494,1.532378],[-75.535764,1.532256],[-75.536306,1.531991],[-75.536352,1.531968],[-75.536451,1.531922],[-75.536603,1.531847],[-75.536764,1.531738],[-75.536953,1.531652],[-75.537138,1.531588],[-75.537259,1.531519],[-75.537366,1.531467],[-75.53748,1.531427],[-75.53761,1.531358],[-75.537702,1.531318],[-75.537832,1.531284],[-75.537954,1.531249],[-75.538046,1.531226],[-75.538245,1.531225],[-75.538687,1.531127],[-75.538846,1.531075],[-75.53906,1.531018],[-75.53925,1.530984],[-75.539487,1.53096],[-75.539663,1.530948],[-75.539914,1.530942],[-75.540197,1.530903],[-75.540456,1.530896],[-75.540692,1.53089],[-75.540967,1.530833],[-75.541356,1.530809],[-75.541601,1.530808],[-75.541798,1.530798],[-75.541989,1.530786],[-75.54215,1.530774],[-75.542356,1.530768],[-75.542622,1.530762],[-75.542775,1.530733],[-75.542914,1.530699],[-75.542982,1.530676],[-75.543073,1.530618],[-75.543302,1.530503],[-75.543431,1.530463],[-75.543585,1.530371],[-75.543714,1.530314],[-75.54386,1.530204],[-75.543982,1.530117],[-75.544087,1.530048],[-75.544226,1.529986],[-75.544332,1.529922],[-75.544531,1.529818],[-75.544653,1.529772],[-75.54479,1.529669],[-75.544912,1.529594],[-75.545111,1.529456],[-75.545316,1.529284],[-75.545446,1.529186],[-75.545782,1.528996],[-75.54595,1.52891],[-75.54617,1.528754],[-75.5463,1.528702],[-75.546445,1.528616],[-75.546568,1.528536],[-75.546827,1.528288],[-75.546919,1.52822],[-75.546995,1.528168],[-75.547109,1.52807],[-75.547239,1.527949],[-75.547307,1.52788],[-75.547422,1.527788],[-75.547514,1.527713],[-75.54756,1.527684],[-75.547673,1.527558],[-75.547765,1.527477],[-75.547842,1.527385],[-75.547949,1.527282],[-75.548048,1.527184],[-75.548132,1.527121],[-75.548192,1.527081],[-75.548323,1.52696],[-75.548384,1.526828],[-75.54849,1.526673],[-75.548559,1.526558],[-75.548628,1.526454],[-75.548682,1.526419],[-75.548726,1.526334],[-75.548956,1.525828],[-75.549002,1.525695],[-75.549009,1.525632],[-75.549055,1.525448],[-75.549101,1.525362],[-75.54914,1.525247],[-75.549223,1.52476],[-75.549237,1.524667],[-75.54933,1.524432],[-75.549407,1.524103],[-75.54949,1.52396],[-75.549474,1.523832],[-75.549513,1.5232],[-75.549513,1.52235],[-75.549436,1.522096],[-75.552226,1.524034],[-75.552374,1.52423],[-75.552672,1.524614],[-75.55277,1.524803],[-75.552816,1.525085],[-75.552868,1.525332],[-75.552931,1.525533],[-75.55308,1.526004],[-75.553114,1.526233],[-75.553012,1.526411],[-75.552829,1.526475],[-75.552624,1.526504],[-75.552441,1.526452],[-75.55215,1.526332],[-75.551996,1.526315],[-75.55187,1.526418],[-75.551762,1.526574],[-75.551802,1.526815],[-75.55186,1.527016],[-75.551883,1.527137],[-75.552094,1.527309],[-75.55226,1.527302],[-75.552488,1.527262],[-75.552716,1.527211],[-75.552916,1.527187],[-75.553047,1.527187],[-75.553327,1.52725],[-75.553544,1.527342],[-75.55387,1.527554],[-75.55411,1.527743],[-75.554517,1.528518],[-75.554654,1.528834],[-75.554523,1.529133],[-75.554392,1.529328],[-75.554256,1.529518],[-75.554045,1.529765],[-75.554148,1.530046],[-75.554285,1.530127],[-75.554456,1.530167],[-75.554554,1.530305],[-75.554731,1.530568],[-75.554771,1.530735],[-75.554789,1.530867],[-75.554835,1.531011],[-75.554955,1.531361],[-75.554995,1.531528],[-75.555002,1.531665],[-75.554916,1.532102],[-75.554866,1.532366],[-75.554746,1.532361],[-75.554718,1.532717],[-75.554792,1.532958],[-75.554867,1.533176],[-75.554907,1.533394],[-75.555079,1.533796],[-75.555017,1.534198],[-75.554869,1.534589],[-75.55495,1.535072],[-75.555042,1.535382],[-75.555162,1.535686],[-75.555311,1.535932],[-75.555517,1.536157],[-75.555826,1.536455],[-75.556123,1.536839],[-75.556272,1.537115],[-75.556524,1.537367],[-75.556689,1.537396],[-75.556997,1.537349],[-75.557083,1.5372],[-75.557134,1.537051],[-75.557311,1.536981],[-75.557419,1.536993],[-75.557477,1.537097],[-75.557654,1.537383],[-75.557711,1.537619],[-75.558038,1.538239],[-75.558221,1.538629],[-75.558411,1.539163],[-75.558685,1.539364],[-75.55893,1.539358],[-75.559181,1.539335],[-75.55941,1.539358],[-75.559775,1.539438],[-75.560044,1.539696],[-75.56021,1.539885],[-75.560359,1.540046],[-75.560593,1.540241],[-75.561005,1.540694],[-75.561307,1.540929],[-75.561468,1.541147],[-75.561588,1.541475],[-75.561578,1.541865],[-75.56168,1.542089],[-75.561738,1.542348],[-75.561636,1.54252],[-75.561762,1.542767],[-75.56191,1.542991],[-75.561991,1.543129],[-75.562105,1.543536],[-75.562323,1.543961],[-75.562466,1.54419],[-75.562666,1.544501],[-75.562718,1.544747],[-75.562833,1.54496],[-75.562987,1.545069],[-75.563216,1.545178],[-75.56341,1.545283],[-75.563513,1.545348],[-75.563627,1.545405],[-75.56375,1.545438],[-75.563788,1.545433],[-75.563818,1.545427],[-75.563872,1.545415],[-75.56391,1.545404],[-75.563948,1.545392],[-75.563979,1.545381],[-75.564017,1.545358],[-75.564047,1.54534],[-75.564108,1.545317],[-75.564162,1.545318],[-75.564208,1.545329],[-75.564246,1.545335],[-75.564276,1.545352],[-75.564367,1.545398],[-75.564443,1.545427],[-75.564489,1.545444],[-75.564582,1.545473],[-75.564634,1.545496],[-75.564726,1.54553],[-75.564849,1.545594],[-75.56494,1.545651],[-75.565024,1.545697],[-75.565062,1.545732],[-75.565191,1.545801],[-75.565229,1.545842],[-75.565283,1.545892],[-75.565359,1.545973],[-75.565413,1.546036],[-75.565482,1.546122],[-75.565534,1.546185],[-75.565566,1.546225],[-75.565626,1.546294],[-75.565665,1.546358],[-75.56571,1.546473],[-75.565733,1.546519],[-75.565756,1.546593],[-75.565787,1.546668],[-75.565817,1.546766],[-75.565871,1.546852],[-75.565901,1.546909],[-75.565939,1.546933],[-75.565955,1.546973],[-75.565977,1.547047],[-75.566008,1.547156],[-75.566084,1.547254],[-75.56613,1.547323],[-75.566184,1.547386],[-75.566268,1.54749],[-75.566306,1.547581],[-75.566328,1.547633],[-75.566351,1.547691],[-75.566382,1.547765],[-75.566405,1.547828],[-75.56642,1.547903],[-75.566458,1.54807],[-75.566473,1.548167],[-75.566488,1.5483],[-75.566504,1.548438],[-75.56652,1.548656],[-75.566526,1.548753],[-75.566542,1.548896],[-75.566572,1.548994],[-75.566596,1.549086],[-75.566656,1.549259],[-75.566687,1.549316],[-75.566718,1.549402],[-75.56674,1.549471],[-75.566756,1.549523],[-75.566764,1.549557],[-75.566786,1.549626],[-75.566817,1.549689],[-75.566832,1.549763],[-75.56687,1.549872],[-75.566901,1.549919],[-75.566916,1.54997],[-75.566962,1.550097],[-75.566985,1.550166],[-75.566992,1.550212],[-75.567015,1.550315],[-75.567061,1.550435],[-75.567121,1.550544],[-75.567199,1.550659],[-75.567267,1.550757],[-75.567336,1.550844],[-75.567412,1.550987],[-75.567442,1.551067],[-75.567466,1.551124],[-75.567466,1.551181],[-75.56745,1.551245],[-75.56745,1.551314],[-75.567427,1.5514],[-75.567419,1.551435],[-75.567389,1.551486],[-75.567359,1.55152],[-75.567335,1.551555],[-75.56732,1.551602],[-75.567297,1.551641],[-75.567274,1.551676],[-75.567266,1.55171],[-75.567252,1.55175],[-75.567244,1.551796],[-75.567244,1.551865],[-75.56726,1.551945],[-75.567282,1.55198],[-75.567282,1.552071],[-75.567274,1.552123],[-75.567267,1.552187],[-75.567251,1.552267],[-75.567237,1.552347],[-75.567221,1.552445],[-75.567221,1.552611],[-75.567206,1.552657],[-75.567206,1.552703],[-75.567213,1.552754],[-75.567229,1.552789],[-75.567251,1.552823],[-75.567289,1.55284],[-75.567321,1.552852],[-75.567359,1.552875],[-75.567381,1.552881],[-75.567419,1.552887],[-75.56745,1.552892],[-75.567488,1.552904],[-75.567526,1.55291],[-75.567556,1.55291],[-75.567595,1.552921],[-75.567625,1.552939],[-75.567656,1.552956],[-75.567695,1.552961],[-75.567725,1.552967],[-75.567763,1.552978],[-75.567793,1.55299],[-75.567839,1.553007],[-75.567862,1.553042],[-75.567885,1.553076],[-75.567885,1.553145],[-75.567877,1.55318],[-75.567847,1.553214],[-75.567817,1.553243],[-75.567779,1.55326],[-75.567747,1.553294],[-75.567725,1.553334],[-75.567732,1.553369],[-75.567732,1.553403],[-75.56774,1.553438],[-75.567763,1.553472],[-75.567793,1.55349],[-75.567831,1.553501],[-75.567869,1.553519],[-75.5679,1.553524],[-75.567931,1.553536],[-75.567961,1.553541],[-75.568,1.55357],[-75.56803,1.553599],[-75.568052,1.553633],[-75.568098,1.553702],[-75.568114,1.553743],[-75.568136,1.553794],[-75.568144,1.55384],[-75.56816,1.553891],[-75.56816,1.553943],[-75.568168,1.553983],[-75.568182,1.554018],[-75.568182,1.554247],[-75.568198,1.554328],[-75.568206,1.554413],[-75.568228,1.5545],[-75.568251,1.554603],[-75.568251,1.554717],[-75.568282,1.554804],[-75.56832,1.554902],[-75.568366,1.555062],[-75.568388,1.555183],[-75.568396,1.555246],[-75.568411,1.555349],[-75.568434,1.555413],[-75.568457,1.555464],[-75.56848,1.555516],[-75.568502,1.55555],[-75.56854,1.555573],[-75.568594,1.555602],[-75.56864,1.555625],[-75.568679,1.555642],[-75.568747,1.555682],[-75.568801,1.5557],[-75.568831,1.555723],[-75.568915,1.555768],[-75.56896,1.555797],[-75.569022,1.555814],[-75.569083,1.555843],[-75.569121,1.555866],[-75.569167,1.555901],[-75.569197,1.555946],[-75.569235,1.555987],[-75.569251,1.556021],[-75.569281,1.556067],[-75.569304,1.556102],[-75.569319,1.556136],[-75.569342,1.556177],[-75.569365,1.556245],[-75.569373,1.556285],[-75.56938,1.55632],[-75.56938,1.556354],[-75.569396,1.556417],[-75.569411,1.556521],[-75.569411,1.556664],[-75.569419,1.556721],[-75.569419,1.556796],[-75.569411,1.556882],[-75.569411,1.557095],[-75.569419,1.557181],[-75.569419,1.557221],[-75.569449,1.557273],[-75.569487,1.557376],[-75.569517,1.557411],[-75.569555,1.557433],[-75.569624,1.557433],[-75.569662,1.557428],[-75.569754,1.557427],[-75.569815,1.557417],[-75.569953,1.557417],[-75.570029,1.557468],[-75.57009,1.557497],[-75.570166,1.55752],[-75.570204,1.557537],[-75.570235,1.55756],[-75.570273,1.557606],[-75.570281,1.557641],[-75.570303,1.557675],[-75.570303,1.557743],[-75.570296,1.557778],[-75.57028,1.557847],[-75.57028,1.557893],[-75.570273,1.55795],[-75.570272,1.558019],[-75.570288,1.558088],[-75.570304,1.558123],[-75.570342,1.55814],[-75.570441,1.55814],[-75.570479,1.558146],[-75.570509,1.558163],[-75.570547,1.558169],[-75.570578,1.55818],[-75.570608,1.558215],[-75.570624,1.558249],[-75.570624,1.558318],[-75.570609,1.558353],[-75.570585,1.558456],[-75.570555,1.558496],[-75.570555,1.558531],[-75.570533,1.558566],[-75.570517,1.558599],[-75.570487,1.558634],[-75.570448,1.558662],[-75.570418,1.558674],[-75.570372,1.558685],[-75.570326,1.558686],[-75.570281,1.558697],[-75.570235,1.558697],[-75.570197,1.558703],[-75.570151,1.55872],[-75.57012,1.558748],[-75.570074,1.558772],[-75.570036,1.558789],[-75.570021,1.558818],[-75.569998,1.558852],[-75.569975,1.558886],[-75.569975,1.558955],[-75.569967,1.559018],[-75.569983,1.559052],[-75.569998,1.559099],[-75.570021,1.559139],[-75.570059,1.559173],[-75.570098,1.559202],[-75.570128,1.559225],[-75.570166,1.559242],[-75.570196,1.559259],[-75.570235,1.559265],[-75.570288,1.559265],[-75.570334,1.559277],[-75.570365,1.559283],[-75.570403,1.559317],[-75.570403,1.559352],[-75.570387,1.559386],[-75.570379,1.559421],[-75.570379,1.55953],[-75.570357,1.559564],[-75.570342,1.55961],[-75.570326,1.559644],[-75.570326,1.559684],[-75.570311,1.559719],[-75.570296,1.559765],[-75.570273,1.559788],[-75.57025,1.559724],[-75.570227,1.55977],[-75.570204,1.559805],[-75.570181,1.559839],[-75.570151,1.55989],[-75.570143,1.559931],[-75.570121,1.559966],[-75.570113,1.560005],[-75.57009,1.56004],[-75.570082,1.560075],[-75.570052,1.560109],[-75.570044,1.560144],[-75.570022,1.560178],[-75.570006,1.560236],[-75.569998,1.56027],[-75.569976,1.560316],[-75.569937,1.560408],[-75.569907,1.560471],[-75.569891,1.560511],[-75.569869,1.560568],[-75.569846,1.560614],[-75.569823,1.560649],[-75.569792,1.560689],[-75.569754,1.560699],[-75.569724,1.5607],[-75.569571,1.5607],[-75.569502,1.5607],[-75.569464,1.5607],[-75.569434,1.560688],[-75.569396,1.560678],[-75.569366,1.560665],[-75.569319,1.560665],[-75.569289,1.560666],[-75.569251,1.560672],[-75.56922,1.560688],[-75.569189,1.560711],[-75.569144,1.56078],[-75.569128,1.560815],[-75.569106,1.560849],[-75.56909,1.560884],[-75.56909,1.560998],[-75.56912,1.561033],[-75.569159,1.561038],[-75.569182,1.56105],[-75.569235,1.561056],[-75.569281,1.561067],[-75.569311,1.561073],[-75.569357,1.561084],[-75.569411,1.561091],[-75.569456,1.561108],[-75.569502,1.561125],[-75.569571,1.561142],[-75.569609,1.56116],[-75.569647,1.561165],[-75.569685,1.561182],[-75.569731,1.561211],[-75.569761,1.561241],[-75.5698,1.56128],[-75.5698,1.561349],[-75.569785,1.561383],[-75.569769,1.561429],[-75.569761,1.561469],[-75.569739,1.561504],[-75.569709,1.561515],[-75.569525,1.561515],[-75.569487,1.561521],[-75.569457,1.561521],[-75.569419,1.561515],[-75.569387,1.561521],[-75.569349,1.561527],[-75.569304,1.561596],[-75.569304,1.561665],[-75.569327,1.561699],[-75.56935,1.561734],[-75.56938,1.561763],[-75.569419,1.561785],[-75.569449,1.561814],[-75.569487,1.561848],[-75.569533,1.561882],[-75.569571,1.561911],[-75.569602,1.561951],[-75.569624,1.561991],[-75.569655,1.562049],[-75.569655,1.562084],[-75.569647,1.562129],[-75.56964,1.562169],[-75.569609,1.56221],[-75.569601,1.56225],[-75.569563,1.562285],[-75.56951,1.562313],[-75.569472,1.562342],[-75.569418,1.562382],[-75.569372,1.562439],[-75.569334,1.562485],[-75.569281,1.562536],[-75.569259,1.562571],[-75.569243,1.562605],[-75.569212,1.562663],[-75.569174,1.562726],[-75.569152,1.562772],[-75.569128,1.562841],[-75.569106,1.562893],[-75.56909,1.563018],[-75.56909,1.563076],[-75.569083,1.563127],[-75.569075,1.563236],[-75.569059,1.563334],[-75.569059,1.563426],[-75.56906,1.56346],[-75.569067,1.563506],[-75.569067,1.563563],[-75.569083,1.563597],[-75.569121,1.563603],[-75.569151,1.563615],[-75.569189,1.563626],[-75.56922,1.563632],[-75.569258,1.563638],[-75.569296,1.563655],[-75.56935,1.563661],[-75.56938,1.563661],[-75.569472,1.563667],[-75.569579,1.563667],[-75.569655,1.563678],[-75.569693,1.563678],[-75.569738,1.563695],[-75.569792,1.563708],[-75.569815,1.563741],[-75.569853,1.56377],[-75.569884,1.563816],[-75.569891,1.563851],[-75.569884,1.563919],[-75.569884,1.564086],[-75.569868,1.564137],[-75.56986,1.564171],[-75.569838,1.564229],[-75.569815,1.564275],[-75.569785,1.564326],[-75.569723,1.564406],[-75.569693,1.564463],[-75.569663,1.564497],[-75.569617,1.564549],[-75.569594,1.564584],[-75.569564,1.564618],[-75.569533,1.564652],[-75.569502,1.564709],[-75.569495,1.56475],[-75.569479,1.564801],[-75.569479,1.564841],[-75.569487,1.564893],[-75.56951,1.564961],[-75.569525,1.564996],[-75.569548,1.565036],[-75.569579,1.56507],[-75.569594,1.565105],[-75.569601,1.565139],[-75.569617,1.565202],[-75.569617,1.565437],[-75.569593,1.565551],[-75.569563,1.56566],[-75.569533,1.565745],[-75.56951,1.565797],[-75.569494,1.565866],[-75.569472,1.565917],[-75.569456,1.565986],[-75.569434,1.566026],[-75.569381,1.566146],[-75.569349,1.566209],[-75.569335,1.566306],[-75.569327,1.566392],[-75.569319,1.566461],[-75.569319,1.56653],[-75.569326,1.566627],[-75.569334,1.566776],[-75.569342,1.566873],[-75.569342,1.567251],[-75.569365,1.567429],[-75.569395,1.567543],[-75.569457,1.567767],[-75.569479,1.567876],[-75.569517,1.568008],[-75.569548,1.568082],[-75.569579,1.568174],[-75.569601,1.5683],[-75.569624,1.568392],[-75.569647,1.568455],[-75.56967,1.568507],[-75.569693,1.568553],[-75.569716,1.568627],[-75.569716,1.568667],[-75.569746,1.568725],[-75.569754,1.568811],[-75.569754,1.569023],[-75.569739,1.569057],[-75.569715,1.569092],[-75.569677,1.569126],[-75.569632,1.56916],[-75.569609,1.569194],[-75.56957,1.569212],[-75.56954,1.569246],[-75.569518,1.569315],[-75.569518,1.569389],[-75.569525,1.569429],[-75.56954,1.569464],[-75.569548,1.569498],[-75.569586,1.569556],[-75.56961,1.56959],[-75.56964,1.569625],[-75.569678,1.569643],[-75.569739,1.569643],[-75.569807,1.569631],[-75.569853,1.569608],[-75.569884,1.569597],[-75.569945,1.569592],[-75.569998,1.569569],[-75.570036,1.569546],[-75.57009,1.569506],[-75.570151,1.569489],[-75.570181,1.569472],[-75.570296,1.569438],[-75.570402,1.56941],[-75.570571,1.569353],[-75.570692,1.569313],[-75.570875,1.569228],[-75.570998,1.569164],[-75.571112,1.569114],[-75.571235,1.56908],[-75.571432,1.569034],[-75.571569,1.569012],[-75.571715,1.569012],[-75.571791,1.569013],[-75.571867,1.569013],[-75.571982,1.569019],[-75.572074,1.569019],[-75.572158,1.569026],[-75.572241,1.569026],[-75.572341,1.569014],[-75.572409,1.569009],[-75.572462,1.569003],[-75.572524,1.568975],[-75.5726,1.568929],[-75.572677,1.568883],[-75.572768,1.568821],[-75.572836,1.568792],[-75.57289,1.568746],[-75.572928,1.568719],[-75.572959,1.568701],[-75.573019,1.568701],[-75.573088,1.568707],[-75.573134,1.568713],[-75.57318,1.56873],[-75.573218,1.56873],[-75.573256,1.568747],[-75.573325,1.56876],[-75.573417,1.5688],[-75.573546,1.568841],[-75.573584,1.568858],[-75.573721,1.568887],[-75.573767,1.568916],[-75.573829,1.568979],[-75.573897,1.569083],[-75.573981,1.569169],[-75.574019,1.569238],[-75.574088,1.569353],[-75.574148,1.569417],[-75.57421,1.569475],[-75.574225,1.569521],[-75.574271,1.569561],[-75.57437,1.569607],[-75.574439,1.569613],[-75.574606,1.569613],[-75.57479,1.569608],[-75.574866,1.569591],[-75.575011,1.569546],[-75.575079,1.569535],[-75.575194,1.569535],[-75.575316,1.569541],[-75.575385,1.569547],[-75.575499,1.569559],[-75.575622,1.569582],[-75.575713,1.569594],[-75.575819,1.569617],[-75.575896,1.569646],[-75.576003,1.569704],[-75.576178,1.569813],[-75.576263,1.56986],[-75.576392,1.569929],[-75.576492,1.569958],[-75.576583,1.569981],[-75.576667,1.569993],[-75.57685,1.570029],[-75.576979,1.570091],[-75.577109,1.570218],[-75.577163,1.570293],[-75.5773,1.570471],[-75.577338,1.570528],[-75.577398,1.570637],[-75.577452,1.570706],[-75.577514,1.570793],[-75.57759,1.570931],[-75.577621,1.571],[-75.577673,1.571086],[-75.577727,1.571143],[-75.57775,1.571178],[-75.577788,1.571195],[-75.577849,1.571212],[-75.577894,1.571212],[-75.577964,1.571218],[-75.578009,1.571218],[-75.578063,1.571201],[-75.578131,1.571173],[-75.5782,1.571144],[-75.578292,1.571086],[-75.578399,1.571017],[-75.578445,1.570983],[-75.57849,1.57096],[-75.578574,1.570885],[-75.578665,1.570822],[-75.578773,1.570736],[-75.578818,1.570724],[-75.578918,1.570673],[-75.578963,1.570633],[-75.579031,1.57061],[-75.579069,1.570581],[-75.579131,1.570552],[-75.579169,1.570541],[-75.579868,1.569702],[-75.580705,1.569113],[-75.580939,1.56929],[-75.581061,1.569399],[-75.581191,1.569502],[-75.581351,1.569698],[-75.581352,1.569945],[-75.581321,1.57037],[-75.581283,1.570628],[-75.581274,1.571031],[-75.581275,1.571502],[-75.581237,1.571823],[-75.58113,1.572116],[-75.581077,1.57238],[-75.580993,1.572714],[-75.580924,1.572852],[-75.580863,1.573047],[-75.580825,1.573231],[-75.580817,1.573708],[-75.580764,1.573851],[-75.580634,1.574063],[-75.580496,1.574253],[-75.580298,1.574425],[-75.580061,1.574574],[-75.579856,1.574689],[-75.579657,1.574816],[-75.579322,1.57516],[-75.579177,1.575401],[-75.579024,1.575734],[-75.578887,1.576039],[-75.578757,1.576183],[-75.578575,1.576383],[-75.578498,1.576377],[-75.578299,1.576326],[-75.577887,1.576423],[-75.577529,1.576756],[-75.577392,1.576779],[-75.577269,1.576773],[-75.577056,1.576882],[-75.576849,1.577047],[-75.576704,1.577139],[-75.576507,1.577127],[-75.576384,1.577104],[-75.576185,1.577178],[-75.575964,1.577183],[-75.575781,1.577131],[-75.575621,1.577073],[-75.575492,1.577062],[-75.575316,1.577141],[-75.575133,1.577198],[-75.574866,1.577168],[-75.574599,1.577162],[-75.574287,1.577161],[-75.573271,1.577405],[-75.572783,1.577599],[-75.572417,1.577753],[-75.572012,1.577832],[-75.571654,1.57801],[-75.571463,1.578159],[-75.571288,1.578227],[-75.571135,1.578256],[-75.570952,1.578289],[-75.570829,1.578393],[-75.5707,1.578473],[-75.570349,1.578432],[-75.570067,1.578236],[-75.56983,1.577976],[-75.569639,1.577843],[-75.569487,1.577838],[-75.569296,1.57798],[-75.569213,1.578211],[-75.569243,1.578384],[-75.56909,1.578562],[-75.568961,1.578585],[-75.568762,1.578516],[-75.56838,1.578572],[-75.568267,1.578884],[-75.56829,1.579518],[-75.568297,1.579812],[-75.568289,1.580054],[-75.568182,1.58037],[-75.567846,1.580635],[-75.567504,1.580928],[-75.567321,1.581089],[-75.567114,1.581245],[-75.566916,1.581371],[-75.566848,1.581469],[-75.566809,1.581544],[-75.566546,1.581748],[-75.565884,1.581661],[-75.565135,1.581732],[-75.564439,1.581872],[-75.563847,1.582434],[-75.563621,1.583398],[-75.563536,1.584674],[-75.563536,1.584718],[-75.563459,1.584787],[-75.563413,1.584902],[-75.563407,1.584976],[-75.563391,1.585063],[-75.56336,1.585235],[-75.563346,1.585396],[-75.563345,1.58554],[-75.563338,1.585718],[-75.56333,1.585856],[-75.563299,1.586],[-75.563285,1.586114],[-75.563246,1.586223],[-75.563185,1.586321],[-75.563184,1.586442],[-75.563162,1.586545],[-75.562964,1.586884],[-75.562865,1.587034],[-75.562658,1.587246],[-75.562537,1.587385],[-75.562392,1.587522],[-75.5623,1.587591],[-75.562223,1.58766],[-75.562086,1.587724],[-75.561598,1.587845],[-75.561407,1.587949],[-75.561239,1.588058],[-75.56111,1.588161],[-75.560927,1.588317],[-75.560736,1.588403],[-75.560583,1.588461],[-75.560316,1.588564],[-75.560187,1.588599],[-75.559935,1.588736],[-75.55982,1.588748],[-75.55966,1.58876],[-75.559469,1.588709],[-75.559394,1.588665],[-75.559256,1.588582],[-75.559226,1.588569],[-75.559168,1.588543],[-75.559279,1.588383],[-75.559207,1.588123],[-75.55882,1.588012],[-75.558738,1.588159],[-75.558717,1.588198],[-75.558636,1.588344],[-75.558221,1.588151],[-75.557964,1.588032],[-75.557783,1.587926],[-75.557733,1.587897],[-75.557326,1.587658],[-75.557413,1.587491],[-75.557526,1.587274],[-75.557701,1.586941],[-75.558167,1.586718],[-75.558242,1.586682],[-75.558292,1.586581],[-75.558109,1.586514],[-75.55754,1.586305],[-75.557616,1.586082],[-75.557711,1.585827],[-75.557488,1.585805],[-75.557266,1.585775],[-75.557022,1.585746],[-75.556757,1.585737],[-75.556558,1.585769],[-75.556363,1.585817],[-75.556217,1.58583],[-75.556124,1.585806],[-75.556138,1.585539],[-75.556158,1.585431],[-75.556174,1.585374],[-75.556242,1.585184],[-75.556311,1.585035],[-75.556379,1.584908],[-75.556426,1.584815],[-75.556509,1.584655],[-75.556563,1.584598],[-75.556631,1.584466],[-75.556716,1.584362],[-75.556807,1.584253],[-75.55689,1.58412],[-75.556967,1.584034],[-75.556998,1.583971],[-75.557089,1.58389],[-75.557188,1.583769],[-75.557302,1.583661],[-75.557402,1.583545],[-75.557524,1.583436],[-75.557584,1.583333],[-75.557699,1.583241],[-75.557829,1.583131],[-75.557943,1.583034],[-75.558019,1.582965],[-75.558675,1.582567],[-75.558822,1.582395],[-75.558882,1.582315],[-75.558951,1.582251],[-75.559057,1.58209],[-75.559118,1.581958],[-75.559171,1.581838],[-75.559225,1.581608],[-75.559225,1.581464],[-75.559188,1.580809],[-75.559141,1.580608],[-75.559087,1.580448],[-75.559042,1.580264],[-75.559004,1.580103],[-75.558775,1.579712],[-75.558691,1.579546],[-75.558561,1.579362],[-75.558454,1.579236],[-75.55834,1.579139],[-75.558165,1.579023],[-75.557952,1.578857],[-75.557721,1.578673],[-75.557562,1.578582],[-75.557349,1.578432],[-75.557134,1.578266],[-75.556891,1.578094],[-75.556723,1.577991],[-75.556524,1.57783],[-75.556341,1.577646],[-75.55567,1.577153],[-75.555243,1.576705],[-75.554899,1.576304],[-75.554793,1.576097],[-75.554738,1.575844],[-75.554616,1.575562],[-75.554579,1.575397],[-75.554533,1.575149],[-75.554045,1.574569],[-75.553984,1.574535],[-75.553823,1.574443],[-75.553755,1.574363],[-75.553663,1.574282],[-75.553504,1.574156],[-75.553412,1.574087],[-75.553319,1.574042],[-75.553191,1.573984],[-75.553046,1.573916],[-75.552924,1.573853],[-75.55261,1.573773],[-75.552305,1.57368],[-75.552137,1.573623],[-75.551939,1.573554],[-75.55174,1.57352],[-75.551589,1.573508],[-75.551038,1.573371],[-75.550863,1.573308],[-75.550687,1.573239],[-75.550443,1.573182],[-75.550238,1.573113],[-75.550116,1.573021],[-75.549977,1.572918],[-75.549832,1.572798],[-75.549734,1.572694],[-75.549551,1.572567],[-75.54939,1.572476],[-75.5492,1.572315],[-75.54907,1.572218],[-75.548948,1.572126],[-75.548872,1.572029],[-75.548772,1.571868],[-75.54868,1.571759],[-75.548544,1.571604],[-75.548391,1.571374],[-75.548262,1.571179],[-75.548064,1.570863],[-75.547559,1.569754],[-75.547475,1.56952],[-75.547376,1.569152],[-75.547354,1.568745],[-75.547338,1.568474],[-75.547323,1.56821],[-75.547292,1.567923],[-75.547247,1.56771],[-75.547193,1.567445],[-75.547125,1.567181],[-75.546911,1.566572],[-75.546805,1.566423],[-75.546712,1.566366],[-75.546521,1.566309],[-75.545728,1.56628],[-75.545637,1.566298],[-75.545552,1.566315],[-75.54543,1.566384],[-75.545225,1.566516],[-75.545103,1.566603],[-75.54498,1.566678],[-75.544736,1.566793],[-75.544492,1.56689],[-75.544279,1.566994],[-75.544073,1.567109],[-75.543272,1.567672],[-75.543058,1.567783],[-75.54228,1.568306],[-75.542142,1.568346],[-75.541936,1.568415],[-75.541791,1.56849],[-75.54157,1.568571],[-75.541311,1.568594],[-75.540999,1.56856],[-75.540625,1.568583],[-75.540464,1.568571],[-75.540311,1.568537],[-75.540197,1.56848],[-75.53999,1.568377],[-75.539861,1.568342],[-75.539701,1.568319],[-75.539579,1.568274],[-75.539434,1.568256],[-75.53932,1.568187],[-75.539251,1.568141],[-75.539182,1.568085],[-75.539098,1.567987],[-75.539007,1.567906],[-75.538901,1.56782],[-75.538831,1.56774],[-75.538717,1.567596],[-75.538632,1.567447],[-75.53861,1.567332],[-75.53861,1.567143],[-75.538625,1.567016],[-75.538633,1.566861],[-75.538663,1.566689],[-75.538694,1.566643],[-75.53877,1.566454],[-75.538816,1.566275],[-75.538877,1.566085],[-75.53906,1.565913],[-75.539281,1.565711],[-75.539579,1.565458],[-75.539868,1.565314],[-75.540165,1.565251],[-75.540364,1.565159],[-75.540609,1.564998],[-75.540753,1.564802],[-75.540853,1.564705],[-75.540906,1.564613],[-75.540906,1.564452],[-75.540792,1.564062],[-75.540701,1.563769],[-75.540517,1.563384],[-75.540487,1.563298],[-75.540173,1.562505],[-75.540036,1.562149],[-75.539784,1.561707],[-75.539411,1.561064],[-75.538969,1.560323],[-75.538594,1.559755],[-75.53816,1.559485],[-75.537992,1.559296],[-75.537839,1.559146],[-75.537694,1.559008],[-75.53761,1.558951],[-75.537534,1.558864],[-75.537435,1.558767],[-75.537282,1.558687],[-75.53716,1.558584],[-75.536848,1.558441],[-75.536565,1.558286],[-75.53623,1.558141],[-75.535345,1.557792],[-75.535162,1.557661],[-75.534925,1.557465],[-75.534727,1.557305],[-75.534108,1.556748],[-75.53362,1.556461],[-75.533513,1.556381],[-75.533399,1.556261],[-75.532407,1.555934],[-75.532231,1.555963],[-75.531529,1.556159]]]},"properties":{"nombre_ver":"LA TURBIA ARRIBA","codigo_ver":"18001043","nomb_mpio":"FLORENCIA","nom_dep":"CAQUETÁ","area_ha":1871.04,"meta_ae":1649,"meta_fb":156,"anio":2030}},{"type":"Feature","geometry":{"type":"Polygon","coordinates":[[[-75.672113,1.560956],[-75.672126,1.560942],[-75.672172,1.560902],[-75.672203,1.560861],[-75.672263,1.560804],[-75.672295,1.560769],[-75.672355,1.560723],[-75.672386,1.5607],[-75.672416,1.560666],[-75.67244,1.560632],[-75.672485,1.560591],[-75.672516,1.560562],[-75.672561,1.560528],[-75.672599,1.560493],[-75.672638,1.560471],[-75.672698,1.560396],[-75.67276,1.560339],[-75.672829,1.560275],[-75.672889,1.560223],[-75.672958,1.560114],[-75.673072,1.559931],[-75.673119,1.559833],[-75.673157,1.559787],[-75.67321,1.55973],[-75.673271,1.559643],[-75.673347,1.55954],[-75.673423,1.559482],[-75.67353,1.559362],[-75.673606,1.55931],[-75.673706,1.55919],[-75.673805,1.55904],[-75.673858,1.558983],[-75.673934,1.558851],[-75.673981,1.558765],[-75.674019,1.558701],[-75.674095,1.558621],[-75.674156,1.558552],[-75.674232,1.558443],[-75.674271,1.558386],[-75.674362,1.558248],[-75.6744,1.558196],[-75.674468,1.558121],[-75.674514,1.558035],[-75.674545,1.557989],[-75.674568,1.557938],[-75.674591,1.557858],[-75.674607,1.557794],[-75.674629,1.557742],[-75.674644,1.557691],[-75.674652,1.557656],[-75.674675,1.557582],[-75.67469,1.557547],[-75.674712,1.557501],[-75.67472,1.557461],[-75.674751,1.557427],[-75.674789,1.557369],[-75.674813,1.557334],[-75.674851,1.557306],[-75.674865,1.557271],[-75.674873,1.557254],[-75.674911,1.557208],[-75.674934,1.557174],[-75.674942,1.55714],[-75.674972,1.557105],[-75.67501,1.557064],[-75.675079,1.556961],[-75.675117,1.556892],[-75.675147,1.556841],[-75.675171,1.556801],[-75.675186,1.556766],[-75.675216,1.556737],[-75.675248,1.556669],[-75.675262,1.556634],[-75.675278,1.5566],[-75.675308,1.556571],[-75.675323,1.556535],[-75.675339,1.556501],[-75.675377,1.556435],[-75.675399,1.556399],[-75.675415,1.556369],[-75.67543,1.556334],[-75.675438,1.556319],[-75.675461,1.556272],[-75.675492,1.556232],[-75.675514,1.556197],[-75.67556,1.55606],[-75.675575,1.556008],[-75.675591,1.555962],[-75.675598,1.555927],[-75.675621,1.555864],[-75.675659,1.55579],[-75.675689,1.555744],[-75.675705,1.555709],[-75.675728,1.555675],[-75.675758,1.555629],[-75.675796,1.555589],[-75.675819,1.555554],[-75.675842,1.55552],[-75.675865,1.555485],[-75.675888,1.555439],[-75.675911,1.555376],[-75.675933,1.555325],[-75.675987,1.555227],[-75.676026,1.555158],[-75.676071,1.555043],[-75.676117,1.554946],[-75.676147,1.554899],[-75.676163,1.554836],[-75.676193,1.55479],[-75.676224,1.554716],[-75.676239,1.554676],[-75.676246,1.554641],[-75.676246,1.554601],[-75.67627,1.554566],[-75.676292,1.554532],[-75.676308,1.554491],[-75.676338,1.554444],[-75.676346,1.554383],[-75.676353,1.554348],[-75.676384,1.554314],[-75.676415,1.554245],[-75.676445,1.554176],[-75.676483,1.554078],[-75.676506,1.554009],[-75.676528,1.553935],[-75.67656,1.553849],[-75.676567,1.553814],[-75.676582,1.553762],[-75.676605,1.553705],[-75.676621,1.553642],[-75.676635,1.553601],[-75.676643,1.553567],[-75.676659,1.553532],[-75.676674,1.553498],[-75.676681,1.553463],[-75.676689,1.553429],[-75.676689,1.553394],[-75.676766,1.553446],[-75.676766,1.5534],[-75.676826,1.553274],[-75.676857,1.553217],[-75.676887,1.553131],[-75.676918,1.553044],[-75.676948,1.552953],[-75.676964,1.552889],[-75.676986,1.552815],[-75.676994,1.552769],[-75.67701,1.5527],[-75.677024,1.552636],[-75.677032,1.552591],[-75.677032,1.552527],[-75.67704,1.552476],[-75.677055,1.552349],[-75.677071,1.552246],[-75.677079,1.552183],[-75.677093,1.552102],[-75.677101,1.552068],[-75.677116,1.552028],[-75.677132,1.551993],[-75.677139,1.551941],[-75.677162,1.551901],[-75.677178,1.55185],[-75.6772,1.551815],[-75.677216,1.551781],[-75.677246,1.551747],[-75.677261,1.551712],[-75.677299,1.551678],[-75.677329,1.551654],[-75.677361,1.551631],[-75.677414,1.551614],[-75.677444,1.551614],[-75.677482,1.551603],[-75.677513,1.551597],[-75.677651,1.551597],[-75.677681,1.551591],[-75.677719,1.551586],[-75.67775,1.551585],[-75.67778,1.551597],[-75.677818,1.551609],[-75.677848,1.551609],[-75.67791,1.55166],[-75.67794,1.551694],[-75.677978,1.551729],[-75.677981,1.55173],[-75.678093,1.551764],[-75.678154,1.551798],[-75.678215,1.551821],[-75.678284,1.551855],[-75.678383,1.551913],[-75.678429,1.551947],[-75.678521,1.551993],[-75.678573,1.552028],[-75.678619,1.552079],[-75.678658,1.552102],[-75.678726,1.552126],[-75.678802,1.55216],[-75.678848,1.5522],[-75.678955,1.552257],[-75.67907,1.552315],[-75.679199,1.552372],[-75.679283,1.552407],[-75.679428,1.552458],[-75.67952,1.552482],[-75.679642,1.552527],[-75.679733,1.55255],[-75.679863,1.552602],[-75.679962,1.552648],[-75.680008,1.552665],[-75.680145,1.552711],[-75.680229,1.552734],[-75.680314,1.552774],[-75.68042,1.552786],[-75.680458,1.552786],[-75.680519,1.552797],[-75.68058,1.552809],[-75.680687,1.552843],[-75.680764,1.552872],[-75.680855,1.552906],[-75.680909,1.552929],[-75.681084,1.553027],[-75.68116,1.55305],[-75.681244,1.553078],[-75.681275,1.553101],[-75.681351,1.553147],[-75.681404,1.553205],[-75.681488,1.553251],[-75.68155,1.553274],[-75.681626,1.553308],[-75.681702,1.553366],[-75.681823,1.553435],[-75.682022,1.553538],[-75.682121,1.553584],[-75.682235,1.553635],[-75.682282,1.553636],[-75.68235,1.553659],[-75.682412,1.553681],[-75.68248,1.553716],[-75.682609,1.553739],[-75.682686,1.553756],[-75.682732,1.553756],[-75.682792,1.553779],[-75.682877,1.553791],[-75.682991,1.553825],[-75.683045,1.553837],[-75.68309,1.553859],[-75.68316,1.553888],[-75.683258,1.553923],[-75.683319,1.553934],[-75.683365,1.553957],[-75.683479,1.554014],[-75.683578,1.554026],[-75.683662,1.554066],[-75.683815,1.5541],[-75.683914,1.554124],[-75.684059,1.554158],[-75.684167,1.554198],[-75.684235,1.55421],[-75.684273,1.554221],[-75.684342,1.554232],[-75.684479,1.554244],[-75.684541,1.554256],[-75.684624,1.554284],[-75.684708,1.554296],[-75.684814,1.554307],[-75.684921,1.554307],[-75.685036,1.554324],[-75.685325,1.554325],[-75.685364,1.554336],[-75.685395,1.554347],[-75.68547,1.554347],[-75.685502,1.554342],[-75.685532,1.554353],[-75.68557,1.554336],[-75.685601,1.55433],[-75.685685,1.55433],[-75.685723,1.554324],[-75.685768,1.554324],[-75.685822,1.554313],[-75.685876,1.554307],[-75.685959,1.554301],[-75.686089,1.55429],[-75.68615,1.554273],[-75.686218,1.554261],[-75.686325,1.554238],[-75.686409,1.554226],[-75.686508,1.554204],[-75.686562,1.554175],[-75.686699,1.554123],[-75.686799,1.554083],[-75.686882,1.554049],[-75.687019,1.554008],[-75.687111,1.553974],[-75.687294,1.553928],[-75.687401,1.553893],[-75.687546,1.553842],[-75.687759,1.553773],[-75.687836,1.553738],[-75.68792,1.553698],[-75.688019,1.553652],[-75.688081,1.553624],[-75.688141,1.553612],[-75.688233,1.553577],[-75.688332,1.553555],[-75.688416,1.553537],[-75.688499,1.553509],[-75.68863,1.553457],[-75.688767,1.553411],[-75.688873,1.553377],[-75.689018,1.55333],[-75.68911,1.553291],[-75.689316,1.553198],[-75.689469,1.553153],[-75.689674,1.553101],[-75.689774,1.553072],[-75.689942,1.553015],[-75.690125,1.552951],[-75.6903,1.552894],[-75.690453,1.552836],[-75.690567,1.552802],[-75.690712,1.552768],[-75.690758,1.552768],[-75.690835,1.552739],[-75.690895,1.552716],[-75.690933,1.552704],[-75.690964,1.552693],[-75.691002,1.552664],[-75.691109,1.552612],[-75.691231,1.552555],[-75.691406,1.552492],[-75.691537,1.552462],[-75.691689,1.552429],[-75.691734,1.552423],[-75.691841,1.5524],[-75.691979,1.55236],[-75.692116,1.552291],[-75.692162,1.552262],[-75.692277,1.55225],[-75.692322,1.55225],[-75.692383,1.552245],[-75.69243,1.552233],[-75.692574,1.552204],[-75.692665,1.552187],[-75.692764,1.552169],[-75.692818,1.552164],[-75.692864,1.552124],[-75.692917,1.552095],[-75.692979,1.552078],[-75.693017,1.552072],[-75.693055,1.552049],[-75.693093,1.552021],[-75.693124,1.552003],[-75.693162,1.552009],[-75.693245,1.552009],[-75.693321,1.551998],[-75.69336,1.551975],[-75.693398,1.551957],[-75.693436,1.551935],[-75.69349,1.551906],[-75.693551,1.551871],[-75.693581,1.551865],[-75.693619,1.551865],[-75.693649,1.551848],[-75.693688,1.551837],[-75.693719,1.551808],[-75.693749,1.551802],[-75.693788,1.55178],[-75.693818,1.551773],[-75.693856,1.551768],[-75.693864,1.55173],[-75.693917,1.551705],[-75.693985,1.551676],[-75.694031,1.551659],[-75.694085,1.551647],[-75.694154,1.551647],[-75.694206,1.551636],[-75.694253,1.551636],[-75.694299,1.551625],[-75.694337,1.551618],[-75.694382,1.551613],[-75.694436,1.551607],[-75.694474,1.55159],[-75.69452,1.551584],[-75.694566,1.551567],[-75.694604,1.551561],[-75.694649,1.551544],[-75.694711,1.551515],[-75.694749,1.551498],[-75.694779,1.551481],[-75.694832,1.551469],[-75.694878,1.551458],[-75.694932,1.551446],[-75.694962,1.55144],[-75.695001,1.551435],[-75.695031,1.551418],[-75.695069,1.5514],[-75.695138,1.551404],[-75.695214,1.5514],[-75.695282,1.551371],[-75.695336,1.55136],[-75.695435,1.551331],[-75.695526,1.551314],[-75.695588,1.55129],[-75.695679,1.551262],[-75.695771,1.551234],[-75.695924,1.551176],[-75.695992,1.551153],[-75.696099,1.55113],[-75.696168,1.551107],[-75.696266,1.551078],[-75.696328,1.55105],[-75.696465,1.55101],[-75.696564,1.550986],[-75.69664,1.55097],[-75.696709,1.550952],[-75.696785,1.550929],[-75.696847,1.550912],[-75.6969,1.550889],[-75.696992,1.55086],[-75.697075,1.550843],[-75.697129,1.550826],[-75.697213,1.550803],[-75.697312,1.550768],[-75.697358,1.550745],[-75.697427,1.550723],[-75.697487,1.550711],[-75.697533,1.550688],[-75.697572,1.550671],[-75.697602,1.550659],[-75.697648,1.550636],[-75.697701,1.550625],[-75.69777,1.550619],[-75.697831,1.550613],[-75.697861,1.550602],[-75.697907,1.550584],[-75.697946,1.550584],[-75.698006,1.550573],[-75.698052,1.550556],[-75.69809,1.550544],[-75.698129,1.550527],[-75.698167,1.550521],[-75.698197,1.550516],[-75.698235,1.55051],[-75.698266,1.550504],[-75.698304,1.550493],[-75.698326,1.550487],[-75.69838,1.550429],[-75.698479,1.550377],[-75.698517,1.550343],[-75.698571,1.550315],[-75.698617,1.550292],[-75.69867,1.550263],[-75.698716,1.550252],[-75.698754,1.550228],[-75.698785,1.550206],[-75.698831,1.55016],[-75.698891,1.550108],[-75.698914,1.550067],[-75.69893,1.550022],[-75.698944,1.54997],[-75.69896,1.549924],[-75.699006,1.549866],[-75.699021,1.549832],[-75.699036,1.549797],[-75.699059,1.549763],[-75.699083,1.549729],[-75.699113,1.549694],[-75.699159,1.54966],[-75.699196,1.549631],[-75.69925,1.549586],[-75.699288,1.549556],[-75.699334,1.549522],[-75.699387,1.549499],[-75.699479,1.549476],[-75.699509,1.549459],[-75.69957,1.549441],[-75.699632,1.549419],[-75.6997,1.549401],[-75.699799,1.549378],[-75.699883,1.549373],[-75.699952,1.549344],[-75.699998,1.549326],[-75.700089,1.549309],[-75.700143,1.549304],[-75.700189,1.549292],[-75.700272,1.549275],[-75.700326,1.549258],[-75.70041,1.54924],[-75.700463,1.549234],[-75.700524,1.549223],[-75.700578,1.549218],[-75.700631,1.549189],[-75.70067,1.549177],[-75.700707,1.54916],[-75.700761,1.549143],[-75.700821,1.549137],[-75.700867,1.549119],[-75.700959,1.549079],[-75.701012,1.549056],[-75.701089,1.549022],[-75.701135,1.549005],[-75.701195,1.548982],[-75.701226,1.548964],[-75.70128,1.548947],[-75.70134,1.548913],[-75.701378,1.548895],[-75.701447,1.548855],[-75.701493,1.548821],[-75.701539,1.548792],[-75.7016,1.548746],[-75.70163,1.548712],[-75.701684,1.548689],[-75.701722,1.548671],[-75.701745,1.548643],[-75.701775,1.548609],[-75.701813,1.548574],[-75.701859,1.548539],[-75.701905,1.548511],[-75.701982,1.548448],[-75.702035,1.548385],[-75.702073,1.548344],[-75.702111,1.548304],[-75.702133,1.548264],[-75.702172,1.548207],[-75.702203,1.54812],[-75.702226,1.548057],[-75.702248,1.548006],[-75.702264,1.547965],[-75.702286,1.547913],[-75.702309,1.54785],[-75.702333,1.547787],[-75.702355,1.547747],[-75.702371,1.547695],[-75.702393,1.547632],[-75.702424,1.547574],[-75.702439,1.547506],[-75.702439,1.547471],[-75.702462,1.547437],[-75.702475,1.547413],[-75.7025,1.547431],[-75.702599,1.547488],[-75.702637,1.547523],[-75.702691,1.547551],[-75.702752,1.547586],[-75.702851,1.547621],[-75.702904,1.547632],[-75.702958,1.547643],[-75.702996,1.547655],[-75.703057,1.547678],[-75.703111,1.54769],[-75.70324,1.54773],[-75.703286,1.547741],[-75.703354,1.547764],[-75.703416,1.547787],[-75.703507,1.547798],[-75.703583,1.54781],[-75.703637,1.547815],[-75.703706,1.547827],[-75.703759,1.54785],[-75.703805,1.547873],[-75.703859,1.547873],[-75.703957,1.547896],[-75.704126,1.547925],[-75.704171,1.547936],[-75.704263,1.547947],[-75.70456,1.547948],[-75.704651,1.547953],[-75.704782,1.547965],[-75.704873,1.547976],[-75.705011,1.547976],[-75.705094,1.547982],[-75.705247,1.547982],[-75.705361,1.547982],[-75.705461,1.547982],[-75.70559,1.547988],[-75.705644,1.547988],[-75.705803,1.547999],[-75.705896,1.548011],[-75.705987,1.548011],[-75.706033,1.548028],[-75.706223,1.548028],[-75.7063,1.548051],[-75.706376,1.548074],[-75.70646,1.548114],[-75.706529,1.548154],[-75.706666,1.548229],[-75.706728,1.548241],[-75.706758,1.548252],[-75.706841,1.548275],[-75.706895,1.548287],[-75.706963,1.548298],[-75.707032,1.548327],[-75.707078,1.548373],[-75.707116,1.548395],[-75.707146,1.54843],[-75.707178,1.548453],[-75.707216,1.548476],[-75.70723,1.548487],[-75.707291,1.548568],[-75.707367,1.548625],[-75.707406,1.548637],[-75.707444,1.548654],[-75.70749,1.548677],[-75.707558,1.5487],[-75.707666,1.548734],[-75.707757,1.548769],[-75.707795,1.54878],[-75.707864,1.548792],[-75.70791,1.548814],[-75.708002,1.548843],[-75.708139,1.548867],[-75.70823,1.548889],[-75.708374,1.548935],[-75.708459,1.548965],[-75.708543,1.548987],[-75.708635,1.549044],[-75.70871,1.549068],[-75.708772,1.54909],[-75.708917,1.549142],[-75.709062,1.549188],[-75.709146,1.54924],[-75.709275,1.549274],[-75.709351,1.549343],[-75.709459,1.549389],[-75.709542,1.54944],[-75.709672,1.549526],[-75.709756,1.549619],[-75.709809,1.549681],[-75.709855,1.549745],[-75.709909,1.549814],[-75.709947,1.549877],[-75.709985,1.549935],[-75.710016,1.549957],[-75.710054,1.550009],[-75.710106,1.550112],[-75.710152,1.550181],[-75.710198,1.550273],[-75.710229,1.550308],[-75.710267,1.550353],[-75.710283,1.550393],[-75.71029,1.550446],[-75.710321,1.550509],[-75.710343,1.550577],[-75.710381,1.550646],[-75.710419,1.550738],[-75.710458,1.55083],[-75.710489,1.550905],[-75.710534,1.551014],[-75.710565,1.551077],[-75.710588,1.551129],[-75.710618,1.551163],[-75.710656,1.551221],[-75.710724,1.551347],[-75.71077,1.551439],[-75.71084,1.551577],[-75.710893,1.551663],[-75.710977,1.551743],[-75.711007,1.551778],[-75.711045,1.551841],[-75.711099,1.55191],[-75.711152,1.551956],[-75.711182,1.551967],[-75.711214,1.551984],[-75.711266,1.552036],[-75.71132,1.552076],[-75.711366,1.552122],[-75.711427,1.552174],[-75.711481,1.55222],[-75.711549,1.552243],[-75.711602,1.552266],[-75.71167,1.5523],[-75.711724,1.552341],[-75.711763,1.552352],[-75.711793,1.552375],[-75.711847,1.552398],[-75.711885,1.55241],[-75.711915,1.552421],[-75.711953,1.552432],[-75.712007,1.552467],[-75.71209,1.552489],[-75.712167,1.552536],[-75.712243,1.552616],[-75.712297,1.552662],[-75.712343,1.552696],[-75.712403,1.5528],[-75.712457,1.552915],[-75.712464,1.552984],[-75.71248,1.55307],[-75.712487,1.553127],[-75.712487,1.553231],[-75.712465,1.553311],[-75.712433,1.553317],[-75.712403,1.553351],[-75.71232,1.553397],[-75.712289,1.55342],[-75.71222,1.553478],[-75.71219,1.5535],[-75.712121,1.553569],[-75.712091,1.553598],[-75.71203,1.55365],[-75.711984,1.553718],[-75.711923,1.553811],[-75.711908,1.553874],[-75.7119,1.553908],[-75.711877,1.553989],[-75.711877,1.554064],[-75.711885,1.554127],[-75.711915,1.554155],[-75.711953,1.554184],[-75.711992,1.554219],[-75.712084,1.554311],[-75.712167,1.554333],[-75.712221,1.554339],[-75.712267,1.55435],[-75.712311,1.554374],[-75.71235,1.554385],[-75.712388,1.554419],[-75.712426,1.554443],[-75.712472,1.554477],[-75.71251,1.554488],[-75.71254,1.5545],[-75.712587,1.554523],[-75.712625,1.554534],[-75.712663,1.55454],[-75.71277,1.55454],[-75.712846,1.554517],[-75.712876,1.554511],[-75.712914,1.554506],[-75.712983,1.554482],[-75.713021,1.554471],[-75.713059,1.554466],[-75.713098,1.554459],[-75.713159,1.554466],[-75.71322,1.554466],[-75.713304,1.554465],[-75.713449,1.554465],[-75.71351,1.554488],[-75.713578,1.554511],[-75.713678,1.554551],[-75.713761,1.554598],[-75.713799,1.55462],[-75.713876,1.554666],[-75.713922,1.554718],[-75.713983,1.554775],[-75.714036,1.554798],[-75.71412,1.554862],[-75.714189,1.554919],[-75.714243,1.554954],[-75.714288,1.555011],[-75.714326,1.555063],[-75.714364,1.555103],[-75.714418,1.555195],[-75.71451,1.555292],[-75.714562,1.555367],[-75.714601,1.555424],[-75.714647,1.555499],[-75.714693,1.555562],[-75.714739,1.555643],[-75.714783,1.555712],[-75.714807,1.555752],[-75.714853,1.555832],[-75.714875,1.555895],[-75.714921,1.555959],[-75.71496,1.556033],[-75.71499,1.556091],[-75.715013,1.556148],[-75.715036,1.556188],[-75.715066,1.556223],[-75.715082,1.556257],[-75.715112,1.556269],[-75.715142,1.556303],[-75.715173,1.556337],[-75.715188,1.556372],[-75.715196,1.556406],[-75.715219,1.556441],[-75.715463,1.55655],[-75.71547,1.55659],[-75.715494,1.556625],[-75.715508,1.556659],[-75.715516,1.556711],[-75.715532,1.556746],[-75.71554,1.55682],[-75.715547,1.556946],[-75.715578,1.557095],[-75.715608,1.557268],[-75.715638,1.557411],[-75.715669,1.557555],[-75.715684,1.55767],[-75.7157,1.557762],[-75.715738,1.557883],[-75.715753,1.557923],[-75.715776,1.558009],[-75.715791,1.558055],[-75.715836,1.55817],[-75.715868,1.558192],[-75.715913,1.558227],[-75.715944,1.558232],[-75.715982,1.558256],[-75.716013,1.558296],[-75.716051,1.558307],[-75.716081,1.558319],[-75.716103,1.558319],[-75.71621,1.558359],[-75.71621,1.558394],[-75.716211,1.558451],[-75.716211,1.558727],[-75.716203,1.558755],[-75.716195,1.558842],[-75.716187,1.558922],[-75.716173,1.559014],[-75.716173,1.55906],[-75.716157,1.559106],[-75.71615,1.559146],[-75.716142,1.559192],[-75.716142,1.559226],[-75.716134,1.559272],[-75.716134,1.559307],[-75.716126,1.559341],[-75.716126,1.559427],[-75.71612,1.559502],[-75.716112,1.559599],[-75.716104,1.559692],[-75.716089,1.559789],[-75.716081,1.559887],[-75.716051,1.559956],[-75.71602,1.560024],[-75.715966,1.56014],[-75.71592,1.560185],[-75.71586,1.560272],[-75.715791,1.560392],[-75.715761,1.560467],[-75.71573,1.560559],[-75.71573,1.560789],[-75.715738,1.560858],[-75.715722,1.561001],[-75.715654,1.561179],[-75.715585,1.561351],[-75.715555,1.561415],[-75.715501,1.561506],[-75.715478,1.561558],[-75.715402,1.561638],[-75.715364,1.561667],[-75.715295,1.56173],[-75.715273,1.561765],[-75.715234,1.561777],[-75.715188,1.56177],[-75.715196,1.561805],[-75.715158,1.561839],[-75.715135,1.561891],[-75.715112,1.561926],[-75.715097,1.561966],[-75.715074,1.562],[-75.715051,1.562035],[-75.715043,1.562144],[-75.715035,1.562207],[-75.715005,1.562351],[-75.715005,1.562437],[-75.715028,1.562494],[-75.715089,1.562609],[-75.715203,1.562752],[-75.715303,1.562839],[-75.715432,1.563017],[-75.715555,1.563166],[-75.715623,1.563235],[-75.715776,1.563407],[-75.715898,1.563545],[-75.716012,1.563654],[-75.716264,1.563873],[-75.71647,1.564056],[-75.716623,1.564176],[-75.716737,1.564303],[-75.716874,1.564515],[-75.71692,1.564602],[-75.716966,1.564688],[-75.717004,1.564757],[-75.717065,1.564929],[-75.717127,1.565136],[-75.717157,1.565268],[-75.717203,1.565515],[-75.717233,1.565733],[-75.717256,1.565975],[-75.717264,1.566284],[-75.717272,1.56652],[-75.717272,1.566681],[-75.717279,1.566842],[-75.717286,1.567083],[-75.717287,1.567238],[-75.717294,1.567428],[-75.717295,1.5676],[-75.717279,1.567743],[-75.717287,1.567881],[-75.717309,1.568014],[-75.717325,1.568157],[-75.717378,1.56837],[-75.717424,1.568588],[-75.717523,1.568898],[-75.717615,1.569185],[-75.717645,1.5693],[-75.717675,1.569426],[-75.717721,1.56953],[-75.71779,1.56973],[-75.717882,1.569943],[-75.71795,1.570173],[-75.717996,1.57031],[-75.71805,1.570443],[-75.71811,1.570621],[-75.718156,1.570804],[-75.718202,1.570937],[-75.718248,1.57104],[-75.718278,1.571155],[-75.718309,1.571212],[-75.718393,1.571362],[-75.718431,1.571436],[-75.718491,1.571528],[-75.718545,1.571609],[-75.718629,1.571706],[-75.718682,1.571827],[-75.718706,1.57193],[-75.718752,1.572039],[-75.718759,1.572125],[-75.718782,1.572263],[-75.718805,1.572407],[-75.718828,1.572579],[-75.719094,1.573221],[-75.719125,1.573234],[-75.719148,1.573268],[-75.719179,1.573303],[-75.719217,1.573326],[-75.719255,1.57336],[-75.719285,1.573389],[-75.719331,1.573435],[-75.719362,1.57348],[-75.719422,1.573527],[-75.71946,1.573572],[-75.719522,1.57363],[-75.719606,1.573705],[-75.719675,1.573768],[-75.719759,1.573825],[-75.719812,1.573854],[-75.719934,1.573929],[-75.720079,1.57402],[-75.720224,1.574084],[-75.720277,1.574337],[-75.720293,1.574607],[-75.720422,1.574883],[-75.720544,1.575148],[-75.720803,1.575297],[-75.721163,1.575349],[-75.721597,1.575315],[-75.721986,1.575258],[-75.722414,1.575235],[-75.722826,1.57535],[-75.723115,1.575638],[-75.723184,1.575907],[-75.723237,1.576224],[-75.723352,1.576396],[-75.723512,1.576494],[-75.723718,1.576454],[-75.723848,1.57627],[-75.724328,1.575879],[-75.724664,1.575707],[-75.724817,1.575719],[-75.724917,1.575776],[-75.725061,1.575868],[-75.725229,1.57607],[-75.725534,1.576161],[-75.72593,1.576306],[-75.726488,1.576691],[-75.726755,1.576921],[-75.726915,1.57718],[-75.726908,1.577409],[-75.726892,1.577564],[-75.726846,1.577668],[-75.726785,1.577811],[-75.726747,1.577938],[-75.726732,1.578047],[-75.726708,1.578196],[-75.726671,1.578386],[-75.726587,1.578776],[-75.726518,1.57915],[-75.726511,1.579374],[-75.726503,1.579782],[-75.72648,1.580023],[-75.726412,1.580138],[-75.726229,1.580385],[-75.72613,1.580597],[-75.725946,1.58085],[-75.725748,1.581183],[-75.725633,1.581396],[-75.725496,1.581688],[-75.725038,1.582027],[-75.72484,1.582108],[-75.724626,1.582286],[-75.724535,1.582412],[-75.724428,1.582556],[-75.724374,1.582723],[-75.724298,1.582986],[-75.724153,1.583302],[-75.724015,1.583463],[-75.723924,1.583572],[-75.723741,1.583555],[-75.723619,1.583526],[-75.723367,1.583554],[-75.723177,1.58356],[-75.723054,1.583572],[-75.722887,1.58371],[-75.722841,1.583847],[-75.722856,1.584049],[-75.722856,1.584284],[-75.722871,1.584709],[-75.722863,1.584876],[-75.722803,1.585088],[-75.722543,1.585456],[-75.722383,1.585783],[-75.722223,1.586053],[-75.721979,1.586375],[-75.721711,1.586599],[-75.721391,1.586754],[-75.721178,1.586799],[-75.720804,1.586886],[-75.720438,1.58688],[-75.72014,1.586908],[-75.719858,1.587034],[-75.719392,1.587333],[-75.719216,1.587539],[-75.719095,1.587677],[-75.718782,1.587958],[-75.718103,1.588291],[-75.717767,1.588492],[-75.717218,1.588706],[-75.716844,1.588836],[-75.716424,1.588934],[-75.716409,1.588941],[-75.716368,1.588961],[-75.715363,1.589455],[-75.709522,1.593055],[-75.706383,1.594572],[-75.70633,1.594576],[-75.706269,1.594582],[-75.706215,1.594593],[-75.706147,1.594599],[-75.706078,1.594605],[-75.705941,1.594628],[-75.705841,1.594633],[-75.705666,1.594668],[-75.705521,1.594695],[-75.705354,1.59469],[-75.705041,1.59469],[-75.704934,1.594684],[-75.704629,1.594684],[-75.70456,1.59469],[-75.704415,1.594718],[-75.704316,1.594753],[-75.70421,1.594776],[-75.704087,1.594799],[-75.704027,1.594816],[-75.703988,1.594822],[-75.70395,1.594833],[-75.703919,1.594839],[-75.703882,1.594844],[-75.70385,1.59485],[-75.703797,1.594856],[-75.703767,1.594856],[-75.703721,1.594867],[-75.703683,1.594879],[-75.703645,1.594884],[-75.703599,1.594884],[-75.70356,1.594891],[-75.703522,1.594907],[-75.703492,1.594913],[-75.703446,1.594931],[-75.703377,1.594965],[-75.703339,1.594999],[-75.703309,1.595028],[-75.703256,1.595034],[-75.703194,1.595051],[-75.703148,1.595068],[-75.703088,1.595085],[-75.70295,1.595126],[-75.702904,1.595137],[-75.702813,1.595171],[-75.702729,1.595189],[-75.702584,1.595189],[-75.702446,1.595171],[-75.702408,1.595171],[-75.70208,1.595171],[-75.70202,1.595154],[-75.701943,1.595142],[-75.701821,1.595107],[-75.701768,1.595085],[-75.70163,1.595038],[-75.701539,1.595016],[-75.701402,1.594964],[-75.701332,1.594942],[-75.701203,1.594871],[-75.701135,1.59482],[-75.701043,1.594774],[-75.700959,1.594728],[-75.700814,1.594665],[-75.700723,1.594619],[-75.700585,1.594555],[-75.700494,1.594527],[-75.700425,1.594504],[-75.700349,1.59448],[-75.700287,1.594469],[-75.700196,1.594446],[-75.700158,1.594435],[-75.700082,1.594423],[-75.700005,1.594394],[-75.699937,1.594371],[-75.699891,1.59436],[-75.699761,1.594325],[-75.699585,1.594256],[-75.699501,1.594227],[-75.699364,1.594181],[-75.699288,1.594169],[-75.699143,1.594147],[-75.699029,1.594141],[-75.698868,1.594147],[-75.698761,1.594158],[-75.698693,1.594158],[-75.698556,1.594181],[-75.698449,1.59421],[-75.698304,1.594261],[-75.698236,1.594283],[-75.698151,1.594313],[-75.698037,1.594336],[-75.697945,1.594364],[-75.697854,1.594393],[-75.697762,1.594416],[-75.697678,1.594439],[-75.697579,1.594456],[-75.697472,1.594462],[-75.697373,1.594473],[-75.697327,1.594479],[-75.697289,1.594485],[-75.697212,1.594485],[-75.697152,1.594473],[-75.69706,1.594455],[-75.697007,1.594456],[-75.696969,1.59445],[-75.696908,1.594427],[-75.696862,1.594392],[-75.696824,1.594375],[-75.696762,1.594329],[-75.696724,1.594306],[-75.696663,1.594237],[-75.696656,1.594203],[-75.696625,1.594168],[-75.696579,1.594151],[-75.696549,1.594076],[-75.696519,1.594036],[-75.696488,1.594013],[-75.696442,1.593979],[-75.696396,1.593944],[-75.696343,1.593892],[-75.696312,1.593858],[-75.696228,1.593835],[-75.696175,1.5938],[-75.696107,1.593766],[-75.695969,1.593725],[-75.695886,1.593714],[-75.695709,1.593714],[-75.695633,1.59372],[-75.695564,1.593714],[-75.695488,1.593702],[-75.69542,1.593702],[-75.695283,1.59369],[-75.695152,1.593656],[-75.6951,1.593628],[-75.695061,1.593616],[-75.695015,1.593604],[-75.694963,1.593593],[-75.694901,1.593599],[-75.694855,1.593575],[-75.694764,1.593541],[-75.694702,1.593506],[-75.694641,1.593472],[-75.694489,1.593368],[-75.694405,1.593288],[-75.694344,1.593219],[-75.694298,1.593185],[-75.694207,1.59315],[-75.694169,1.593139],[-75.694137,1.593127],[-75.694062,1.593121],[-75.69394,1.593058],[-75.693856,1.593012],[-75.693711,1.592897],[-75.693681,1.592874],[-75.693642,1.592874],[-75.693581,1.592845],[-75.693459,1.592799],[-75.693367,1.592787],[-75.693261,1.592793],[-75.693184,1.59281],[-75.693124,1.592816],[-75.693078,1.592828],[-75.693024,1.592833],[-75.692963,1.59285],[-75.692879,1.592873],[-75.692826,1.592891],[-75.69275,1.59292],[-75.692643,1.59296],[-75.692597,1.592983],[-75.692513,1.593],[-75.692376,1.593045],[-75.692277,1.593051],[-75.692124,1.59308],[-75.692025,1.593103],[-75.691872,1.593126],[-75.691728,1.593103],[-75.691643,1.593086],[-75.691498,1.593045],[-75.691406,1.593011],[-75.691277,1.592964],[-75.691185,1.592953],[-75.69101,1.592872],[-75.690918,1.592838],[-75.690834,1.59278],[-75.690781,1.592717],[-75.690705,1.592619],[-75.690667,1.592545],[-75.690613,1.592453],[-75.69056,1.592298],[-75.690537,1.592229],[-75.690506,1.592171],[-75.69046,1.592004],[-75.690453,1.591935],[-75.69043,1.59185],[-75.690354,1.591683],[-75.6903,1.591579],[-75.690232,1.59147],[-75.690155,1.591401],[-75.690049,1.591292],[-75.689995,1.591229],[-75.689866,1.59112],[-75.68982,1.591085],[-75.689774,1.591039],[-75.68969,1.590987],[-75.689591,1.590925],[-75.68943,1.590815],[-75.689324,1.590746],[-75.689171,1.590688],[-75.68911,1.590637],[-75.689064,1.590602],[-75.689004,1.590568],[-75.688934,1.590533],[-75.688889,1.590527],[-75.688827,1.590527],[-75.688797,1.590533],[-75.688683,1.590533],[-75.688652,1.590539],[-75.688614,1.590544],[-75.688568,1.590556],[-75.68853,1.590567],[-75.6885,1.590579],[-75.688469,1.590596],[-75.688431,1.590607],[-75.688401,1.590613],[-75.688332,1.590613],[-75.688294,1.590602],[-75.68821,1.590602],[-75.688141,1.590596],[-75.688057,1.590596],[-75.687989,1.590573],[-75.687935,1.59055],[-75.687904,1.59055],[-75.687866,1.590527],[-75.687836,1.590515],[-75.68776,1.590503],[-75.687714,1.590492],[-75.687661,1.590475],[-75.68744,1.590474],[-75.687347,1.590481],[-75.687225,1.59048],[-75.687164,1.590475],[-75.68708,1.590486],[-75.686951,1.590486],[-75.686844,1.590463],[-75.686768,1.59044],[-75.6867,1.590399],[-75.686661,1.590365],[-75.686638,1.590313],[-75.686638,1.590268],[-75.686646,1.590204],[-75.686684,1.590124],[-75.68673,1.590067],[-75.686821,1.58994],[-75.686844,1.589906],[-75.68689,1.589865],[-75.686936,1.589802],[-75.686944,1.589768],[-75.686944,1.589728],[-75.686936,1.589676],[-75.686936,1.589636],[-75.68692,1.589595],[-75.686882,1.58955],[-75.686844,1.589526],[-75.686814,1.589515],[-75.686767,1.589503],[-75.686707,1.589474],[-75.686615,1.589463],[-75.68657,1.589469],[-75.686524,1.589469],[-75.68647,1.58948],[-75.686409,1.589503],[-75.686341,1.58952],[-75.686303,1.58952],[-75.686272,1.589492],[-75.686272,1.589388],[-75.686303,1.589337],[-75.686333,1.589296],[-75.686341,1.589262],[-75.686341,1.589205],[-75.686325,1.589158],[-75.68631,1.589118],[-75.686265,1.589095],[-75.686227,1.589055],[-75.686188,1.589055],[-75.686188,1.588951],[-75.686195,1.5889],[-75.686195,1.588865],[-75.686203,1.588825],[-75.686203,1.588664],[-75.686188,1.58859],[-75.686181,1.588532],[-75.686157,1.588498],[-75.686135,1.58844],[-75.686066,1.588371],[-75.686028,1.588302],[-75.685974,1.588228],[-75.685928,1.588199],[-75.685791,1.588084],[-75.685715,1.588044],[-75.685631,1.588032],[-75.685516,1.588038],[-75.68547,1.588043],[-75.685418,1.588043],[-75.685364,1.588061],[-75.685311,1.588078],[-75.685273,1.588089],[-75.685196,1.588118],[-75.68512,1.588164],[-75.685066,1.588204],[-75.685005,1.588279],[-75.684945,1.588336],[-75.684906,1.588411],[-75.684876,1.588491],[-75.684846,1.588594],[-75.684822,1.588686],[-75.684815,1.588772],[-75.684815,1.588893],[-75.684822,1.588991],[-75.68483,1.589071],[-75.684837,1.589123],[-75.684853,1.58918],[-75.684861,1.589238],[-75.684868,1.589284],[-75.684875,1.589324],[-75.684875,1.589399],[-75.684867,1.589439],[-75.684861,1.589479],[-75.684845,1.589514],[-75.684769,1.589514],[-75.68473,1.589508],[-75.6847,1.589497],[-75.684678,1.589463],[-75.684632,1.58945],[-75.684593,1.589381],[-75.684555,1.589347],[-75.684532,1.589312],[-75.684487,1.589243],[-75.684455,1.589209],[-75.684425,1.589146],[-75.684372,1.5891],[-75.684319,1.589048],[-75.684258,1.588979],[-75.684212,1.588939],[-75.684166,1.588904],[-75.68409,1.588858],[-75.684021,1.588858],[-75.683991,1.588864],[-75.683967,1.588898],[-75.683953,1.588933],[-75.68393,1.588979],[-75.683922,1.589065],[-75.683914,1.589151],[-75.683906,1.589249],[-75.683906,1.589484],[-75.683899,1.589622],[-75.683891,1.589708],[-75.683883,1.589783],[-75.683845,1.589881],[-75.683815,1.58999],[-75.683784,1.590036],[-75.683754,1.59007],[-75.683724,1.590088],[-75.68364,1.590088],[-75.683579,1.590064],[-75.683525,1.590029],[-75.683479,1.589972],[-75.683457,1.589904],[-75.683426,1.589835],[-75.683403,1.5898],[-75.68335,1.589691],[-75.683319,1.589622],[-75.683296,1.58957],[-75.683266,1.589473],[-75.68325,1.589438],[-75.683243,1.589404],[-75.683228,1.589369],[-75.683204,1.589335],[-75.683197,1.5893],[-75.683174,1.589243],[-75.683158,1.589209],[-75.683136,1.589174],[-75.683114,1.589071],[-75.68309,1.589001],[-75.683068,1.588955],[-75.68306,1.588881],[-75.68306,1.588732],[-75.683052,1.588611],[-75.683052,1.588433],[-75.68306,1.588335],[-75.683067,1.588284],[-75.683067,1.588219],[-75.683067,1.588168],[-75.683059,1.588134],[-75.683045,1.588059],[-75.683029,1.58799],[-75.683014,1.587956],[-75.682999,1.587921],[-75.682976,1.587887],[-75.682945,1.587841],[-75.682922,1.587807],[-75.682892,1.587773],[-75.682862,1.587738],[-75.68283,1.587657],[-75.682816,1.587622],[-75.682808,1.587588],[-75.682778,1.587519],[-75.682762,1.587444],[-75.682754,1.587381],[-75.68274,1.587306],[-75.682732,1.587163],[-75.682724,1.587128],[-75.682724,1.587083],[-75.682701,1.586979],[-75.682686,1.586824],[-75.68267,1.586738],[-75.682671,1.586692],[-75.682663,1.586617],[-75.682655,1.586582],[-75.68264,1.586485],[-75.682625,1.586445],[-75.682602,1.58637],[-75.682602,1.586307],[-75.682556,1.586249],[-75.682534,1.586192],[-75.68251,1.586157],[-75.682464,1.586123],[-75.682396,1.586077],[-75.682335,1.586054],[-75.682289,1.586019],[-75.682221,1.585991],[-75.682114,1.585956],[-75.682038,1.585945],[-75.681999,1.585921],[-75.681961,1.585921],[-75.681915,1.58591],[-75.681861,1.585887],[-75.681831,1.585887],[-75.681763,1.585847],[-75.681724,1.585835],[-75.681664,1.585778],[-75.681626,1.585738],[-75.68158,1.585703],[-75.681557,1.585669],[-75.681526,1.585634],[-75.681495,1.5856],[-75.681465,1.585565],[-75.681443,1.585531],[-75.681419,1.585496],[-75.681397,1.585462],[-75.681373,1.585427],[-75.681328,1.585381],[-75.681259,1.585317],[-75.681228,1.585272],[-75.681176,1.585215],[-75.681144,1.585174],[-75.681076,1.585088],[-75.681023,1.58503],[-75.680992,1.584979],[-75.680961,1.584939],[-75.680923,1.584915],[-75.680893,1.584892],[-75.680863,1.58487],[-75.680824,1.584846],[-75.680794,1.584829],[-75.680756,1.584812],[-75.680726,1.584801],[-75.680687,1.584777],[-75.680641,1.584754],[-75.680595,1.58472],[-75.680565,1.584714],[-75.680519,1.584691],[-75.680481,1.584668],[-75.680458,1.584634],[-75.68042,1.584611],[-75.680412,1.584576],[-75.680397,1.584542],[-75.680382,1.584507],[-75.680359,1.584473],[-75.680344,1.584438],[-75.680344,1.584346],[-75.680351,1.584289],[-75.680351,1.584255],[-75.680343,1.58422],[-75.680336,1.584157],[-75.680329,1.584093],[-75.680313,1.584048],[-75.680298,1.583984],[-75.680298,1.58395],[-75.680297,1.583915],[-75.680298,1.583502],[-75.680275,1.583387],[-75.680245,1.583249],[-75.680237,1.583145],[-75.680206,1.583042],[-75.680183,1.582967],[-75.680153,1.582749],[-75.680138,1.582577],[-75.68013,1.582508],[-75.680107,1.582387],[-75.680092,1.582335],[-75.680038,1.582129],[-75.67997,1.581979],[-75.679924,1.581853],[-75.679871,1.581646],[-75.679833,1.581548],[-75.679809,1.581445],[-75.679787,1.581405],[-75.679779,1.581359],[-75.679763,1.581278],[-75.679763,1.581232],[-75.679741,1.58114],[-75.679741,1.581054],[-75.679749,1.580997],[-75.679749,1.580893],[-75.679764,1.580773],[-75.679794,1.580594],[-75.67984,1.58048],[-75.679855,1.580428],[-75.679901,1.580353],[-75.679909,1.580313],[-75.679917,1.58025],[-75.679901,1.580181],[-75.679871,1.580146],[-75.679833,1.580117],[-75.679802,1.580095],[-75.679764,1.580083],[-75.679733,1.580072],[-75.679695,1.580048],[-75.679664,1.580048],[-75.679626,1.580037],[-75.679596,1.580037],[-75.679543,1.580026],[-75.679512,1.580026],[-75.679473,1.580014],[-75.679443,1.580002],[-75.679405,1.580002],[-75.679375,1.579991],[-75.679344,1.579985],[-75.679306,1.579974],[-75.679276,1.579974],[-75.67926,1.579922],[-75.679238,1.579888],[-75.679214,1.579853],[-75.679192,1.579819],[-75.679192,1.579634],[-75.679176,1.579594],[-75.679162,1.57956],[-75.679146,1.579525],[-75.67913,1.579468],[-75.6791,1.579365],[-75.679077,1.579318],[-75.679062,1.579267],[-75.679032,1.579164],[-75.679008,1.5791],[-75.678963,1.578974],[-75.67894,1.578917],[-75.678917,1.57887],[-75.678894,1.578779],[-75.678871,1.578727],[-75.678848,1.578675],[-75.678841,1.578623],[-75.67881,1.57856],[-75.678787,1.578514],[-75.678771,1.578434],[-75.678757,1.578376],[-75.678719,1.578244],[-75.678689,1.57821],[-75.678657,1.578141],[-75.678657,1.578014],[-75.678643,1.577957],[-75.678627,1.577888],[-75.678611,1.577854],[-75.678597,1.577796],[-75.678589,1.577761],[-75.678589,1.577727],[-75.678573,1.577658],[-75.678573,1.577526],[-75.678581,1.57744],[-75.678589,1.577394],[-75.678604,1.577353],[-75.678612,1.577296],[-75.678666,1.577159],[-75.678719,1.577026],[-75.678741,1.576957],[-75.678771,1.576854],[-75.67881,1.576739],[-75.678833,1.576659],[-75.678856,1.576578],[-75.678856,1.576394],[-75.678848,1.576337],[-75.678788,1.576176],[-75.678756,1.576084],[-75.678711,1.575957],[-75.678696,1.575906],[-75.678665,1.575848],[-75.678627,1.575774],[-75.678559,1.575664],[-75.678505,1.575596],[-75.678451,1.575492],[-75.678405,1.575423],[-75.678367,1.575331],[-75.678337,1.575291],[-75.678322,1.575256],[-75.678299,1.575222],[-75.678284,1.575176],[-75.678246,1.575089],[-75.67823,1.575027],[-75.678215,1.57498],[-75.678192,1.574837],[-75.678176,1.574774],[-75.678177,1.574659],[-75.678138,1.574538],[-75.678108,1.574463],[-75.678054,1.574268],[-75.678047,1.574193],[-75.678032,1.574159],[-75.678016,1.574107],[-75.678002,1.57405],[-75.677978,1.573958],[-75.677964,1.573889],[-75.67794,1.573791],[-75.677918,1.573659],[-75.677894,1.57355],[-75.677842,1.573406],[-75.67781,1.573343],[-75.67778,1.573309],[-75.677764,1.573222],[-75.677742,1.573177],[-75.677712,1.573142],[-75.677643,1.573044],[-75.677605,1.57301],[-75.677574,1.572963],[-75.677529,1.572912],[-75.677475,1.572866],[-75.677414,1.572785],[-75.677368,1.572728],[-75.677322,1.572682],[-75.677284,1.572636],[-75.677254,1.572613],[-75.677216,1.572578],[-75.677192,1.572544],[-75.677147,1.572498],[-75.677116,1.572435],[-75.677085,1.5724],[-75.677047,1.572303],[-75.677001,1.572257],[-75.676956,1.572108],[-75.676933,1.57205],[-75.676918,1.57197],[-75.676918,1.571918],[-75.676917,1.571814],[-75.676917,1.57178],[-75.676941,1.5717],[-75.676956,1.571642],[-75.676956,1.571602],[-75.676964,1.571562],[-75.676972,1.57147],[-75.676964,1.571418],[-75.676956,1.571378],[-75.676964,1.571343],[-75.676986,1.57128],[-75.677017,1.5712],[-75.677063,1.571102],[-75.677109,1.571045],[-75.677139,1.57101],[-75.677177,1.570976],[-75.677246,1.570901],[-75.677322,1.570832],[-75.677361,1.57078],[-75.677407,1.570746],[-75.677459,1.570677],[-75.677483,1.57062],[-75.677506,1.570574],[-75.677506,1.57051],[-75.677498,1.570476],[-75.677498,1.570407],[-75.67749,1.570338],[-75.677475,1.570258],[-75.677468,1.570177],[-75.677452,1.570097],[-75.67743,1.569988],[-75.677414,1.569924],[-75.677391,1.569844],[-75.67736,1.569701],[-75.677338,1.569597],[-75.6773,1.569522],[-75.677269,1.569453],[-75.677231,1.569378],[-75.6772,1.569327],[-75.677169,1.569293],[-75.677155,1.569241],[-75.677131,1.569206],[-75.677109,1.569172],[-75.677085,1.569137],[-75.67704,1.569091],[-75.677002,1.569039],[-75.676971,1.569005],[-75.676956,1.56897],[-75.676926,1.568942],[-75.676864,1.568879],[-75.67678,1.568832],[-75.67672,1.568798],[-75.676689,1.568787],[-75.676651,1.568752],[-75.676605,1.568729],[-75.676567,1.568706],[-75.676514,1.568694],[-75.676468,1.568683],[-75.676422,1.568677],[-75.676376,1.568654],[-75.67633,1.568654],[-75.676285,1.568643],[-75.676223,1.56862],[-75.676178,1.568597],[-75.67614,1.568585],[-75.676094,1.568562],[-75.676032,1.568539],[-75.675988,1.568505],[-75.675956,1.568481],[-75.675911,1.568419],[-75.675873,1.568344],[-75.675842,1.568321],[-75.675789,1.568234],[-75.675773,1.5682],[-75.675682,1.568096],[-75.675636,1.568028],[-75.675583,1.56797],[-75.675537,1.567901],[-75.675468,1.567832],[-75.675446,1.567757],[-75.67543,1.567723],[-75.675354,1.567666],[-75.675323,1.567631],[-75.675285,1.567608],[-75.675225,1.567539],[-75.675163,1.567464],[-75.675125,1.567441],[-75.675094,1.567419],[-75.675034,1.567384],[-75.674964,1.567332],[-75.674919,1.567274],[-75.674873,1.56724],[-75.674858,1.567205],[-75.674813,1.56716],[-75.674781,1.567085],[-75.674743,1.567016],[-75.674721,1.566982],[-75.674713,1.566941],[-75.674713,1.566763],[-75.674721,1.566683],[-75.674736,1.566533],[-75.674751,1.566465],[-75.674774,1.566292],[-75.674804,1.566206],[-75.67482,1.566102],[-75.674851,1.565982],[-75.674865,1.565907],[-75.674889,1.565874],[-75.674911,1.565804],[-75.67495,1.565683],[-75.674964,1.565603],[-75.674996,1.5655],[-75.675033,1.565333],[-75.675071,1.56523],[-75.675117,1.565103],[-75.675148,1.565005],[-75.675194,1.564862],[-75.675224,1.564758],[-75.675247,1.564678],[-75.675255,1.564535],[-75.675255,1.564276],[-75.675263,1.564201],[-75.675247,1.56412],[-75.675231,1.56404],[-75.675217,1.563977],[-75.675201,1.563942],[-75.675163,1.563908],[-75.675133,1.563879],[-75.675109,1.563793],[-75.675079,1.563736],[-75.675049,1.56366],[-75.675026,1.56361],[-75.674995,1.563552],[-75.67495,1.56346],[-75.674904,1.563391],[-75.674866,1.563334],[-75.674812,1.563242],[-75.67479,1.563167],[-75.674744,1.563092],[-75.674705,1.563017],[-75.674675,1.562926],[-75.674652,1.562857],[-75.674629,1.562799],[-75.674599,1.562724],[-75.674575,1.56269],[-75.674523,1.562644],[-75.674484,1.562603],[-75.674423,1.562581],[-75.674385,1.562581],[-75.674332,1.562586],[-75.674294,1.562598],[-75.674263,1.56262],[-75.674225,1.562644],[-75.674195,1.562678],[-75.674149,1.562707],[-75.674087,1.562782],[-75.674026,1.562862],[-75.673958,1.56296],[-75.673911,1.563028],[-75.673867,1.56308],[-75.673813,1.563132],[-75.673728,1.563264],[-75.673629,1.563367],[-75.673538,1.563413],[-75.67347,1.563419],[-75.67337,1.563436],[-75.673248,1.563436],[-75.673217,1.563425],[-75.673164,1.56339],[-75.673126,1.563356],[-75.673111,1.563321],[-75.673103,1.563287],[-75.673088,1.563252],[-75.67308,1.563218],[-75.673065,1.563171],[-75.673042,1.563091],[-75.673012,1.563039],[-75.672981,1.562982],[-75.672974,1.562948],[-75.672942,1.562913],[-75.67289,1.56281],[-75.672836,1.562712],[-75.67279,1.56262],[-75.672745,1.562551],[-75.672729,1.562482],[-75.672706,1.562418],[-75.672676,1.562356],[-75.67263,1.562264],[-75.672607,1.562195],[-75.672599,1.562143],[-75.672577,1.562108],[-75.672561,1.562039],[-75.672547,1.562005],[-75.672531,1.56193],[-75.672515,1.561873],[-75.672507,1.561839],[-75.672493,1.561804],[-75.672463,1.561701],[-75.672455,1.561643],[-75.672439,1.561609],[-75.672417,1.561574],[-75.672409,1.56154],[-75.672409,1.561436],[-75.672113,1.560956]]]},"properties":{"nombre_ver":"COSTA RICA","codigo_ver":"18001041","nomb_mpio":"FLORENCIA","nom_dep":"CAQUETÁ","area_ha":2078.45,"meta_ae":1827,"meta_fb":156,"anio":2030}},{"type":"Feature","geometry":{"type":"Polygon","coordinates":[[[-75.591271,1.594136],[-75.591117,1.59411],[-75.590454,1.593821],[-75.590011,1.593457],[-75.589713,1.593083],[-75.589354,1.592621],[-75.589186,1.592226],[-75.589141,1.59195],[-75.589133,1.591796],[-75.58924,1.591479],[-75.589416,1.591083],[-75.589515,1.590509],[-75.589355,1.589997],[-75.589064,1.589365],[-75.5886,1.588778],[-75.58847,1.588698],[-75.588165,1.58852],[-75.587714,1.588388],[-75.587264,1.588312],[-75.586647,1.588381],[-75.58628,1.588565],[-75.585777,1.588784],[-75.58538,1.588915],[-75.58493,1.589201],[-75.584556,1.589178],[-75.58409,1.589034],[-75.583632,1.588745],[-75.5829,1.588156],[-75.582206,1.587795],[-75.581428,1.587597],[-75.580809,1.587498],[-75.580237,1.587536],[-75.579825,1.587672],[-75.579619,1.587689],[-75.57926,1.587911],[-75.579017,1.58807],[-75.578672,1.588191],[-75.578192,1.588108],[-75.577635,1.58775],[-75.576422,1.586228],[-75.57601,1.58601],[-75.575934,1.586026],[-75.575506,1.585949],[-75.575056,1.585909],[-75.574561,1.585949],[-75.574187,1.586089],[-75.573672,1.586236],[-75.573261,1.586407],[-75.572972,1.586602],[-75.572766,1.586687],[-75.572597,1.586772],[-75.572476,1.58676],[-75.572283,1.586797],[-75.572126,1.586858],[-75.571993,1.586894],[-75.571836,1.586882],[-75.571685,1.58695],[-75.571558,1.586736],[-75.571425,1.586481],[-75.571425,1.586111],[-75.571005,1.585183],[-75.570624,1.584631],[-75.569891,1.583883],[-75.56919,1.583367],[-75.56855,1.582693],[-75.567678,1.582186],[-75.566982,1.581871],[-75.566546,1.581748],[-75.566809,1.581544],[-75.566848,1.581469],[-75.566916,1.581371],[-75.567114,1.581245],[-75.567321,1.581089],[-75.567504,1.580928],[-75.567846,1.580635],[-75.568182,1.58037],[-75.568289,1.580054],[-75.568297,1.579812],[-75.56829,1.579518],[-75.568267,1.578884],[-75.56838,1.578572],[-75.568762,1.578516],[-75.568961,1.578585],[-75.56909,1.578562],[-75.569243,1.578384],[-75.569213,1.578211],[-75.569296,1.57798],[-75.569487,1.577838],[-75.569639,1.577843],[-75.56983,1.577976],[-75.570067,1.578236],[-75.570349,1.578432],[-75.5707,1.578473],[-75.570829,1.578393],[-75.570952,1.578289],[-75.571135,1.578256],[-75.571288,1.578227],[-75.571463,1.578159],[-75.571654,1.57801],[-75.572012,1.577832],[-75.572417,1.577753],[-75.572783,1.577599],[-75.573271,1.577405],[-75.574287,1.577161],[-75.574599,1.577162],[-75.574866,1.577168],[-75.575133,1.577198],[-75.575316,1.577141],[-75.575492,1.577062],[-75.575621,1.577073],[-75.575781,1.577131],[-75.575964,1.577183],[-75.576185,1.577178],[-75.576384,1.577104],[-75.576507,1.577127],[-75.576704,1.577139],[-75.576849,1.577047],[-75.577056,1.576882],[-75.577269,1.576773],[-75.577392,1.576779],[-75.577529,1.576756],[-75.577887,1.576423],[-75.578299,1.576326],[-75.578498,1.576377],[-75.578575,1.576383],[-75.578757,1.576183],[-75.578887,1.576039],[-75.579024,1.575734],[-75.579177,1.575401],[-75.579322,1.57516],[-75.579657,1.574816],[-75.579856,1.574689],[-75.580061,1.574574],[-75.580298,1.574425],[-75.580496,1.574253],[-75.580634,1.574063],[-75.580764,1.573851],[-75.580817,1.573708],[-75.580825,1.573231],[-75.580863,1.573047],[-75.580924,1.572852],[-75.580993,1.572714],[-75.581077,1.57238],[-75.58113,1.572116],[-75.581237,1.571823],[-75.581275,1.571502],[-75.581274,1.571031],[-75.581283,1.570628],[-75.581321,1.57037],[-75.581352,1.569945],[-75.581351,1.569698],[-75.581191,1.569502],[-75.581061,1.569399],[-75.580939,1.56929],[-75.580705,1.569113],[-75.579868,1.569702],[-75.579169,1.570541],[-75.579131,1.570552],[-75.579069,1.570581],[-75.579031,1.57061],[-75.578963,1.570633],[-75.578918,1.570673],[-75.578818,1.570724],[-75.578773,1.570736],[-75.578665,1.570822],[-75.578574,1.570885],[-75.57849,1.57096],[-75.578445,1.570983],[-75.578399,1.571017],[-75.578292,1.571086],[-75.5782,1.571144],[-75.578131,1.571173],[-75.578063,1.571201],[-75.578009,1.571218],[-75.577964,1.571218],[-75.577894,1.571212],[-75.577849,1.571212],[-75.577788,1.571195],[-75.57775,1.571178],[-75.577727,1.571143],[-75.577673,1.571086],[-75.577621,1.571],[-75.57759,1.570931],[-75.577514,1.570793],[-75.577452,1.570706],[-75.577398,1.570637],[-75.577338,1.570528],[-75.5773,1.570471],[-75.577163,1.570293],[-75.577109,1.570218],[-75.576979,1.570091],[-75.57685,1.570029],[-75.576667,1.569993],[-75.576583,1.569981],[-75.576492,1.569958],[-75.576392,1.569929],[-75.576263,1.56986],[-75.576178,1.569813],[-75.576003,1.569704],[-75.575896,1.569646],[-75.575819,1.569617],[-75.575713,1.569594],[-75.575622,1.569582],[-75.575499,1.569559],[-75.575385,1.569547],[-75.575316,1.569541],[-75.575194,1.569535],[-75.575079,1.569535],[-75.575011,1.569546],[-75.574866,1.569591],[-75.57479,1.569608],[-75.574606,1.569613],[-75.574439,1.569613],[-75.57437,1.569607],[-75.574271,1.569561],[-75.574225,1.569521],[-75.57421,1.569475],[-75.574148,1.569417],[-75.574088,1.569353],[-75.574019,1.569238],[-75.573981,1.569169],[-75.573897,1.569083],[-75.573829,1.568979],[-75.573767,1.568916],[-75.573721,1.568887],[-75.573584,1.568858],[-75.573546,1.568841],[-75.573417,1.5688],[-75.573325,1.56876],[-75.573256,1.568747],[-75.573218,1.56873],[-75.57318,1.56873],[-75.573134,1.568713],[-75.573088,1.568707],[-75.573019,1.568701],[-75.572959,1.568701],[-75.572928,1.568719],[-75.57289,1.568746],[-75.572836,1.568792],[-75.572768,1.568821],[-75.572677,1.568883],[-75.5726,1.568929],[-75.572524,1.568975],[-75.572462,1.569003],[-75.572409,1.569009],[-75.572341,1.569014],[-75.572241,1.569026],[-75.572158,1.569026],[-75.572074,1.569019],[-75.571982,1.569019],[-75.571867,1.569013],[-75.571791,1.569013],[-75.571715,1.569012],[-75.571569,1.569012],[-75.571432,1.569034],[-75.571235,1.56908],[-75.571112,1.569114],[-75.570998,1.569164],[-75.570875,1.569228],[-75.570692,1.569313],[-75.570571,1.569353],[-75.570402,1.56941],[-75.570296,1.569438],[-75.570181,1.569472],[-75.570151,1.569489],[-75.57009,1.569506],[-75.570036,1.569546],[-75.569998,1.569569],[-75.569945,1.569592],[-75.569884,1.569597],[-75.569853,1.569608],[-75.569807,1.569631],[-75.569739,1.569643],[-75.569678,1.569643],[-75.56964,1.569625],[-75.56961,1.56959],[-75.569586,1.569556],[-75.569548,1.569498],[-75.56954,1.569464],[-75.569525,1.569429],[-75.569518,1.569389],[-75.569518,1.569315],[-75.56954,1.569246],[-75.56957,1.569212],[-75.569609,1.569194],[-75.569632,1.56916],[-75.569677,1.569126],[-75.569715,1.569092],[-75.569739,1.569057],[-75.569754,1.569023],[-75.569754,1.568811],[-75.569746,1.568725],[-75.569716,1.568667],[-75.569716,1.568627],[-75.569693,1.568553],[-75.56967,1.568507],[-75.569647,1.568455],[-75.569624,1.568392],[-75.569601,1.5683],[-75.569579,1.568174],[-75.569548,1.568082],[-75.569517,1.568008],[-75.569479,1.567876],[-75.569457,1.567767],[-75.569395,1.567543],[-75.569365,1.567429],[-75.569342,1.567251],[-75.569342,1.566873],[-75.569334,1.566776],[-75.569326,1.566627],[-75.569319,1.56653],[-75.569319,1.566461],[-75.569327,1.566392],[-75.569335,1.566306],[-75.569349,1.566209],[-75.569381,1.566146],[-75.569434,1.566026],[-75.569456,1.565986],[-75.569472,1.565917],[-75.569494,1.565866],[-75.56951,1.565797],[-75.569533,1.565745],[-75.569563,1.56566],[-75.569593,1.565551],[-75.569617,1.565437],[-75.569617,1.565202],[-75.569601,1.565139],[-75.569594,1.565105],[-75.569579,1.56507],[-75.569548,1.565036],[-75.569525,1.564996],[-75.56951,1.564961],[-75.569487,1.564893],[-75.569479,1.564841],[-75.569479,1.564801],[-75.569495,1.56475],[-75.569502,1.564709],[-75.569533,1.564652],[-75.569564,1.564618],[-75.569594,1.564584],[-75.569617,1.564549],[-75.569663,1.564497],[-75.569693,1.564463],[-75.569723,1.564406],[-75.569785,1.564326],[-75.569815,1.564275],[-75.569838,1.564229],[-75.56986,1.564171],[-75.569868,1.564137],[-75.569884,1.564086],[-75.569884,1.563919],[-75.569891,1.563851],[-75.569884,1.563816],[-75.569853,1.56377],[-75.569815,1.563741],[-75.569792,1.563708],[-75.569738,1.563695],[-75.569693,1.563678],[-75.569655,1.563678],[-75.569579,1.563667],[-75.569472,1.563667],[-75.56938,1.563661],[-75.56935,1.563661],[-75.569296,1.563655],[-75.569258,1.563638],[-75.56922,1.563632],[-75.569189,1.563626],[-75.569151,1.563615],[-75.569121,1.563603],[-75.569083,1.563597],[-75.569067,1.563563],[-75.569067,1.563506],[-75.56906,1.56346],[-75.569059,1.563426],[-75.569059,1.563334],[-75.569075,1.563236],[-75.569083,1.563127],[-75.56909,1.563076],[-75.56909,1.563018],[-75.569106,1.562893],[-75.569128,1.562841],[-75.569152,1.562772],[-75.569174,1.562726],[-75.569212,1.562663],[-75.569243,1.562605],[-75.569259,1.562571],[-75.569281,1.562536],[-75.569334,1.562485],[-75.569372,1.562439],[-75.569418,1.562382],[-75.569472,1.562342],[-75.56951,1.562313],[-75.569563,1.562285],[-75.569601,1.56225],[-75.569609,1.56221],[-75.56964,1.562169],[-75.569647,1.562129],[-75.569655,1.562084],[-75.569655,1.562049],[-75.569624,1.561991],[-75.569602,1.561951],[-75.569571,1.561911],[-75.569533,1.561882],[-75.569487,1.561848],[-75.569449,1.561814],[-75.569419,1.561785],[-75.56938,1.561763],[-75.56935,1.561734],[-75.569327,1.561699],[-75.569304,1.561665],[-75.569304,1.561596],[-75.569349,1.561527],[-75.569387,1.561521],[-75.569419,1.561515],[-75.569457,1.561521],[-75.569487,1.561521],[-75.569525,1.561515],[-75.569709,1.561515],[-75.569739,1.561504],[-75.569761,1.561469],[-75.569769,1.561429],[-75.569785,1.561383],[-75.5698,1.561349],[-75.5698,1.56128],[-75.569761,1.561241],[-75.569731,1.561211],[-75.569685,1.561182],[-75.569647,1.561165],[-75.569609,1.56116],[-75.569571,1.561142],[-75.569502,1.561125],[-75.569456,1.561108],[-75.569411,1.561091],[-75.569357,1.561084],[-75.569311,1.561073],[-75.569281,1.561067],[-75.569235,1.561056],[-75.569182,1.56105],[-75.569159,1.561038],[-75.56912,1.561033],[-75.56909,1.560998],[-75.56909,1.560884],[-75.569106,1.560849],[-75.569128,1.560815],[-75.569144,1.56078],[-75.569189,1.560711],[-75.56922,1.560688],[-75.569251,1.560672],[-75.569289,1.560666],[-75.569319,1.560665],[-75.569366,1.560665],[-75.569396,1.560678],[-75.569434,1.560688],[-75.569464,1.5607],[-75.569502,1.5607],[-75.569571,1.5607],[-75.569724,1.5607],[-75.569754,1.560699],[-75.569792,1.560689],[-75.569823,1.560649],[-75.569846,1.560614],[-75.569869,1.560568],[-75.569891,1.560511],[-75.569907,1.560471],[-75.569937,1.560408],[-75.569976,1.560316],[-75.569998,1.56027],[-75.570006,1.560236],[-75.570022,1.560178],[-75.570044,1.560144],[-75.570052,1.560109],[-75.570082,1.560075],[-75.57009,1.56004],[-75.570113,1.560005],[-75.570121,1.559966],[-75.570143,1.559931],[-75.570151,1.55989],[-75.570181,1.559839],[-75.570204,1.559805],[-75.570227,1.55977],[-75.57025,1.559724],[-75.570273,1.559788],[-75.570296,1.559765],[-75.570311,1.559719],[-75.570326,1.559684],[-75.570326,1.559644],[-75.570342,1.55961],[-75.570357,1.559564],[-75.570379,1.55953],[-75.570379,1.559421],[-75.570387,1.559386],[-75.570403,1.559352],[-75.570403,1.559317],[-75.570365,1.559283],[-75.570334,1.559277],[-75.570288,1.559265],[-75.570235,1.559265],[-75.570196,1.559259],[-75.570166,1.559242],[-75.570128,1.559225],[-75.570098,1.559202],[-75.570059,1.559173],[-75.570021,1.559139],[-75.569998,1.559099],[-75.569983,1.559052],[-75.569967,1.559018],[-75.569975,1.558955],[-75.569975,1.558886],[-75.569998,1.558852],[-75.570021,1.558818],[-75.570036,1.558789],[-75.570074,1.558772],[-75.57012,1.558748],[-75.570151,1.55872],[-75.570197,1.558703],[-75.570235,1.558697],[-75.570281,1.558697],[-75.570326,1.558686],[-75.570372,1.558685],[-75.570418,1.558674],[-75.570448,1.558662],[-75.570487,1.558634],[-75.570517,1.558599],[-75.570533,1.558566],[-75.570555,1.558531],[-75.570555,1.558496],[-75.570585,1.558456],[-75.570609,1.558353],[-75.570624,1.558318],[-75.570624,1.558249],[-75.570608,1.558215],[-75.570578,1.55818],[-75.570547,1.558169],[-75.570509,1.558163],[-75.570479,1.558146],[-75.570441,1.55814],[-75.570342,1.55814],[-75.570304,1.558123],[-75.570288,1.558088],[-75.570272,1.558019],[-75.570273,1.55795],[-75.57028,1.557893],[-75.57028,1.557847],[-75.570296,1.557778],[-75.570303,1.557743],[-75.570303,1.557675],[-75.570281,1.557641],[-75.570273,1.557606],[-75.570235,1.55756],[-75.570204,1.557537],[-75.570166,1.55752],[-75.57009,1.557497],[-75.570029,1.557468],[-75.569953,1.557417],[-75.569815,1.557417],[-75.569754,1.557427],[-75.569662,1.557428],[-75.569624,1.557433],[-75.569555,1.557433],[-75.569517,1.557411],[-75.569487,1.557376],[-75.569449,1.557273],[-75.569419,1.557221],[-75.569419,1.557181],[-75.569411,1.557095],[-75.569411,1.556882],[-75.569419,1.556796],[-75.569419,1.556721],[-75.569411,1.556664],[-75.569411,1.556521],[-75.569396,1.556417],[-75.56938,1.556354],[-75.56938,1.55632],[-75.569373,1.556285],[-75.569365,1.556245],[-75.569342,1.556177],[-75.569319,1.556136],[-75.569304,1.556102],[-75.569281,1.556067],[-75.569251,1.556021],[-75.569235,1.555987],[-75.569197,1.555946],[-75.569167,1.555901],[-75.569121,1.555866],[-75.569083,1.555843],[-75.569022,1.555814],[-75.56896,1.555797],[-75.568915,1.555768],[-75.568831,1.555723],[-75.568801,1.5557],[-75.568747,1.555682],[-75.568679,1.555642],[-75.56864,1.555625],[-75.568594,1.555602],[-75.56854,1.555573],[-75.568502,1.55555],[-75.56848,1.555516],[-75.568457,1.555464],[-75.568434,1.555413],[-75.568411,1.555349],[-75.568396,1.555246],[-75.568388,1.555183],[-75.568366,1.555062],[-75.56832,1.554902],[-75.568282,1.554804],[-75.568251,1.554717],[-75.568251,1.554603],[-75.568228,1.5545],[-75.568206,1.554413],[-75.568198,1.554328],[-75.568182,1.554247],[-75.568182,1.554018],[-75.568168,1.553983],[-75.56816,1.553943],[-75.56816,1.553891],[-75.568144,1.55384],[-75.568136,1.553794],[-75.568114,1.553743],[-75.568098,1.553702],[-75.568052,1.553633],[-75.56803,1.553599],[-75.568,1.55357],[-75.567961,1.553541],[-75.567931,1.553536],[-75.5679,1.553524],[-75.567869,1.553519],[-75.567831,1.553501],[-75.567793,1.55349],[-75.567763,1.553472],[-75.56774,1.553438],[-75.567732,1.553403],[-75.567732,1.553369],[-75.567725,1.553334],[-75.567747,1.553294],[-75.567779,1.55326],[-75.567817,1.553243],[-75.567847,1.553214],[-75.567877,1.55318],[-75.567885,1.553145],[-75.567885,1.553076],[-75.567862,1.553042],[-75.567839,1.553007],[-75.567793,1.55299],[-75.567763,1.552978],[-75.567725,1.552967],[-75.567695,1.552961],[-75.567656,1.552956],[-75.567625,1.552939],[-75.567595,1.552921],[-75.567556,1.55291],[-75.567526,1.55291],[-75.567488,1.552904],[-75.56745,1.552892],[-75.567419,1.552887],[-75.567381,1.552881],[-75.567359,1.552875],[-75.567321,1.552852],[-75.567289,1.55284],[-75.567251,1.552823],[-75.567229,1.552789],[-75.567213,1.552754],[-75.567206,1.552703],[-75.567206,1.552657],[-75.567221,1.552611],[-75.567221,1.552445],[-75.567237,1.552347],[-75.567251,1.552267],[-75.567267,1.552187],[-75.567274,1.552123],[-75.567282,1.552071],[-75.567282,1.55198],[-75.56726,1.551945],[-75.567244,1.551865],[-75.567244,1.551796],[-75.567252,1.55175],[-75.567266,1.55171],[-75.567274,1.551676],[-75.567297,1.551641],[-75.56732,1.551602],[-75.567335,1.551555],[-75.567359,1.55152],[-75.567389,1.551486],[-75.567419,1.551435],[-75.567427,1.5514],[-75.56745,1.551314],[-75.56745,1.551245],[-75.567466,1.551181],[-75.567466,1.551124],[-75.567442,1.551067],[-75.567412,1.550987],[-75.567336,1.550844],[-75.567267,1.550757],[-75.567199,1.550659],[-75.567121,1.550544],[-75.567061,1.550435],[-75.567015,1.550315],[-75.566992,1.550212],[-75.566985,1.550166],[-75.566962,1.550097],[-75.566916,1.54997],[-75.566901,1.549919],[-75.56687,1.549872],[-75.566832,1.549763],[-75.566817,1.549689],[-75.566786,1.549626],[-75.566764,1.549557],[-75.566756,1.549523],[-75.56674,1.549471],[-75.566718,1.549402],[-75.566687,1.549316],[-75.566656,1.549259],[-75.566596,1.549086],[-75.566572,1.548994],[-75.566542,1.548896],[-75.566526,1.548753],[-75.56652,1.548656],[-75.566504,1.548438],[-75.566488,1.5483],[-75.566473,1.548167],[-75.566458,1.54807],[-75.56642,1.547903],[-75.566405,1.547828],[-75.566382,1.547765],[-75.566351,1.547691],[-75.566328,1.547633],[-75.566306,1.547581],[-75.566268,1.54749],[-75.566184,1.547386],[-75.56613,1.547323],[-75.566084,1.547254],[-75.566008,1.547156],[-75.565977,1.547047],[-75.565955,1.546973],[-75.565939,1.546933],[-75.565901,1.546909],[-75.565871,1.546852],[-75.565817,1.546766],[-75.565787,1.546668],[-75.565756,1.546593],[-75.565733,1.546519],[-75.56571,1.546473],[-75.565665,1.546358],[-75.565626,1.546294],[-75.565566,1.546225],[-75.565534,1.546185],[-75.565482,1.546122],[-75.565413,1.546036],[-75.565359,1.545973],[-75.565283,1.545892],[-75.565229,1.545842],[-75.565191,1.545801],[-75.565062,1.545732],[-75.565024,1.545697],[-75.56494,1.545651],[-75.564849,1.545594],[-75.564726,1.54553],[-75.564634,1.545496],[-75.564582,1.545473],[-75.564489,1.545444],[-75.564443,1.545427],[-75.564367,1.545398],[-75.564276,1.545352],[-75.564246,1.545335],[-75.564208,1.545329],[-75.564162,1.545318],[-75.564108,1.545317],[-75.564047,1.54534],[-75.564017,1.545358],[-75.563979,1.545381],[-75.563948,1.545392],[-75.56391,1.545404],[-75.563872,1.545415],[-75.563818,1.545427],[-75.563788,1.545433],[-75.56375,1.545438],[-75.563627,1.545405],[-75.563513,1.545348],[-75.56341,1.545283],[-75.563216,1.545178],[-75.562987,1.545069],[-75.562833,1.54496],[-75.562718,1.544747],[-75.562666,1.544501],[-75.562466,1.54419],[-75.562323,1.543961],[-75.562105,1.543536],[-75.561991,1.543129],[-75.56191,1.542991],[-75.561762,1.542767],[-75.561636,1.54252],[-75.561738,1.542348],[-75.56168,1.542089],[-75.561578,1.541865],[-75.561588,1.541475],[-75.561468,1.541147],[-75.561307,1.540929],[-75.561005,1.540694],[-75.560593,1.540241],[-75.560359,1.540046],[-75.56021,1.539885],[-75.560044,1.539696],[-75.559775,1.539438],[-75.559947,1.539409],[-75.560129,1.539328],[-75.560283,1.539293],[-75.560768,1.539132],[-75.561105,1.538971],[-75.561247,1.538833],[-75.561503,1.538609],[-75.561749,1.538316],[-75.562085,1.538057],[-75.562336,1.537832],[-75.562638,1.537568],[-75.563014,1.537332],[-75.563225,1.537309],[-75.56359,1.537264],[-75.563651,1.537257],[-75.564017,1.537234],[-75.564452,1.537149],[-75.564703,1.53697],[-75.564833,1.536713],[-75.565016,1.536431],[-75.565237,1.536162],[-75.565374,1.53591],[-75.565467,1.535749],[-75.565558,1.535543],[-75.565688,1.535406],[-75.565886,1.535297],[-75.566084,1.535263],[-75.566313,1.535503],[-75.566436,1.535768],[-75.566603,1.536004],[-75.566717,1.536113],[-75.567121,1.536228],[-75.567481,1.536247],[-75.568038,1.536318],[-75.569006,1.536649],[-75.569358,1.536749],[-75.569655,1.53679],[-75.569929,1.536831],[-75.570273,1.536942],[-75.570655,1.537042],[-75.571196,1.537102],[-75.571296,1.537113],[-75.571448,1.537131],[-75.57157,1.537155],[-75.571676,1.537201],[-75.57173,1.537213],[-75.571814,1.537253],[-75.572241,1.537273],[-75.572432,1.537107],[-75.572593,1.537084],[-75.572752,1.537039],[-75.573035,1.537023],[-75.573393,1.537087],[-75.573745,1.537267],[-75.573905,1.537238],[-75.574187,1.537148],[-75.574499,1.537177],[-75.57476,1.537304],[-75.574919,1.537351],[-75.575026,1.537391],[-75.575232,1.537461],[-75.575499,1.537548],[-75.575743,1.537549],[-75.576209,1.537492],[-75.576407,1.537418],[-75.576697,1.537407],[-75.576881,1.537401],[-75.576933,1.53747],[-75.576972,1.537632],[-75.577033,1.537804],[-75.577285,1.537795],[-75.577643,1.537754],[-75.578071,1.537847],[-75.578368,1.538019],[-75.578452,1.538186],[-75.57875,1.538301],[-75.578818,1.538484],[-75.578925,1.538749],[-75.578948,1.538916],[-75.579093,1.539036],[-75.579153,1.539117],[-75.579306,1.539151],[-75.579802,1.539215],[-75.580154,1.539261],[-75.58026,1.539422],[-75.580345,1.539519],[-75.580451,1.539732],[-75.58055,1.539813],[-75.580695,1.53987],[-75.58084,1.539859],[-75.581084,1.539825],[-75.581229,1.53979],[-75.581878,1.540014],[-75.582076,1.540279],[-75.58219,1.540337],[-75.582381,1.5404],[-75.582404,1.540394],[-75.582405,1.540302],[-75.582419,1.54021],[-75.582473,1.540176],[-75.582458,1.540038],[-75.58251,1.539935],[-75.58261,1.539888],[-75.58287,1.540015],[-75.582976,1.540199],[-75.58303,1.540308],[-75.583098,1.540418],[-75.583183,1.540452],[-75.583374,1.540412],[-75.583465,1.540171],[-75.583702,1.540154],[-75.583937,1.540154],[-75.584213,1.540119],[-75.584434,1.540033],[-75.584502,1.539913],[-75.584571,1.539717],[-75.584571,1.539447],[-75.584662,1.539373],[-75.5848,1.539396],[-75.584831,1.539407],[-75.584915,1.5395],[-75.585029,1.540149],[-75.58512,1.54031],[-75.585349,1.540545],[-75.585601,1.540718],[-75.585853,1.540747],[-75.586257,1.540827],[-75.586371,1.540908],[-75.586532,1.54104],[-75.586677,1.541063],[-75.586791,1.541046],[-75.587035,1.541052],[-75.587089,1.541075],[-75.587615,1.541],[-75.587791,1.540892],[-75.587936,1.540823],[-75.588187,1.540857],[-75.588348,1.540943],[-75.588691,1.540904],[-75.588928,1.541231],[-75.589057,1.54149],[-75.589286,1.541754],[-75.589545,1.541995],[-75.589653,1.542151],[-75.590316,1.54322],[-75.59053,1.543501],[-75.590675,1.543777],[-75.590827,1.544058],[-75.590812,1.544294],[-75.590796,1.54449],[-75.590796,1.544684],[-75.590828,1.544811],[-75.590973,1.544857],[-75.591178,1.544834],[-75.591323,1.544679],[-75.591422,1.544582],[-75.591514,1.544542],[-75.591675,1.544513],[-75.591804,1.544536],[-75.591926,1.544634],[-75.591964,1.544725],[-75.591956,1.544886],[-75.591942,1.544927],[-75.591835,1.545082],[-75.591789,1.545185],[-75.59175,1.545283],[-75.591788,1.54545],[-75.591911,1.545415],[-75.592064,1.545352],[-75.592208,1.545662],[-75.592224,1.545788],[-75.592292,1.546064],[-75.592415,1.546099],[-75.592628,1.546024],[-75.592872,1.545939],[-75.593048,1.545979],[-75.593147,1.546248],[-75.593048,1.546473],[-75.592979,1.546743],[-75.593108,1.546921],[-75.593192,1.547128],[-75.593147,1.547472],[-75.592978,1.547645],[-75.592849,1.54776],[-75.592682,1.547886],[-75.59265,1.548052],[-75.59272,1.54823],[-75.593086,1.548265],[-75.593192,1.548369],[-75.593216,1.548742],[-75.593185,1.548937],[-75.593169,1.549144],[-75.593177,1.549374],[-75.593406,1.549546],[-75.593643,1.549633],[-75.593696,1.549742],[-75.593727,1.54996],[-75.593727,1.550058],[-75.593765,1.550213],[-75.593849,1.550293],[-75.594039,1.550305],[-75.594139,1.550271],[-75.594199,1.55007],[-75.594208,1.549811],[-75.59426,1.549742],[-75.594528,1.549725],[-75.594604,1.549909],[-75.594642,1.550167],[-75.594772,1.550277],[-75.594978,1.550248],[-75.595191,1.550248],[-75.595305,1.55038],[-75.595359,1.550576],[-75.595566,1.550714],[-75.596099,1.55068],[-75.59626,1.550565],[-75.596473,1.550364],[-75.596557,1.550267],[-75.596801,1.550151],[-75.5969,1.550198],[-75.596931,1.550313],[-75.596847,1.550462],[-75.596724,1.550761],[-75.596702,1.551059],[-75.596778,1.551232],[-75.597114,1.551335],[-75.59732,1.551341],[-75.59764,1.551318],[-75.597816,1.551199],[-75.597747,1.551003],[-75.597725,1.550825],[-75.597983,1.550687],[-75.598357,1.550624],[-75.598449,1.550722],[-75.598525,1.551003],[-75.59864,1.551152],[-75.598877,1.551112],[-75.598945,1.551003],[-75.598831,1.550704],[-75.598808,1.550405],[-75.598854,1.550228],[-75.599037,1.550204],[-75.599266,1.550515],[-75.599365,1.550549],[-75.59964,1.550624],[-75.599838,1.550647],[-75.599937,1.550653],[-75.599907,1.55047],[-75.599876,1.550314],[-75.599922,1.550223],[-75.600036,1.550142],[-75.600113,1.550142],[-75.600242,1.550188],[-75.600356,1.550361],[-75.60038,1.550504],[-75.600448,1.550585],[-75.600509,1.550585],[-75.600547,1.550579],[-75.600601,1.550481],[-75.600533,1.550258],[-75.600585,1.550125],[-75.600822,1.5502],[-75.600945,1.550315],[-75.601104,1.550545],[-75.601196,1.550568],[-75.601325,1.550625],[-75.60147,1.55058],[-75.601494,1.550511],[-75.601394,1.550327],[-75.601372,1.550171],[-75.60157,1.550149],[-75.601577,1.549976],[-75.601608,1.549689],[-75.601738,1.549592],[-75.601845,1.549713],[-75.601798,1.549954],[-75.601852,1.550063],[-75.602081,1.550132],[-75.602295,1.55008],[-75.602493,1.550046],[-75.602653,1.550052],[-75.602767,1.550064],[-75.602928,1.550161],[-75.602996,1.550247],[-75.603058,1.550592],[-75.603042,1.550684],[-75.602997,1.550816],[-75.602897,1.550988],[-75.602782,1.55108],[-75.602561,1.551155],[-75.602378,1.551252],[-75.602355,1.551384],[-75.60247,1.551488],[-75.602576,1.551683],[-75.602608,1.551856],[-75.602616,1.552005],[-75.602768,1.552253],[-75.602783,1.552268],[-75.602531,1.552499],[-75.602523,1.55266],[-75.602478,1.552786],[-75.602371,1.552924],[-75.602303,1.553073],[-75.602249,1.553269],[-75.602272,1.553441],[-75.602363,1.553476],[-75.602584,1.553527],[-75.602692,1.553757],[-75.602638,1.554033],[-75.602852,1.554395],[-75.603142,1.554596],[-75.603485,1.554953],[-75.603477,1.555091],[-75.603348,1.555418],[-75.603249,1.55574],[-75.60324,1.55601],[-75.603347,1.556222],[-75.603455,1.556326],[-75.603614,1.556441],[-75.603736,1.556642],[-75.603774,1.556814],[-75.603714,1.556958],[-75.603538,1.55701],[-75.603263,1.557021],[-75.603012,1.557055],[-75.602905,1.557216],[-75.602768,1.557451],[-75.602814,1.557698],[-75.60286,1.557951],[-75.602836,1.558198],[-75.602813,1.558411],[-75.602989,1.55864],[-75.60318,1.558956],[-75.603309,1.559255],[-75.603423,1.559623],[-75.603431,1.559853],[-75.603416,1.56014],[-75.603523,1.560531],[-75.604065,1.560732],[-75.604232,1.560825],[-75.604324,1.560951],[-75.60437,1.561273],[-75.60437,1.561461],[-75.60469,1.56133],[-75.604957,1.561273],[-75.605049,1.561428],[-75.604988,1.561669],[-75.604988,1.561847],[-75.605148,1.561773],[-75.605331,1.561675],[-75.605636,1.561526],[-75.605674,1.561721],[-75.605621,1.562095],[-75.60582,1.562233],[-75.60614,1.562325],[-75.606865,1.562515],[-75.607169,1.56259],[-75.607483,1.562682],[-75.607613,1.56278],[-75.607681,1.562941],[-75.607689,1.56332],[-75.60778,1.563486],[-75.60791,1.563596],[-75.6082,1.56359],[-75.608597,1.563608],[-75.608925,1.56355],[-75.609062,1.563527],[-75.609237,1.563505],[-75.60942,1.563424],[-75.609466,1.563413],[-75.609559,1.563384],[-75.609627,1.563344],[-75.609787,1.562758],[-75.609856,1.56262],[-75.609985,1.562505],[-75.610077,1.562471],[-75.610282,1.562327],[-75.610351,1.562121],[-75.610381,1.562006],[-75.610397,1.561925],[-75.61042,1.561891],[-75.61071,1.562121],[-75.610832,1.562172],[-75.610978,1.562115],[-75.611008,1.562006],[-75.611008,1.56188],[-75.611007,1.561776],[-75.611023,1.561713],[-75.611115,1.561708],[-75.611175,1.56192],[-75.611183,1.562081],[-75.61129,1.562253],[-75.611541,1.562116],[-75.611648,1.562053],[-75.611961,1.562191],[-75.611816,1.562363],[-75.611824,1.562719],[-75.612205,1.563311],[-75.612213,1.563518],[-75.612366,1.56388],[-75.612465,1.564035],[-75.612656,1.56427],[-75.612694,1.564282],[-75.612771,1.564368],[-75.612885,1.564512],[-75.612892,1.564592],[-75.612861,1.564667],[-75.612709,1.564724],[-75.612519,1.564874],[-75.612511,1.564937],[-75.612557,1.565029],[-75.612625,1.564994],[-75.612754,1.564908],[-75.612801,1.564897],[-75.612839,1.564937],[-75.612839,1.565041],[-75.61277,1.565207],[-75.612747,1.565276],[-75.612831,1.565592],[-75.612747,1.565684],[-75.61277,1.565822],[-75.613038,1.566253],[-75.613044,1.566333],[-75.612899,1.566396],[-75.612656,1.566419],[-75.612633,1.566586],[-75.612732,1.566764],[-75.612907,1.566787],[-75.612983,1.566868],[-75.612976,1.567069],[-75.612946,1.567258],[-75.612984,1.567454],[-75.613197,1.56758],[-75.613404,1.567741],[-75.613442,1.567868],[-75.613418,1.568],[-75.613243,1.568109],[-75.613174,1.568258],[-75.613166,1.568459],[-75.613327,1.568539],[-75.61393,1.568643],[-75.614105,1.568741],[-75.614334,1.568873],[-75.614502,1.569057],[-75.61451,1.569298],[-75.614334,1.569844],[-75.614274,1.570114],[-75.614288,1.570436],[-75.614494,1.570769],[-75.614807,1.571011],[-75.615105,1.571206],[-75.615364,1.571419],[-75.615517,1.571591],[-75.61557,1.571793],[-75.615555,1.572125],[-75.615387,1.572504],[-75.615372,1.572775],[-75.615402,1.572959],[-75.615845,1.573137],[-75.616082,1.573206],[-75.616584,1.573511],[-75.616913,1.573563],[-75.617294,1.573557],[-75.617692,1.57362],[-75.617867,1.57362],[-75.618027,1.573742],[-75.618019,1.57396],[-75.617798,1.574247],[-75.6176,1.574609],[-75.617638,1.574896],[-75.61805,1.575195],[-75.618485,1.575557],[-75.618737,1.575937],[-75.619042,1.5765],[-75.61921,1.577178],[-75.619316,1.577534],[-75.619309,1.577833],[-75.619271,1.578085],[-75.619178,1.578281],[-75.619019,1.578384],[-75.618713,1.578516],[-75.618591,1.578527],[-75.619787,1.581056],[-75.619759,1.581082],[-75.61969,1.58114],[-75.619629,1.581203],[-75.61956,1.58126],[-75.619469,1.581346],[-75.619377,1.581455],[-75.619301,1.581587],[-75.619232,1.581702],[-75.619202,1.58184],[-75.619202,1.581875],[-75.619163,1.582007],[-75.619133,1.582139],[-75.619111,1.582237],[-75.619057,1.582391],[-75.618996,1.582518],[-75.618911,1.582627],[-75.61882,1.58273],[-75.618728,1.582817],[-75.618607,1.582891],[-75.618477,1.582932],[-75.61837,1.582966],[-75.618241,1.583],[-75.618103,1.58304],[-75.617989,1.583069],[-75.617867,1.583104],[-75.617752,1.58315],[-75.617615,1.583224],[-75.617515,1.583276],[-75.617378,1.583374],[-75.617325,1.583437],[-75.617241,1.583557],[-75.617142,1.583707],[-75.617058,1.583867],[-75.616989,1.584005],[-75.616943,1.584109],[-75.616844,1.584281],[-75.616768,1.584402],[-75.616661,1.584551],[-75.616501,1.584729],[-75.616379,1.584826],[-75.61625,1.584936],[-75.616111,1.585045],[-75.615998,1.585131],[-75.61589,1.585194],[-75.615807,1.58528],[-75.615723,1.58532],[-75.615677,1.585343],[-75.615578,1.58539],[-75.615517,1.585424],[-75.615395,1.585516],[-75.615334,1.585539],[-75.615242,1.585585],[-75.615173,1.585636],[-75.615082,1.585671],[-75.614998,1.585694],[-75.614899,1.585734],[-75.614815,1.585757],[-75.614708,1.585809],[-75.614647,1.585838],[-75.614616,1.585855],[-75.614578,1.585872],[-75.614525,1.585895],[-75.614471,1.585918],[-75.614433,1.585923],[-75.614395,1.585941],[-75.614365,1.585958],[-75.614326,1.58597],[-75.614296,1.585992],[-75.61425,1.586004],[-75.61422,1.586015],[-75.614172,1.586063],[-75.613876,1.586368],[-75.613869,1.586367],[-75.613755,1.586343],[-75.613389,1.586291],[-75.612976,1.586366],[-75.612892,1.586447],[-75.612846,1.586711],[-75.612777,1.586917],[-75.61264,1.587106],[-75.612449,1.587216],[-75.612191,1.587325],[-75.611885,1.587566],[-75.611672,1.587778],[-75.611511,1.587962],[-75.611412,1.588151],[-75.611283,1.588531],[-75.611214,1.588777],[-75.611129,1.588996],[-75.611061,1.589203],[-75.610992,1.589651],[-75.611068,1.589829],[-75.611138,1.590081],[-75.611061,1.590317],[-75.610954,1.590512],[-75.610741,1.590702],[-75.610129,1.591227],[-75.609573,1.591871],[-75.609497,1.5919],[-75.609421,1.591924],[-75.609321,1.591958],[-75.609177,1.591998],[-75.608986,1.592067],[-75.608636,1.592204],[-75.608284,1.592337],[-75.608101,1.592395],[-75.607803,1.592578],[-75.607743,1.592619],[-75.607582,1.592722],[-75.607376,1.592843],[-75.60717,1.592968],[-75.607017,1.593031],[-75.606926,1.593083],[-75.606757,1.59321],[-75.606644,1.593273],[-75.606475,1.593376],[-75.606422,1.593411],[-75.606254,1.593531],[-75.606125,1.593641],[-75.60604,1.593732],[-75.605957,1.593801],[-75.605835,1.593858],[-75.605698,1.59395],[-75.605476,1.594033],[-75.605141,1.594177],[-75.604903,1.594222],[-75.604706,1.59429],[-75.604348,1.594374],[-75.604133,1.594427],[-75.60392,1.594404],[-75.603646,1.594434],[-75.603286,1.594426],[-75.60289,1.59441],[-75.602852,1.594411],[-75.602393,1.594633],[-75.602073,1.595202],[-75.602025,1.595452],[-75.6017,1.59541],[-75.601208,1.595349],[-75.600586,1.59527],[-75.600587,1.59526],[-75.60059,1.595233],[-75.600614,1.595019],[-75.600628,1.594898],[-75.600644,1.594732],[-75.600695,1.594207],[-75.600458,1.594165],[-75.600213,1.594132],[-75.600091,1.594116],[-75.599977,1.594095],[-75.599328,1.593974],[-75.599089,1.59393],[-75.598751,1.593867],[-75.598755,1.593847],[-75.598568,1.5938],[-75.598398,1.59375],[-75.598264,1.59369],[-75.598188,1.593665],[-75.598133,1.593661],[-75.598062,1.593675],[-75.59798,1.593698],[-75.597905,1.593725],[-75.597905,1.593724],[-75.597905,1.593688],[-75.597895,1.593608],[-75.597886,1.593532],[-75.597889,1.593437],[-75.597879,1.593002],[-75.59736,1.592962],[-75.596543,1.593029],[-75.596086,1.593134],[-75.595327,1.593412],[-75.594791,1.593609],[-75.59401,1.593753],[-75.593917,1.59377],[-75.593576,1.593811],[-75.593275,1.593847],[-75.593155,1.593827],[-75.592455,1.593709],[-75.59154,1.593415],[-75.591085,1.593171],[-75.590323,1.592762],[-75.590286,1.592927],[-75.590194,1.593333],[-75.590416,1.593646],[-75.590424,1.593657],[-75.59065,1.593827],[-75.59073,1.593883],[-75.590831,1.593865],[-75.590915,1.593859],[-75.590995,1.593886],[-75.591063,1.593934],[-75.591144,1.593999],[-75.59122,1.594084],[-75.591224,1.594089],[-75.591271,1.594136]]]},"properties":{"nombre_ver":"SAN PABLO","codigo_ver":"18001003","nomb_mpio":"FLORENCIA","nom_dep":"CAQUETÁ","area_ha":2419.11,"meta_ae":2133,"meta_fb":201,"anio":2030}},{"type":"Feature","geometry":{"type":"Polygon","coordinates":[[[-75.63998,1.621151],[-75.64004,1.621009],[-75.640051,1.620984],[-75.640074,1.620929],[-75.640105,1.620844],[-75.640204,1.620578],[-75.640236,1.62049],[-75.640258,1.62043],[-75.640262,1.620422],[-75.640272,1.620393],[-75.640285,1.620352],[-75.640064,1.620281],[-75.639721,1.620166],[-75.639705,1.62016],[-75.639455,1.620095],[-75.639359,1.62007],[-75.639309,1.620057],[-75.638954,1.619959],[-75.63857,1.619836],[-75.638465,1.619799],[-75.638448,1.619815],[-75.638433,1.61983],[-75.638001,1.620263],[-75.6379,1.620365],[-75.63768,1.620536],[-75.637591,1.620607],[-75.637583,1.620614],[-75.637407,1.620755],[-75.63738,1.620767],[-75.637319,1.620795],[-75.636995,1.62094],[-75.637049,1.621028],[-75.6371,1.621119],[-75.637105,1.621128],[-75.63717,1.621245],[-75.63724,1.621371],[-75.637311,1.621497],[-75.637371,1.621607],[-75.637381,1.621624],[-75.637442,1.621733],[-75.637451,1.62175],[-75.637521,1.621876],[-75.637534,1.621897],[-75.637605,1.622021],[-75.637284,1.622198],[-75.637255,1.622224],[-75.637228,1.622256],[-75.637227,1.622257],[-75.637211,1.622274],[-75.637174,1.62231],[-75.637149,1.622332],[-75.637132,1.622348],[-75.637113,1.622359],[-75.636872,1.622463],[-75.636853,1.622477],[-75.636789,1.622523],[-75.6367,1.622576],[-75.63664,1.622609],[-75.636587,1.622613],[-75.636569,1.622614],[-75.636567,1.622614],[-75.636552,1.622596],[-75.636495,1.622584],[-75.636471,1.622558],[-75.636442,1.622536],[-75.636425,1.622524],[-75.63638,1.622524],[-75.636321,1.622512],[-75.636279,1.622458],[-75.636291,1.622445],[-75.636296,1.622412],[-75.636282,1.622372],[-75.636257,1.622332],[-75.636222,1.622302],[-75.636195,1.622293],[-75.636199,1.622251],[-75.636191,1.622242],[-75.636172,1.622246],[-75.636133,1.622253],[-75.636114,1.622262],[-75.636048,1.622263],[-75.636032,1.62225],[-75.63603,1.622206],[-75.636037,1.622135],[-75.636042,1.622088],[-75.636033,1.622073],[-75.63603,1.622071],[-75.63603,1.622067],[-75.636007,1.622041],[-75.636005,1.622039],[-75.636001,1.622012],[-75.636,1.621995],[-75.635999,1.621993],[-75.635993,1.621978],[-75.63594,1.621952],[-75.63588,1.621915],[-75.635834,1.621932],[-75.635809,1.621936],[-75.635804,1.621926],[-75.635826,1.62191],[-75.635842,1.621884],[-75.635851,1.621847],[-75.635859,1.62184],[-75.63589,1.62181],[-75.635955,1.62178],[-75.636007,1.621772],[-75.636025,1.621769],[-75.636062,1.621766],[-75.636046,1.621707],[-75.636045,1.621705],[-75.636007,1.621664],[-75.635984,1.62164],[-75.635964,1.621585],[-75.635973,1.621571],[-75.635979,1.62156],[-75.636017,1.621494],[-75.636012,1.621435],[-75.636003,1.621419],[-75.635993,1.621401],[-75.635966,1.621388],[-75.635942,1.621385],[-75.635938,1.621344],[-75.635943,1.621319],[-75.635948,1.621296],[-75.63596,1.621272],[-75.635976,1.621246],[-75.635955,1.62121],[-75.635947,1.621196],[-75.635982,1.621141],[-75.635991,1.621062],[-75.636029,1.621016],[-75.636034,1.620956],[-75.635998,1.620925],[-75.63591,1.620901],[-75.635865,1.620839],[-75.635889,1.620755],[-75.635968,1.62065],[-75.635953,1.620586],[-75.635968,1.620559],[-75.635955,1.620495],[-75.635951,1.620473],[-75.63598,1.620456],[-75.635968,1.620394],[-75.635961,1.620358],[-75.635992,1.620334],[-75.635994,1.620238],[-75.635993,1.620165],[-75.635992,1.620087],[-75.635992,1.620076],[-75.63598,1.61999],[-75.635941,1.619921],[-75.635951,1.619879],[-75.635948,1.619845],[-75.635907,1.619776],[-75.635843,1.619733],[-75.635816,1.61969],[-75.635816,1.619654],[-75.635735,1.619631],[-75.635676,1.619575],[-75.635612,1.6195],[-75.635582,1.619466],[-75.635565,1.619408],[-75.635526,1.619354],[-75.635492,1.619323],[-75.635469,1.619339],[-75.635441,1.619349],[-75.635394,1.619341],[-75.635361,1.619326],[-75.635354,1.619289],[-75.635368,1.619249],[-75.635394,1.619176],[-75.635468,1.619097],[-75.635496,1.61907],[-75.635511,1.619041],[-75.635488,1.618975],[-75.635476,1.618949],[-75.635473,1.618943],[-75.635479,1.618846],[-75.635474,1.618839],[-75.635416,1.61876],[-75.635389,1.618745],[-75.635365,1.618742],[-75.635353,1.618729],[-75.635369,1.618682],[-75.63537,1.61864],[-75.635369,1.618637],[-75.635325,1.61853],[-75.635292,1.618444],[-75.635304,1.618315],[-75.635275,1.618252],[-75.635233,1.618163],[-75.635225,1.618146],[-75.635209,1.618115],[-75.635236,1.618101],[-75.63523,1.618089],[-75.635434,1.617973],[-75.635695,1.617822],[-75.6358,1.617749],[-75.635889,1.617688],[-75.63593,1.61764],[-75.635971,1.617564],[-75.635999,1.617482],[-75.636017,1.61741],[-75.636043,1.617416],[-75.636285,1.61747],[-75.636316,1.617477],[-75.636316,1.617477],[-75.636689,1.617206],[-75.636753,1.617205],[-75.637062,1.617202],[-75.639002,1.617181],[-75.639586,1.617174],[-75.641061,1.617158],[-75.641061,1.617102],[-75.641058,1.616802],[-75.641052,1.616098],[-75.641055,1.615699],[-75.641057,1.615421],[-75.641059,1.615236],[-75.64106,1.615139],[-75.64106,1.615049],[-75.64102,1.615027],[-75.640847,1.614857],[-75.640724,1.614727],[-75.6406,1.614725],[-75.640551,1.614687],[-75.640509,1.614631],[-75.640382,1.614559],[-75.640167,1.614495],[-75.640059,1.614463],[-75.639988,1.614472],[-75.639935,1.614489],[-75.63979,1.614478],[-75.639702,1.614487],[-75.639399,1.61452],[-75.6393,1.61452],[-75.639262,1.614539],[-75.639163,1.614544],[-75.639129,1.614522],[-75.639076,1.614548],[-75.639024,1.614577],[-75.638965,1.614583],[-75.63889,1.614584],[-75.638808,1.614585],[-75.638743,1.614586],[-75.638628,1.614693],[-75.638625,1.614724],[-75.638592,1.614759],[-75.638571,1.614768],[-75.638535,1.614768],[-75.638469,1.614751],[-75.638433,1.614751],[-75.638319,1.614798],[-75.638305,1.614796],[-75.63819,1.614761],[-75.638144,1.614763],[-75.637605,1.614786],[-75.636792,1.61482],[-75.636727,1.614805],[-75.636605,1.614778],[-75.636591,1.614745],[-75.636461,1.614444],[-75.636383,1.614263],[-75.636027,1.614294],[-75.634617,1.614419],[-75.634351,1.614443],[-75.633984,1.614475],[-75.633942,1.614445],[-75.633938,1.614444],[-75.633923,1.614438],[-75.633871,1.614419],[-75.633845,1.614383],[-75.633826,1.614314],[-75.633818,1.614267],[-75.633812,1.614232],[-75.63379,1.614119],[-75.633788,1.614051],[-75.633788,1.614041],[-75.633759,1.613896],[-75.633747,1.613793],[-75.633742,1.613743],[-75.633702,1.61362],[-75.633666,1.61356],[-75.633619,1.613527],[-75.633588,1.613484],[-75.633578,1.61346],[-75.633566,1.613429],[-75.63357,1.613376],[-75.633573,1.613336],[-75.633581,1.613287],[-75.633566,1.613237],[-75.63355,1.613222],[-75.633495,1.613172],[-75.633477,1.613147],[-75.633462,1.613125],[-75.633443,1.613077],[-75.633457,1.613043],[-75.633462,1.613032],[-75.633477,1.613017],[-75.633497,1.612998],[-75.633497,1.612997],[-75.633516,1.612941],[-75.633529,1.612903],[-75.633515,1.612842],[-75.633471,1.612799],[-75.633457,1.612785],[-75.633392,1.612761],[-75.633379,1.612757],[-75.633369,1.612761],[-75.633327,1.612781],[-75.633298,1.612794],[-75.633289,1.612799],[-75.633279,1.612803],[-75.633274,1.612808],[-75.633237,1.612813],[-75.633368,1.612536],[-75.633412,1.612464],[-75.63354,1.612257],[-75.633714,1.611964],[-75.633844,1.611749],[-75.633948,1.611603],[-75.634066,1.611485],[-75.634054,1.611424],[-75.634048,1.61139],[-75.634044,1.611372],[-75.634027,1.611255],[-75.634027,1.611127],[-75.634037,1.610943],[-75.634037,1.610933],[-75.634045,1.610893],[-75.634052,1.610854],[-75.634071,1.610816],[-75.634084,1.610791],[-75.634106,1.610747],[-75.634149,1.610681],[-75.634156,1.610636],[-75.63415,1.610564],[-75.63415,1.610563],[-75.634109,1.61048],[-75.634032,1.610366],[-75.633928,1.610246],[-75.633794,1.610105],[-75.633629,1.609941],[-75.633404,1.609732],[-75.633154,1.609505],[-75.632929,1.609305],[-75.632815,1.609196],[-75.632798,1.60918],[-75.632667,1.609042],[-75.632612,1.608981],[-75.632521,1.608881],[-75.63233,1.608657],[-75.632185,1.608495],[-75.632028,1.608347],[-75.63199,1.608325],[-75.631982,1.60832],[-75.631968,1.608312],[-75.631962,1.608312],[-75.631891,1.608312],[-75.631776,1.608357],[-75.631649,1.608424],[-75.631499,1.608487],[-75.631385,1.608547],[-75.631288,1.608562],[-75.63121,1.60855],[-75.631125,1.608506],[-75.631093,1.608441],[-75.631091,1.608431],[-75.631084,1.608379],[-75.631106,1.608259],[-75.631123,1.608112],[-75.631129,1.607932],[-75.631122,1.607776],[-75.631122,1.607715],[-75.631119,1.607625],[-75.631112,1.607565],[-75.631015,1.607475],[-75.631027,1.607455],[-75.631035,1.607444],[-75.631081,1.607377],[-75.631209,1.607191],[-75.631312,1.607041],[-75.632143,1.607409],[-75.632189,1.607429],[-75.632227,1.607344],[-75.632345,1.60708],[-75.632357,1.607054],[-75.632389,1.606982],[-75.632632,1.606438],[-75.632658,1.606381],[-75.632685,1.606321],[-75.632736,1.606207],[-75.632744,1.606183],[-75.632667,1.606166],[-75.632561,1.606138],[-75.632448,1.6061],[-75.632331,1.606048],[-75.632239,1.606013],[-75.632133,1.605975],[-75.632016,1.605942],[-75.631862,1.605917],[-75.631757,1.605899],[-75.631659,1.605851],[-75.631536,1.60578],[-75.631432,1.605752],[-75.631322,1.605724],[-75.631259,1.605691],[-75.631199,1.605632],[-75.631142,1.605568],[-75.631094,1.605498],[-75.631052,1.60545],[-75.630982,1.605385],[-75.630911,1.605336],[-75.630808,1.605287],[-75.630723,1.605251],[-75.630646,1.605189],[-75.63057,1.605117],[-75.630452,1.605031],[-75.630324,1.604935],[-75.63023,1.604839],[-75.630146,1.604747],[-75.630033,1.60462],[-75.62993,1.604514],[-75.62984,1.604425],[-75.629718,1.60431],[-75.629594,1.604208],[-75.629468,1.604106],[-75.629349,1.603996],[-75.628898,1.604459],[-75.628521,1.604159],[-75.628413,1.604096],[-75.628413,1.604096],[-75.628252,1.604162],[-75.627919,1.604185],[-75.627662,1.604137],[-75.627587,1.604134],[-75.627471,1.60412],[-75.627368,1.604079],[-75.62723,1.604032],[-75.627199,1.604012],[-75.627141,1.604011],[-75.627066,1.60401],[-75.626914,1.604006],[-75.626558,1.604],[-75.625934,1.603986],[-75.62484,1.603985],[-75.62484,1.603968],[-75.62484,1.603966],[-75.62484,1.603929],[-75.624841,1.603534],[-75.624839,1.60342],[-75.624776,1.603409],[-75.624588,1.603378],[-75.624303,1.603306],[-75.624122,1.603244],[-75.623927,1.603118],[-75.623831,1.60326],[-75.623736,1.603402],[-75.623725,1.603418],[-75.623688,1.603397],[-75.623655,1.603463],[-75.62347,1.603746],[-75.623358,1.603889],[-75.623337,1.604004],[-75.623336,1.604221],[-75.623348,1.604442],[-75.623374,1.60469],[-75.623362,1.604882],[-75.623362,1.6052],[-75.623372,1.605592],[-75.623371,1.605767],[-75.623328,1.60583],[-75.623231,1.605906],[-75.623174,1.605975],[-75.623117,1.606075],[-75.623056,1.606202],[-75.623005,1.606284],[-75.622964,1.606306],[-75.622898,1.606316],[-75.62282,1.606323],[-75.622728,1.606313],[-75.622621,1.606282],[-75.622523,1.606266],[-75.622511,1.606263],[-75.622468,1.606251],[-75.622466,1.60625],[-75.622464,1.606249],[-75.622372,1.606176],[-75.622278,1.606114],[-75.622201,1.606036],[-75.622138,1.605968],[-75.622115,1.60595],[-75.62207,1.605914],[-75.62202,1.605879],[-75.62196,1.605836],[-75.621903,1.605809],[-75.621857,1.605805],[-75.621819,1.605813],[-75.621782,1.605812],[-75.621748,1.605772],[-75.621717,1.605732],[-75.621665,1.605665],[-75.621618,1.605605],[-75.621582,1.605495],[-75.621416,1.605549],[-75.621395,1.605396],[-75.621445,1.605119],[-75.621488,1.604875],[-75.621488,1.604628],[-75.621388,1.604499],[-75.621229,1.604415],[-75.621178,1.604401],[-75.620863,1.604312],[-75.620853,1.60431],[-75.620797,1.604298],[-75.6203,1.604194],[-75.619743,1.604139],[-75.619092,1.604165],[-75.618437,1.604224],[-75.617817,1.604313],[-75.617791,1.604315],[-75.617417,1.604343],[-75.617103,1.604366],[-75.616947,1.604377],[-75.616483,1.604345],[-75.615733,1.604176],[-75.615713,1.604172],[-75.615681,1.604173],[-75.615132,1.604193],[-75.614586,1.604343],[-75.61403,1.604558],[-75.613566,1.60482],[-75.613085,1.605254],[-75.612528,1.605766],[-75.61238,1.605867],[-75.611973,1.606144],[-75.61178,1.606259],[-75.611638,1.606344],[-75.611552,1.606395],[-75.611479,1.606405],[-75.611174,1.606448],[-75.610953,1.60643],[-75.610582,1.606351],[-75.61024,1.606254],[-75.609937,1.606042],[-75.609584,1.605669],[-75.609501,1.605617],[-75.609323,1.605507],[-75.609083,1.605358],[-75.608851,1.605214],[-75.608494,1.604993],[-75.607364,1.604347],[-75.606707,1.603869],[-75.606369,1.603492],[-75.606036,1.603127],[-75.605882,1.60269],[-75.605781,1.602379],[-75.605835,1.602035],[-75.605841,1.601996],[-75.605854,1.601981],[-75.606085,1.601698],[-75.606584,1.601387],[-75.606625,1.601358],[-75.606792,1.60124],[-75.606978,1.601107],[-75.606975,1.60107],[-75.606963,1.600916],[-75.606914,1.600306],[-75.606941,1.600261],[-75.606986,1.600186],[-75.606998,1.600127],[-75.606993,1.600061],[-75.606974,1.599978],[-75.606965,1.599847],[-75.606916,1.599707],[-75.606845,1.599502],[-75.606826,1.599448],[-75.606813,1.599409],[-75.606726,1.599256],[-75.606722,1.59925],[-75.606636,1.599098],[-75.60658,1.599],[-75.606537,1.598924],[-75.606519,1.598893],[-75.606366,1.599],[-75.606149,1.599152],[-75.605789,1.599405],[-75.605696,1.599388],[-75.605612,1.599373],[-75.60549,1.599293],[-75.605467,1.599278],[-75.605368,1.599228],[-75.605352,1.599259],[-75.605334,1.599249],[-75.605254,1.599206],[-75.604989,1.599063],[-75.604975,1.599116],[-75.604938,1.59925],[-75.604927,1.59929],[-75.604923,1.599304],[-75.60492,1.599316],[-75.604915,1.599336],[-75.604754,1.59927],[-75.604632,1.599227],[-75.604594,1.599213],[-75.604592,1.599164],[-75.604587,1.599038],[-75.604585,1.599003],[-75.604585,1.598996],[-75.604585,1.598996],[-75.604585,1.598992],[-75.604584,1.598976],[-75.604582,1.598917],[-75.604582,1.598916],[-75.604582,1.598911],[-75.604579,1.598852],[-75.604578,1.598837],[-75.604574,1.598725],[-75.604573,1.598707],[-75.604569,1.598613],[-75.604568,1.598599],[-75.604571,1.598552],[-75.604571,1.598539],[-75.604569,1.598507],[-75.604566,1.598439],[-75.604565,1.598426],[-75.604565,1.598412],[-75.604563,1.598366],[-75.60456,1.598308],[-75.60456,1.598299],[-75.604557,1.598278],[-75.604556,1.598266],[-75.604556,1.598261],[-75.604555,1.598252],[-75.604552,1.598179],[-75.604551,1.598153],[-75.604551,1.598139],[-75.604547,1.598039],[-75.604546,1.598026],[-75.604545,1.598013],[-75.604542,1.597965],[-75.604541,1.597956],[-75.604537,1.597838],[-75.604536,1.597813],[-75.604536,1.597801],[-75.604534,1.597752],[-75.604533,1.597724],[-75.604533,1.597712],[-75.604526,1.597635],[-75.604517,1.597521],[-75.604508,1.597403],[-75.604507,1.597394],[-75.604501,1.597307],[-75.604493,1.59718],[-75.604492,1.597159],[-75.604486,1.597068],[-75.604486,1.597054],[-75.604482,1.59701],[-75.60447,1.596876],[-75.60446,1.596866],[-75.604051,1.596478],[-75.603985,1.596416],[-75.603894,1.596329],[-75.603878,1.596334],[-75.603811,1.59636],[-75.603561,1.596453],[-75.603444,1.596497],[-75.603382,1.596489],[-75.603067,1.596446],[-75.603069,1.596419],[-75.602798,1.596386],[-75.602799,1.596362],[-75.602811,1.596141],[-75.602337,1.596074],[-75.602315,1.596073],[-75.602343,1.595815],[-75.602382,1.595498],[-75.602025,1.595452],[-75.602073,1.595202],[-75.602393,1.594633],[-75.602852,1.594411],[-75.60289,1.59441],[-75.603286,1.594426],[-75.603646,1.594434],[-75.60392,1.594404],[-75.604133,1.594427],[-75.604348,1.594374],[-75.604706,1.59429],[-75.604903,1.594222],[-75.605141,1.594177],[-75.605476,1.594033],[-75.605698,1.59395],[-75.605835,1.593858],[-75.605957,1.593801],[-75.60604,1.593732],[-75.606125,1.593641],[-75.606254,1.593531],[-75.606422,1.593411],[-75.606475,1.593376],[-75.606644,1.593273],[-75.606757,1.59321],[-75.606926,1.593083],[-75.607017,1.593031],[-75.60717,1.592968],[-75.607376,1.592843],[-75.607582,1.592722],[-75.607743,1.592619],[-75.607803,1.592578],[-75.608101,1.592395],[-75.608284,1.592337],[-75.608636,1.592204],[-75.608986,1.592067],[-75.609177,1.591998],[-75.609321,1.591958],[-75.609421,1.591924],[-75.609497,1.5919],[-75.609573,1.591871],[-75.610129,1.591227],[-75.610741,1.590702],[-75.610954,1.590512],[-75.611061,1.590317],[-75.611138,1.590081],[-75.611068,1.589829],[-75.610992,1.589651],[-75.611061,1.589203],[-75.611129,1.588996],[-75.611214,1.588777],[-75.611283,1.588531],[-75.611412,1.588151],[-75.611511,1.587962],[-75.611672,1.587778],[-75.611885,1.587566],[-75.612191,1.587325],[-75.612449,1.587216],[-75.61264,1.587106],[-75.612777,1.586917],[-75.612846,1.586711],[-75.612892,1.586447],[-75.612976,1.586366],[-75.613389,1.586291],[-75.613755,1.586343],[-75.613869,1.586367],[-75.613876,1.586368],[-75.614172,1.586063],[-75.61422,1.586015],[-75.61425,1.586004],[-75.614296,1.585992],[-75.614326,1.58597],[-75.614365,1.585958],[-75.614395,1.585941],[-75.614433,1.585923],[-75.614471,1.585918],[-75.614525,1.585895],[-75.614578,1.585872],[-75.614616,1.585855],[-75.614647,1.585838],[-75.614708,1.585809],[-75.614815,1.585757],[-75.614899,1.585734],[-75.614998,1.585694],[-75.615082,1.585671],[-75.615173,1.585636],[-75.615242,1.585585],[-75.615334,1.585539],[-75.615395,1.585516],[-75.615517,1.585424],[-75.615578,1.58539],[-75.615677,1.585343],[-75.615723,1.58532],[-75.615807,1.58528],[-75.61589,1.585194],[-75.615998,1.585131],[-75.616111,1.585045],[-75.61625,1.584936],[-75.616379,1.584826],[-75.616501,1.584729],[-75.616661,1.584551],[-75.616768,1.584402],[-75.616844,1.584281],[-75.616943,1.584109],[-75.616989,1.584005],[-75.617058,1.583867],[-75.617142,1.583707],[-75.617241,1.583557],[-75.617325,1.583437],[-75.617378,1.583374],[-75.617515,1.583276],[-75.617615,1.583224],[-75.617752,1.58315],[-75.617867,1.583104],[-75.617989,1.583069],[-75.618103,1.58304],[-75.618241,1.583],[-75.61837,1.582966],[-75.618477,1.582932],[-75.618607,1.582891],[-75.618728,1.582817],[-75.61882,1.58273],[-75.618911,1.582627],[-75.618996,1.582518],[-75.619057,1.582391],[-75.619111,1.582237],[-75.619133,1.582139],[-75.619163,1.582007],[-75.619202,1.581875],[-75.619202,1.58184],[-75.619232,1.581702],[-75.619301,1.581587],[-75.619377,1.581455],[-75.619469,1.581346],[-75.61956,1.58126],[-75.619629,1.581203],[-75.61969,1.58114],[-75.619759,1.581082],[-75.619787,1.581056],[-75.61979,1.581053],[-75.619828,1.581019],[-75.619889,1.580961],[-75.619919,1.580927],[-75.619965,1.580893],[-75.620003,1.580858],[-75.620033,1.580823],[-75.620072,1.580783],[-75.620171,1.580691],[-75.620224,1.58064],[-75.620293,1.580559],[-75.620354,1.580497],[-75.620422,1.580439],[-75.620499,1.580364],[-75.620507,1.58033],[-75.620491,1.580312],[-75.620484,1.580278],[-75.620476,1.580243],[-75.620446,1.580198],[-75.620422,1.580164],[-75.6204,1.580129],[-75.620376,1.580094],[-75.620354,1.58006],[-75.620346,1.580025],[-75.620324,1.579956],[-75.620308,1.579899],[-75.6203,1.579847],[-75.620286,1.579813],[-75.62027,1.579733],[-75.620254,1.579692],[-75.620248,1.579612],[-75.620247,1.579537],[-75.620247,1.579474],[-75.620255,1.579399],[-75.620255,1.579359],[-75.620277,1.579302],[-75.620301,1.579244],[-75.620339,1.579141],[-75.620384,1.579078],[-75.620408,1.579026],[-75.62046,1.578951],[-75.620499,1.5789],[-75.620567,1.578825],[-75.620629,1.578739],[-75.620682,1.578693],[-75.620766,1.578584],[-75.620842,1.578515],[-75.620964,1.578383],[-75.621109,1.578205],[-75.621223,1.578056],[-75.621316,1.577958],[-75.621422,1.577831],[-75.621544,1.577711],[-75.621644,1.577602],[-75.621819,1.577469],[-75.621994,1.577349],[-75.622117,1.577309],[-75.622238,1.577217],[-75.622353,1.577154],[-75.622459,1.577067],[-75.622582,1.576959],[-75.622689,1.576849],[-75.622757,1.576769],[-75.622886,1.57662],[-75.622948,1.576533],[-75.62307,1.576356],[-75.623093,1.576292],[-75.623116,1.576171],[-75.623116,1.576074],[-75.623124,1.575942],[-75.623124,1.575821],[-75.623116,1.575695],[-75.623123,1.575546],[-75.623123,1.575402],[-75.623131,1.575218],[-75.623139,1.575087],[-75.623162,1.574971],[-75.623184,1.574857],[-75.623268,1.574655],[-75.623321,1.574483],[-75.623368,1.574357],[-75.623406,1.574236],[-75.623452,1.574098],[-75.623474,1.574047],[-75.623543,1.573892],[-75.623612,1.573714],[-75.623666,1.573576],[-75.623779,1.573415],[-75.623879,1.573254],[-75.623924,1.573185],[-75.623932,1.573139],[-75.623924,1.57307],[-75.623924,1.572996],[-75.62391,1.572956],[-75.623886,1.572921],[-75.623872,1.572892],[-75.623878,1.572835],[-75.623872,1.572795],[-75.623872,1.57276],[-75.623878,1.572726],[-75.623878,1.572691],[-75.623886,1.572628],[-75.623894,1.572594],[-75.623894,1.572559],[-75.623902,1.572519],[-75.623909,1.572473],[-75.623917,1.572439],[-75.623917,1.57237],[-75.623925,1.572318],[-75.623933,1.572266],[-75.623963,1.572192],[-75.623986,1.572146],[-75.624024,1.572083],[-75.624054,1.572025],[-75.624131,1.571916],[-75.624184,1.571887],[-75.624237,1.571807],[-75.624314,1.571755],[-75.624374,1.571692],[-75.624443,1.571669],[-75.624489,1.571623],[-75.624551,1.571594],[-75.624589,1.571566],[-75.624642,1.571543],[-75.624726,1.571486],[-75.624809,1.571439],[-75.624855,1.571422],[-75.624955,1.571359],[-75.625,1.571319],[-75.625046,1.571273],[-75.625123,1.571227],[-75.625183,1.571204],[-75.62532,1.571101],[-75.625489,1.570963],[-75.62555,1.5709],[-75.625634,1.570842],[-75.625664,1.570791],[-75.625748,1.570699],[-75.625839,1.570595],[-75.6259,1.570509],[-75.625992,1.570389],[-75.626038,1.57032],[-75.626083,1.570233],[-75.626152,1.570107],[-75.626236,1.570003],[-75.62629,1.569894],[-75.626359,1.56978],[-75.626435,1.569624],[-75.626496,1.569538],[-75.626519,1.569487],[-75.626617,1.569343],[-75.626717,1.569263],[-75.626756,1.56924],[-75.626824,1.5692],[-75.626885,1.569177],[-75.626977,1.569142],[-75.62706,1.569102],[-75.627122,1.569085],[-75.627275,1.569027],[-75.627366,1.568982],[-75.627464,1.568929],[-75.627518,1.568849],[-75.627617,1.568752],[-75.627663,1.568648],[-75.627747,1.568493],[-75.627847,1.568338],[-75.627885,1.56824],[-75.627938,1.568143],[-75.628006,1.568011],[-75.62803,1.56793],[-75.628045,1.567861],[-75.628052,1.567798],[-75.628053,1.567586],[-75.628037,1.567459],[-75.628021,1.567384],[-75.627999,1.56735],[-75.627953,1.567293],[-75.627915,1.567235],[-75.627877,1.567178],[-75.627846,1.567115],[-75.6278,1.567057],[-75.627793,1.56696],[-75.627793,1.566822],[-75.627808,1.566776],[-75.627808,1.566724],[-75.627823,1.566678],[-75.627839,1.566615],[-75.627861,1.566575],[-75.6279,1.566489],[-75.627946,1.566397],[-75.627992,1.566282],[-75.628083,1.566115],[-75.628129,1.56607],[-75.628228,1.56596],[-75.628327,1.56588],[-75.628403,1.565857],[-75.628457,1.565828],[-75.628533,1.565794],[-75.628602,1.565771],[-75.628632,1.565771],[-75.628709,1.565771],[-75.628747,1.565771],[-75.628831,1.565788],[-75.628861,1.565771],[-75.628884,1.565758],[-75.628914,1.565696],[-75.628944,1.565633],[-75.629006,1.565506],[-75.62909,1.56534],[-75.629144,1.565179],[-75.629189,1.565047],[-75.629243,1.564886],[-75.629289,1.56476],[-75.629319,1.564679],[-75.629342,1.564599],[-75.629396,1.56445],[-75.629563,1.5636],[-75.629799,1.563824],[-75.630158,1.56426],[-75.630455,1.564668],[-75.630479,1.564702],[-75.630517,1.564725],[-75.630548,1.564749],[-75.630586,1.564771],[-75.630616,1.564783],[-75.630654,1.564817],[-75.630707,1.564869],[-75.630769,1.564955],[-75.630821,1.56499],[-75.630867,1.565047],[-75.630936,1.565099],[-75.631044,1.565156],[-75.631134,1.565237],[-75.631196,1.5653],[-75.631279,1.565375],[-75.631432,1.565506],[-75.631532,1.56557],[-75.631638,1.56561],[-75.631707,1.56565],[-75.631806,1.565673],[-75.63189,1.565736],[-75.632004,1.565782],[-75.632127,1.56584],[-75.632218,1.565902],[-75.632302,1.565971],[-75.632356,1.566024],[-75.63247,1.566081],[-75.632531,1.566115],[-75.632661,1.566167],[-75.632714,1.56619],[-75.632768,1.566213],[-75.632828,1.566236],[-75.632874,1.566265],[-75.632913,1.566288],[-75.632935,1.566322],[-75.633011,1.566425],[-75.633073,1.566494],[-75.633126,1.566529],[-75.63321,1.566609],[-75.633256,1.566632],[-75.633347,1.566695],[-75.633393,1.566724],[-75.633439,1.566758],[-75.633461,1.566793],[-75.633507,1.566827],[-75.633561,1.566913],[-75.633599,1.566936],[-75.633622,1.566982],[-75.633652,1.567017],[-75.633676,1.567051],[-75.633714,1.567074],[-75.633736,1.567109],[-75.633774,1.56712],[-75.633805,1.567131],[-75.633851,1.567166],[-75.633881,1.567178],[-75.633919,1.5672],[-75.633949,1.567212],[-75.633988,1.567235],[-75.634019,1.567258],[-75.634057,1.567298],[-75.634088,1.56731],[-75.634118,1.567344],[-75.634164,1.567373],[-75.634232,1.567419],[-75.634286,1.567453],[-75.634347,1.567517],[-75.634415,1.567586],[-75.634507,1.567677],[-75.634584,1.567757],[-75.634652,1.567815],[-75.63469,1.567861],[-75.634736,1.567895],[-75.634827,1.567976],[-75.634911,1.568045],[-75.635003,1.568119],[-75.635048,1.568165],[-75.635156,1.56824],[-75.635201,1.568274],[-75.635277,1.568349],[-75.635339,1.568407],[-75.635415,1.568469],[-75.635453,1.568504],[-75.635491,1.568562],[-75.635537,1.568613],[-75.635614,1.568706],[-75.635667,1.56874],[-75.63569,1.568774],[-75.635743,1.568831],[-75.635789,1.568918],[-75.635835,1.568998],[-75.635857,1.569033],[-75.635881,1.569078],[-75.635911,1.569159],[-75.635933,1.569199],[-75.635964,1.569233],[-75.635995,1.569268],[-75.636025,1.569302],[-75.636048,1.569337],[-75.636064,1.569371],[-75.636094,1.569406],[-75.636116,1.56944],[-75.636132,1.569475],[-75.63617,1.569509],[-75.636254,1.569555],[-75.636247,1.569589],[-75.636246,1.56963],[-75.636277,1.56967],[-75.636315,1.569716],[-75.636338,1.569756],[-75.636369,1.569842],[-75.636383,1.569888],[-75.636423,1.569951],[-75.636453,1.570032],[-75.636506,1.570147],[-75.636552,1.570227],[-75.63659,1.570313],[-75.636658,1.570399],[-75.636696,1.570463],[-75.63675,1.570554],[-75.636796,1.570612],[-75.636872,1.570704],[-75.636925,1.570738],[-75.636979,1.570801],[-75.637071,1.570894],[-75.637185,1.570996],[-75.637246,1.57106],[-75.637345,1.57114],[-75.637459,1.571238],[-75.637604,1.57133],[-75.637688,1.571353],[-75.637803,1.57145],[-75.637849,1.571479],[-75.637963,1.571537],[-75.63804,1.571588],[-75.6381,1.571623],[-75.638162,1.571668],[-75.638321,1.571789],[-75.638367,1.571835],[-75.638444,1.571904],[-75.638505,1.571938],[-75.638558,1.571961],[-75.638627,1.572031],[-75.638688,1.572059],[-75.638803,1.572151],[-75.638848,1.572174],[-75.638894,1.572209],[-75.63894,1.572231],[-75.639,1.572266],[-75.639054,1.5723],[-75.639092,1.572323],[-75.639138,1.572357],[-75.639191,1.572392],[-75.639253,1.572415],[-75.639306,1.572455],[-75.639352,1.572478],[-75.639398,1.57249],[-75.639436,1.572501],[-75.639474,1.572524],[-75.639504,1.57253],[-75.639527,1.572547],[-75.639565,1.572541],[-75.639634,1.572541],[-75.639695,1.572553],[-75.639726,1.572592],[-75.639779,1.572645],[-75.63981,1.572691],[-75.639856,1.572736],[-75.639916,1.572817],[-75.639962,1.57288],[-75.640085,1.57296],[-75.640168,1.573],[-75.640275,1.573104],[-75.640344,1.57315],[-75.640451,1.573219],[-75.640588,1.573288],[-75.640641,1.573322],[-75.640726,1.573362],[-75.640809,1.573426],[-75.640953,1.573512],[-75.641046,1.573558],[-75.64113,1.573621],[-75.641236,1.573701],[-75.641397,1.573799],[-75.64158,1.573925],[-75.641717,1.574017],[-75.641961,1.574149],[-75.642213,1.574287],[-75.642297,1.574344],[-75.642366,1.574379],[-75.64251,1.574476],[-75.642625,1.57454],[-75.642709,1.574585],[-75.642831,1.574643],[-75.64293,1.574706],[-75.642999,1.574729],[-75.643045,1.574769],[-75.643105,1.574821],[-75.643205,1.574873],[-75.643326,1.574959],[-75.643418,1.575005],[-75.643517,1.575062],[-75.643587,1.575132],[-75.643662,1.575177],[-75.6437,1.575234],[-75.643838,1.57535],[-75.643922,1.575424],[-75.643975,1.57547],[-75.644013,1.57551],[-75.644044,1.575533],[-75.644105,1.575596],[-75.644158,1.57566],[-75.644212,1.575694],[-75.644228,1.575729],[-75.644288,1.575797],[-75.644311,1.575833],[-75.644334,1.575866],[-75.644349,1.575901],[-75.644357,1.575935],[-75.64438,1.575992],[-75.64438,1.576033],[-75.644425,1.576102],[-75.644449,1.576136],[-75.644479,1.576176],[-75.644517,1.576234],[-75.644563,1.576297],[-75.644593,1.576354],[-75.644624,1.576412],[-75.644655,1.576452],[-75.644708,1.57655],[-75.644814,1.576687],[-75.644868,1.576774],[-75.644891,1.576831],[-75.644922,1.576877],[-75.644929,1.576912],[-75.644936,1.576946],[-75.64496,1.577043],[-75.644998,1.57713],[-75.645051,1.577194],[-75.645081,1.577273],[-75.645113,1.57733],[-75.645135,1.577382],[-75.645219,1.577497],[-75.64528,1.577577],[-75.645311,1.577601],[-75.645334,1.577641],[-75.645341,1.577704],[-75.645364,1.577744],[-75.645387,1.57779],[-75.645394,1.577825],[-75.645432,1.577865],[-75.64544,1.577899],[-75.645494,1.577974],[-75.645524,1.577997],[-75.645547,1.578031],[-75.645578,1.5781],[-75.645608,1.578135],[-75.645623,1.578175],[-75.645578,1.578175],[-75.645608,1.578209],[-75.645654,1.578273],[-75.645699,1.578347],[-75.645731,1.578416],[-75.645753,1.578485],[-75.645783,1.578554],[-75.645829,1.578669],[-75.645859,1.578738],[-75.645913,1.578807],[-75.645997,1.57891],[-75.646043,1.578979],[-75.646088,1.579048],[-75.646126,1.579129],[-75.646165,1.579186],[-75.646203,1.57926],[-75.646241,1.579329],[-75.646295,1.579398],[-75.646371,1.579496],[-75.646432,1.579582],[-75.646463,1.579633],[-75.646493,1.579691],[-75.646539,1.579754],[-75.646562,1.579818],[-75.646608,1.579926],[-75.64663,1.580018],[-75.646668,1.580122],[-75.646684,1.580191],[-75.646706,1.580265],[-75.64673,1.580323],[-75.646776,1.58042],[-75.646814,1.580507],[-75.646836,1.580581],[-75.646882,1.580685],[-75.646905,1.580782],[-75.646943,1.58088],[-75.646997,1.581012],[-75.647043,1.581104],[-75.647081,1.581172],[-75.647111,1.581265],[-75.647173,1.581385],[-75.647217,1.581471],[-75.647263,1.581586],[-75.647294,1.581638],[-75.647317,1.581707],[-75.647363,1.581833],[-75.647409,1.581919],[-75.647454,1.582011],[-75.6475,1.58208],[-75.647524,1.582137],[-75.647546,1.582195],[-75.647562,1.582229],[-75.647584,1.58228],[-75.6476,1.582344],[-75.647614,1.582379],[-75.647638,1.582419],[-75.647646,1.582453],[-75.647676,1.582533],[-75.647706,1.582631],[-75.647722,1.582689],[-75.647729,1.58274],[-75.64776,1.582775],[-75.647798,1.582861],[-75.647828,1.582896],[-75.647843,1.58293],[-75.647867,1.58297],[-75.647881,1.583016],[-75.647913,1.583085],[-75.647935,1.583131],[-75.647951,1.583165],[-75.647973,1.583211],[-75.647989,1.583246],[-75.648003,1.58328],[-75.648027,1.583315],[-75.648057,1.583384],[-75.648073,1.583418],[-75.64808,1.583453],[-75.648095,1.583487],[-75.648095,1.583521],[-75.648164,1.583677],[-75.648149,1.583711],[-75.648141,1.583745],[-75.648125,1.58378],[-75.648125,1.583814],[-75.648111,1.583843],[-75.648103,1.583883],[-75.648095,1.583918],[-75.648073,1.583975],[-75.648065,1.584021],[-75.648057,1.584062],[-75.648042,1.584113],[-75.648026,1.584222],[-75.648004,1.584325],[-75.647988,1.584418],[-75.647988,1.584475],[-75.647973,1.584555],[-75.647958,1.584647],[-75.647957,1.584733],[-75.647959,1.584854],[-75.647958,1.584969],[-75.64795,1.585153],[-75.647966,1.585273],[-75.647966,1.585388],[-75.647974,1.585543],[-75.647966,1.585595],[-75.647966,1.585991],[-75.647958,1.58606],[-75.647958,1.586192],[-75.647965,1.586422],[-75.647965,1.586709],[-75.647966,1.586812],[-75.647966,1.586961],[-75.647958,1.587059],[-75.647958,1.58726],[-75.647936,1.587283],[-75.647935,1.587352],[-75.647928,1.587387],[-75.647928,1.587461],[-75.64792,1.587496],[-75.647919,1.587938],[-75.647913,1.587972],[-75.647912,1.58815],[-75.64792,1.588191],[-75.64792,1.5883],[-75.647935,1.588369],[-75.647935,1.588426],[-75.647943,1.588466],[-75.647942,1.588564],[-75.64795,1.588633],[-75.64795,1.588811],[-75.647958,1.588844],[-75.647966,1.588875],[-75.647988,1.588937],[-75.648012,1.588966],[-75.648034,1.589001],[-75.648057,1.589035],[-75.648065,1.58907],[-75.64808,1.589104],[-75.648095,1.589138],[-75.648126,1.589207],[-75.648172,1.589305],[-75.648195,1.589357],[-75.648225,1.589408],[-75.648225,1.589443],[-75.648255,1.589506],[-75.648293,1.589557],[-75.648309,1.589592],[-75.648339,1.589644],[-75.648355,1.589678],[-75.648385,1.589724],[-75.648408,1.589769],[-75.648446,1.589833],[-75.648469,1.589879],[-75.648515,1.589937],[-75.648614,1.590052],[-75.648675,1.590132],[-75.648721,1.590224],[-75.648789,1.590281],[-75.648813,1.590339],[-75.648835,1.59039],[-75.648859,1.590419],[-75.648881,1.59047],[-75.648927,1.590574],[-75.648965,1.590683],[-75.648988,1.590764],[-75.649019,1.590901],[-75.649041,1.59097],[-75.649057,1.591039],[-75.649079,1.591166],[-75.649095,1.59124],[-75.649103,1.591333],[-75.649095,1.591407],[-75.649095,1.591958],[-75.649087,1.59201],[-75.64908,1.592079],[-75.649072,1.592113],[-75.649064,1.592193],[-75.649049,1.59225],[-75.649049,1.592286],[-75.649034,1.59232],[-75.649026,1.592354],[-75.649026,1.592521],[-75.649019,1.592555],[-75.649019,1.592666],[-75.649011,1.5927],[-75.649011,1.592769],[-75.649003,1.592803],[-75.649003,1.592905],[-75.648996,1.592952],[-75.648988,1.59298],[-75.648988,1.593015],[-75.64898,1.593049],[-75.648965,1.593101],[-75.648965,1.593147],[-75.648958,1.593233],[-75.64895,1.593273],[-75.648942,1.593336],[-75.648942,1.593451],[-75.648927,1.593532],[-75.648919,1.593629],[-75.648919,1.593796],[-75.648911,1.593865],[-75.648897,1.59406],[-75.648896,1.594169],[-75.648874,1.594278],[-75.648874,1.594353],[-75.648858,1.594427],[-75.648858,1.594485],[-75.648836,1.594548],[-75.648836,1.594594],[-75.648828,1.594646],[-75.648828,1.594686],[-75.648797,1.594749],[-75.648789,1.594835],[-75.648767,1.594973],[-75.648751,1.595042],[-75.648744,1.595082],[-75.648728,1.595191],[-75.648698,1.595289],[-75.648682,1.595323],[-75.648668,1.595369],[-75.64866,1.595404],[-75.648637,1.595484],[-75.648622,1.595542],[-75.648561,1.595714],[-75.648523,1.595812],[-75.6485,1.595869],[-75.648462,1.595932],[-75.648424,1.596007],[-75.648377,1.596093],[-75.648347,1.59615],[-75.648317,1.596185],[-75.648256,1.596294],[-75.64824,1.596331],[-75.648408,1.596334],[-75.648477,1.596346],[-75.648568,1.596369],[-75.648637,1.596392],[-75.648721,1.596432],[-75.648767,1.596455],[-75.648843,1.596478],[-75.64898,1.596513],[-75.649057,1.596524],[-75.649103,1.596524],[-75.649149,1.596541],[-75.649187,1.596541],[-75.649217,1.596552],[-75.649255,1.596564],[-75.649286,1.596565],[-75.649324,1.596564],[-75.6494,1.596564],[-75.649438,1.59657],[-75.649469,1.59657],[-75.649507,1.596581],[-75.649537,1.596581],[-75.649575,1.596604],[-75.649621,1.596616],[-75.649667,1.596656],[-75.649736,1.59669],[-75.649827,1.596713],[-75.649911,1.596748],[-75.650011,1.596805],[-75.650118,1.596863],[-75.650186,1.596897],[-75.650277,1.596932],[-75.650347,1.596966],[-75.650415,1.597001],[-75.650484,1.597029],[-75.650568,1.597087],[-75.650628,1.597127],[-75.650713,1.597161],[-75.650765,1.597185],[-75.650827,1.59723],[-75.650888,1.597265],[-75.650956,1.597311],[-75.651025,1.597345],[-75.651071,1.597373],[-75.651094,1.597408],[-75.651117,1.597431],[-75.651139,1.597482],[-75.651163,1.597529],[-75.651209,1.597586],[-75.651247,1.597632],[-75.651277,1.597667],[-75.651338,1.597735],[-75.651391,1.59777],[-75.651468,1.597839],[-75.651521,1.597879],[-75.651574,1.597913],[-75.651666,1.597994],[-75.651705,1.598028],[-75.651819,1.598086],[-75.651872,1.598132],[-75.651902,1.598166],[-75.65194,1.598189],[-75.652032,1.598252],[-75.652117,1.598316],[-75.652169,1.59835],[-75.652246,1.598385],[-75.652352,1.598482],[-75.652429,1.598528],[-75.652498,1.598568],[-75.652581,1.598649],[-75.652681,1.598695],[-75.652788,1.598764],[-75.652834,1.598786],[-75.652993,1.59885],[-75.653062,1.598873],[-75.653131,1.598895],[-75.653208,1.598919],[-75.65326,1.598919],[-75.653314,1.59893],[-75.653353,1.598941],[-75.653413,1.598959],[-75.653482,1.598959],[-75.653512,1.598958],[-75.653634,1.598959],[-75.653657,1.598953],[-75.653771,1.599136],[-75.653764,1.599172],[-75.653764,1.599211],[-75.653757,1.599292],[-75.653764,1.599326],[-75.653756,1.599372],[-75.653742,1.599452],[-75.653726,1.599493],[-75.653734,1.599608],[-75.653734,1.599717],[-75.653742,1.599911],[-75.653764,1.600131],[-75.65381,1.600262],[-75.653864,1.600509],[-75.653924,1.60067],[-75.654,1.600831],[-75.654077,1.600929],[-75.654199,1.601078],[-75.654305,1.601262],[-75.65439,1.601376],[-75.654458,1.601428],[-75.654604,1.601549],[-75.654657,1.601578],[-75.654878,1.601721],[-75.65503,1.601819],[-75.655115,1.601899],[-75.655183,1.602014],[-75.655213,1.602111],[-75.655206,1.602267],[-75.655199,1.602353],[-75.655146,1.602524],[-75.65513,1.602634],[-75.655061,1.602801],[-75.655007,1.602956],[-75.65497,1.603013],[-75.654916,1.603151],[-75.654894,1.603214],[-75.65487,1.603277],[-75.65484,1.603312],[-75.654795,1.603352],[-75.654749,1.603392],[-75.654718,1.603433],[-75.654687,1.603415],[-75.654695,1.603444],[-75.654695,1.603628],[-75.654672,1.603702],[-75.65468,1.603784],[-75.65468,1.603886],[-75.654696,1.60392],[-75.654726,1.604001],[-75.654726,1.604081],[-75.654734,1.604127],[-75.65474,1.604162],[-75.654748,1.604219],[-75.654764,1.604254],[-75.654764,1.604311],[-75.654772,1.604346],[-75.654779,1.60438],[-75.654794,1.604443],[-75.654802,1.604478],[-75.654802,1.604599],[-75.654817,1.604633],[-75.654703,1.604587],[-75.654725,1.604633],[-75.654779,1.604656],[-75.654817,1.60469],[-75.65484,1.604765],[-75.654886,1.604828],[-75.654924,1.604897],[-75.65497,1.604983],[-75.655008,1.605064],[-75.655016,1.605098],[-75.655054,1.605219],[-75.655084,1.605293],[-75.655107,1.605356],[-75.655138,1.605431],[-75.655153,1.605511],[-75.655183,1.60558],[-75.655183,1.605644],[-75.655198,1.605758],[-75.655214,1.605827],[-75.655229,1.605896],[-75.655236,1.605948],[-75.655244,1.606005],[-75.655244,1.606223],[-75.655229,1.606333],[-75.655229,1.606764],[-75.655207,1.606827],[-75.655207,1.606884],[-75.655199,1.606959],[-75.655199,1.607005],[-75.655206,1.607114],[-75.655221,1.607194],[-75.655237,1.607229],[-75.655275,1.607252],[-75.655343,1.607303],[-75.655442,1.607349],[-75.655657,1.607349],[-75.655725,1.607344],[-75.655778,1.607349],[-75.655854,1.607349],[-75.655954,1.607361],[-75.656031,1.607361],[-75.656091,1.607349],[-75.656137,1.607338],[-75.656198,1.607326],[-75.656252,1.607315],[-75.656297,1.607303],[-75.656343,1.607286],[-75.656389,1.607269],[-75.656457,1.607258],[-75.656503,1.607251],[-75.65658,1.607228],[-75.656625,1.607217],[-75.656663,1.607206],[-75.656701,1.607188],[-75.656777,1.60716],[-75.656808,1.607136],[-75.656846,1.607114],[-75.656892,1.607096],[-75.65693,1.607079],[-75.656961,1.607062],[-75.657007,1.607039],[-75.657045,1.607004],[-75.657075,1.606982],[-75.657113,1.606964],[-75.657159,1.606947],[-75.65719,1.606936],[-75.657228,1.606919],[-75.657266,1.606884],[-75.657365,1.606827],[-75.657434,1.606787],[-75.657495,1.606746],[-75.657548,1.606706],[-75.657617,1.606671],[-75.657663,1.60666],[-75.657701,1.606648],[-75.657785,1.606648],[-75.657831,1.606631],[-75.657862,1.606625],[-75.657976,1.606625],[-75.658021,1.60662],[-75.658097,1.606591],[-75.658228,1.606557],[-75.658296,1.606533],[-75.65838,1.606505],[-75.658487,1.606448],[-75.658578,1.606396],[-75.65867,1.606344],[-75.658739,1.606292],[-75.658769,1.60627],[-75.658807,1.606246],[-75.658952,1.606201],[-75.659113,1.606085],[-75.659265,1.605948],[-75.659357,1.60585],[-75.65951,1.605706],[-75.659647,1.605609],[-75.659699,1.605551],[-75.659784,1.605448],[-75.659891,1.605339],[-75.659952,1.605259],[-75.659967,1.605224],[-75.660036,1.605103],[-75.660096,1.605011],[-75.660112,1.60496],[-75.660142,1.604914],[-75.660189,1.604788],[-75.660219,1.604701],[-75.660241,1.60461],[-75.660303,1.604432],[-75.66034,1.604363],[-75.660402,1.604218],[-75.660455,1.604105],[-75.660509,1.604024],[-75.660592,1.603949],[-75.660638,1.603903],[-75.66073,1.60384],[-75.660807,1.6038],[-75.66086,1.603777],[-75.66089,1.603777],[-75.660952,1.60376],[-75.661035,1.603737],[-75.661081,1.603725],[-75.661111,1.603714],[-75.661157,1.603708],[-75.661226,1.603696],[-75.661439,1.603696],[-75.661531,1.603702],[-75.66163,1.603737],[-75.661745,1.603748],[-75.661821,1.603771],[-75.661867,1.603782],[-75.661966,1.603817],[-75.662027,1.603846],[-75.662149,1.603914],[-75.662225,1.603949],[-75.662271,1.603983],[-75.662317,1.604029],[-75.662409,1.604092],[-75.662478,1.604138],[-75.6625,1.604173],[-75.662614,1.60434],[-75.66266,1.604449],[-75.662714,1.604655],[-75.662752,1.604765],[-75.662805,1.604897],[-75.662843,1.604994],[-75.662889,1.605092],[-75.662943,1.60523],[-75.662981,1.605299],[-75.663003,1.605333],[-75.663042,1.605355],[-75.663072,1.605397],[-75.66311,1.605499],[-75.663164,1.60562],[-75.66321,1.605758],[-75.663248,1.605867],[-75.663278,1.606028],[-75.663308,1.606114],[-75.663346,1.606183],[-75.663378,1.606252],[-75.6634,1.606332],[-75.663431,1.606361],[-75.663438,1.606401],[-75.663484,1.60647],[-75.663553,1.606504],[-75.663583,1.606516],[-75.663591,1.606551],[-75.663607,1.606631],[-75.663615,1.606665],[-75.663629,1.606734],[-75.663637,1.606769],[-75.663653,1.606832],[-75.663683,1.606912],[-75.663705,1.606947],[-75.663721,1.606993],[-75.663767,1.60705],[-75.66385,1.607125],[-75.663958,1.607194],[-75.664018,1.607228],[-75.664332,1.607228],[-75.66437,1.607234],[-75.664698,1.607234],[-75.664736,1.607245],[-75.664789,1.607257],[-75.664835,1.607274],[-75.664881,1.607274],[-75.664919,1.607297],[-75.664957,1.607308],[-75.665034,1.60732],[-75.665072,1.60732],[-75.665102,1.607332],[-75.66514,1.607337],[-75.665171,1.60736],[-75.665217,1.607383],[-75.665285,1.607423],[-75.6654,1.607492],[-75.665468,1.607538],[-75.665506,1.607584],[-75.66556,1.60763],[-75.665697,1.607701],[-75.665751,1.607737],[-75.665758,1.607839],[-75.665765,1.607895],[-75.665781,1.607973],[-75.665781,1.60801],[-75.665789,1.608046],[-75.665797,1.608089],[-75.665835,1.608204],[-75.665903,1.608425],[-75.665911,1.608462],[-75.665925,1.608503],[-75.665925,1.60854],[-75.665933,1.608577],[-75.665941,1.608639],[-75.665964,1.608689],[-75.665987,1.608824],[-75.666033,1.608954],[-75.666063,1.608954],[-75.666132,1.608955],[-75.66617,1.608955],[-75.666208,1.608974],[-75.666284,1.60903],[-75.666421,1.609119],[-75.666452,1.609119],[-75.66649,1.609144],[-75.666521,1.609169],[-75.666574,1.609207],[-75.666582,1.609251],[-75.666612,1.609301],[-75.666612,1.609338],[-75.666642,1.609376],[-75.66665,1.609413],[-75.666674,1.609463],[-75.666704,1.609557],[-75.666734,1.609608],[-75.666758,1.609645],[-75.666765,1.609683],[-75.66678,1.609721],[-75.666826,1.609771],[-75.666865,1.609771],[-75.666895,1.609772],[-75.666933,1.609784],[-75.666963,1.609785],[-75.666994,1.609785],[-75.66704,1.609785],[-75.667078,1.609811],[-75.667116,1.609836],[-75.667162,1.60988],[-75.6672,1.609949],[-75.667215,1.609986],[-75.667238,1.610024],[-75.667238,1.610074],[-75.667246,1.610131],[-75.667261,1.610188],[-75.667276,1.610225],[-75.667292,1.610276],[-75.667284,1.610332],[-75.667284,1.610419],[-75.667299,1.61047],[-75.667306,1.610532],[-75.667314,1.610614],[-75.667292,1.610683],[-75.667261,1.610783],[-75.667238,1.610945],[-75.667207,1.611063],[-75.667193,1.611144],[-75.667223,1.611188],[-75.667284,1.611263],[-75.667337,1.611307],[-75.667383,1.611344],[-75.667444,1.611401],[-75.667581,1.611488],[-75.667665,1.611587],[-75.667727,1.611675],[-75.667757,1.611687],[-75.667787,1.611723],[-75.667826,1.611779],[-75.667894,1.611822],[-75.667918,1.611858],[-75.667956,1.611901],[-75.668032,1.612],[-75.66807,1.612055],[-75.668131,1.612171],[-75.668261,1.612287],[-75.668314,1.612311],[-75.668368,1.612336],[-75.66842,1.612348],[-75.668482,1.612385],[-75.668535,1.612409],[-75.668581,1.612445],[-75.668635,1.612531],[-75.668703,1.612627],[-75.668756,1.612646],[-75.668794,1.612681],[-75.668802,1.612717],[-75.668832,1.612754],[-75.668886,1.612778],[-75.668932,1.612814],[-75.668978,1.612874],[-75.669023,1.61291],[-75.669077,1.612933],[-75.669115,1.612969],[-75.669161,1.612993],[-75.669191,1.613053],[-75.669207,1.613088],[-75.669237,1.61313],[-75.669276,1.613153],[-75.669298,1.613189],[-75.669344,1.613225],[-75.669352,1.613239],[-75.668802,1.613576],[-75.663504,1.616816],[-75.661292,1.617898],[-75.659631,1.617902],[-75.659555,1.617942],[-75.659494,1.618],[-75.659432,1.618086],[-75.659357,1.618188],[-75.659265,1.618287],[-75.659181,1.618355],[-75.659074,1.618424],[-75.658967,1.618499],[-75.658876,1.618528],[-75.658754,1.618556],[-75.658639,1.618562],[-75.658517,1.61855],[-75.658388,1.618533],[-75.658289,1.618498],[-75.658213,1.618469],[-75.658113,1.618424],[-75.658006,1.618372],[-75.657907,1.618262],[-75.657823,1.618205],[-75.657747,1.618165],[-75.657655,1.618119],[-75.657594,1.618096],[-75.657503,1.618079],[-75.657289,1.618084],[-75.65716,1.618142],[-75.656922,1.618256],[-75.656739,1.618411],[-75.656618,1.618686],[-75.656541,1.618807],[-75.656404,1.618922],[-75.656252,1.619014],[-75.656045,1.619008],[-75.655938,1.618979],[-75.655855,1.618933],[-75.655763,1.618847],[-75.655641,1.618755],[-75.655481,1.618738],[-75.655275,1.618749],[-75.655076,1.618766],[-75.654955,1.618806],[-75.654756,1.618944],[-75.654665,1.619047],[-75.654482,1.619236],[-75.654268,1.619684],[-75.654153,1.619765],[-75.653962,1.619863],[-75.653757,1.619903],[-75.653574,1.619954],[-75.653383,1.620046],[-75.653238,1.620137],[-75.652918,1.620316],[-75.652779,1.620401],[-75.652582,1.620545],[-75.652399,1.620677],[-75.652261,1.620803],[-75.652093,1.620924],[-75.651903,1.621038],[-75.651735,1.62113],[-75.651513,1.621279],[-75.651392,1.621411],[-75.651269,1.621584],[-75.651201,1.621676],[-75.651102,1.621842],[-75.65101,1.621968],[-75.650925,1.622037],[-75.650842,1.6221],[-75.650086,1.622267],[-75.649881,1.622243],[-75.649766,1.622203],[-75.649629,1.62214],[-75.649407,1.622087],[-75.649133,1.622082],[-75.648888,1.622087],[-75.648683,1.622093],[-75.648423,1.62211],[-75.648301,1.622144],[-75.648111,1.622282],[-75.647942,1.622443],[-75.647783,1.622518],[-75.647562,1.622512],[-75.647416,1.622489],[-75.647264,1.622471],[-75.647111,1.622466],[-75.646943,1.622454],[-75.646752,1.622448],[-75.646661,1.622448],[-75.646593,1.622453],[-75.646279,1.622625],[-75.646241,1.622436],[-75.645891,1.622499],[-75.645585,1.622505],[-75.645455,1.622493],[-75.64531,1.622326],[-75.645089,1.622269],[-75.644982,1.622303],[-75.64483,1.622458],[-75.644601,1.622751],[-75.644471,1.622957],[-75.644273,1.623003],[-75.644143,1.622785],[-75.643922,1.622486],[-75.643777,1.622543],[-75.643464,1.622836],[-75.643281,1.622807],[-75.64309,1.622445],[-75.642847,1.622169],[-75.642236,1.622071],[-75.641916,1.621847],[-75.641587,1.621451],[-75.641183,1.621168],[-75.640596,1.620973],[-75.640138,1.621126],[-75.640077,1.621145],[-75.63998,1.621151]]]},"properties":{"nombre_ver":"SANTO DOMINGO","codigo_ver":"18001038","nomb_mpio":"FLORENCIA","nom_dep":"CAQUETÁ","area_ha":2081.04,"meta_ae":1835,"meta_fb":173,"anio":2030}}]}